user_id,plan_tier,monthly_fee,total_spend_60d,days_since_last_session,sessions_recent_14d,sessions_previous_14d,session_drop_pct,total_events_60d,core_feature_usage_count,avg_session_duration_minutes,avg_session_gap_days,support_ticket_count,unresolved_tickets,churn_label
1001,Basic,29.0,58.0,16,0,9,100.0,119,28,31.24,1.77,1,1,1
1002,Pro,99.0,198.0,2,3,2,-50.0,98,22,21.22,3.35,1,0,0
1003,Basic,29.0,58.0,1,12,10,-20.0,225,46,24.94,1.18,0,0,0
1004,Basic,29.0,58.0,28,0,0,0.0,109,30,25.04,1.3,1,0,0
1005,Pro,99.0,198.0,6,6,6,0.0,131,31,22.59,1.65,0,0,0
1006,Basic,29.0,107.0,22,0,5,100.0,112,29,25.08,1.53,1,0,1
1007,Pro,99.0,198.0,0,8,10,20.0,212,47,26.93,1.31,0,0,0
1008,Basic,29.0,58.0,1,10,11,9.09,208,43,21.89,1.19,0,0,0
1009,Basic,29.0,207.0,1,5,6,16.67,141,44,27.69,2.06,1,1,0
1010,Basic,29.0,58.0,0,10,11,9.09,192,42,23.16,1.35,1,0,0
1011,Pro,99.0,247.0,0,13,13,0.0,238,66,24.88,1.17,0,0,0
1012,Basic,29.0,58.0,0,15,12,-25.0,252,63,24.45,1.06,0,0,0
1013,Basic,29.0,58.0,2,2,4,50.0,145,37,24.53,1.97,1,0,0
1014,Basic,29.0,58.0,8,2,5,60.0,118,40,26.52,1.96,0,0,0
1015,Pro,99.0,198.0,1,12,10,-20.0,194,43,23.5,1.47,0,0,0
1016,Pro,99.0,198.0,2,8,6,-33.33,152,25,21.56,1.63,0,0,0
1017,Basic,29.0,58.0,12,2,9,77.78,156,35,28.06,1.39,1,1,0
1018,Enterprise,299.0,598.0,3,4,6,33.33,123,35,27.1,1.92,0,0,0
1019,Basic,29.0,58.0,0,14,8,-75.0,198,46,21.57,1.26,0,0,0
1020,Pro,99.0,347.0,0,19,11,-72.73,246,54,28.57,1.14,0,0,0
1021,Basic,29.0,58.0,1,11,11,0.0,247,58,23.75,1.16,0,0,0
1022,Basic,29.0,58.0,18,0,5,100.0,140,27,22.87,1.36,1,1,0
1023,Basic,29.0,58.0,6,2,2,0.0,108,26,23.55,2.77,0,0,0
1024,Basic,29.0,58.0,2,4,5,20.0,131,34,25.73,1.98,1,0,0
1025,Pro,99.0,297.0,0,14,10,-40.0,246,62,24.22,1.11,0,0,0
1026,Enterprise,299.0,747.0,1,3,2,-50.0,117,30,27.16,2.41,0,0,0
1027,Enterprise,299.0,598.0,19,0,6,100.0,124,32,27.19,1.3,1,1,1
1028,Pro,99.0,198.0,6,2,8,75.0,94,26,19.13,2.28,1,1,1
1029,Basic,29.0,58.0,0,13,13,0.0,246,70,18.13,1.09,0,0,0
1030,Basic,29.0,306.0,0,14,9,-55.56,236,75,21.31,1.27,0,0,0
1031,Basic,29.0,157.0,0,11,10,-10.0,225,56,25.35,1.25,0,0,0
1032,Pro,99.0,347.0,1,12,9,-33.33,207,68,24.38,1.24,0,0,0
1033,Basic,29.0,58.0,1,3,1,-200.0,134,41,26.07,2.25,0,0,0
1034,Basic,29.0,58.0,0,6,2,-200.0,134,29,21.85,2.27,0,0,0
1035,Basic,29.0,77.0,15,0,7,100.0,167,43,24.56,1.26,1,1,1
1036,Pro,99.0,198.0,0,11,11,0.0,211,61,26.15,1.3,0,0,0
1037,Basic,29.0,58.0,15,0,3,100.0,69,18,23.44,2.76,0,0,0
1038,Pro,99.0,198.0,3,1,4,75.0,71,12,22.94,3.53,0,0,0
1039,Pro,99.0,198.0,3,10,11,9.09,210,40,26.15,1.19,0,0,0
1040,Basic,29.0,58.0,3,6,17,64.71,204,65,19.51,1.13,0,0,0
1041,Enterprise,299.0,697.0,6,7,2,-250.0,136,30,24.52,2.05,1,0,0
1042,Basic,29.0,58.0,1,10,11,9.09,203,57,26.91,1.27,1,0,0
1043,Basic,29.0,107.0,1,9,12,25.0,228,60,23.16,1.17,0,0,0
1044,Pro,99.0,347.0,0,3,4,25.0,82,31,24.9,2.91,1,0,0
1045,Enterprise,299.0,598.0,0,12,12,0.0,249,65,23.7,1.11,0,0,0
1046,Basic,29.0,58.0,21,0,2,100.0,86,13,20.65,2.39,0,0,1
1047,Pro,99.0,297.0,5,4,2,-100.0,109,28,25.07,2.06,0,0,1
1048,Pro,99.0,198.0,0,13,14,7.14,264,83,23.98,1.06,0,0,0
1049,Pro,99.0,198.0,0,12,12,0.0,206,54,27.2,1.19,0,0,0
1050,Basic,29.0,176.0,0,11,11,0.0,218,56,23.31,1.25,0,0,0
1051,Basic,29.0,58.0,2,5,5,0.0,116,26,21.7,2.13,0,0,0
1052,Basic,29.0,58.0,1,4,1,-300.0,64,11,23.0,3.59,0,0,0
1053,Enterprise,299.0,598.0,0,10,12,16.67,197,46,24.53,1.41,0,0,0
1054,Basic,29.0,58.0,0,6,4,-50.0,142,47,25.3,2.04,0,0,0
1055,Basic,29.0,58.0,0,14,10,-40.0,263,66,20.98,1.21,0,0,0
1056,Basic,29.0,58.0,1,6,10,40.0,187,41,20.54,1.44,0,0,0
1057,Enterprise,299.0,598.0,4,4,2,-100.0,107,25,26.28,2.29,0,0,0
1058,Pro,99.0,198.0,24,0,2,100.0,119,23,22.68,1.44,1,1,0
1059,Pro,99.0,198.0,0,12,11,-9.09,207,61,24.63,1.41,0,0,0
1060,Enterprise,299.0,598.0,2,1,1,0.0,96,16,25.21,3.15,0,0,0
1061,Pro,99.0,247.0,29,0,0,0.0,123,34,29.2,1.23,2,1,1
1062,Basic,29.0,58.0,0,14,10,-40.0,210,56,21.04,1.27,0,0,0
1063,Basic,29.0,58.0,0,12,9,-33.33,186,42,27.2,1.28,0,0,0
1064,Pro,99.0,198.0,16,0,4,100.0,138,30,24.2,1.79,0,0,1
1065,Basic,29.0,207.0,0,6,8,25.0,155,47,23.59,1.9,0,0,0
1066,Basic,29.0,77.0,0,11,14,21.43,261,52,24.57,1.14,0,0,0
1067,Basic,29.0,58.0,0,13,12,-8.33,202,44,22.68,1.28,1,0,0
1068,Enterprise,299.0,598.0,1,8,12,33.33,197,64,24.6,1.37,0,0,0
1069,Pro,99.0,198.0,0,2,2,0.0,115,38,23.96,2.44,0,0,0
1070,Basic,29.0,58.0,10,2,3,33.33,132,40,22.93,1.83,1,1,1
1071,Enterprise,299.0,598.0,0,13,12,-8.33,235,57,25.08,1.26,0,0,0
1072,Basic,29.0,58.0,0,11,13,15.38,226,63,23.67,1.26,0,0,0
1073,Basic,29.0,107.0,0,10,11,9.09,172,46,23.81,1.44,0,0,0
1074,Pro,99.0,198.0,3,4,7,42.86,126,29,23.3,2.17,0,0,0
1075,Basic,29.0,58.0,0,14,13,-7.69,250,72,22.43,1.05,0,0,0
1076,Enterprise,299.0,647.0,0,9,12,25.0,212,51,22.64,1.32,0,0,0
1077,Basic,29.0,58.0,1,12,15,20.0,240,64,24.3,1.12,0,0,0
1078,Enterprise,299.0,747.0,5,5,12,58.33,176,37,24.59,1.42,0,0,0
1079,Pro,99.0,198.0,4,6,9,33.33,160,40,26.32,1.53,0,0,0
1080,Basic,29.0,207.0,0,6,3,-100.0,114,35,20.18,2.72,1,0,0
1081,Basic,29.0,58.0,3,1,5,80.0,98,23,20.09,2.57,1,0,1
1082,Pro,99.0,198.0,0,3,3,0.0,82,22,23.37,3.04,0,0,0
1083,Basic,29.0,58.0,12,2,11,81.82,167,47,26.22,1.31,1,1,1
1084,Basic,29.0,157.0,0,11,10,-10.0,226,62,25.65,1.26,0,0,0
1085,Basic,29.0,58.0,5,2,3,33.33,96,18,27.09,2.4,0,0,0
1086,Pro,99.0,198.0,1,11,14,21.43,232,67,22.55,1.14,0,0,0
1087,Pro,99.0,198.0,0,12,14,14.29,210,48,28.29,1.25,1,0,0
1088,Pro,99.0,198.0,0,15,11,-36.36,184,47,22.47,1.4,0,0,0
1089,Pro,99.0,198.0,0,9,8,-12.5,212,43,26.16,1.21,0,0,0
1090,Enterprise,299.0,598.0,0,11,12,8.33,207,55,23.78,1.33,0,0,0
1091,Basic,29.0,58.0,0,14,13,-7.69,234,59,23.72,1.13,0,0,0
1092,Enterprise,299.0,598.0,18,0,2,100.0,90,28,25.9,2.01,2,1,1
1093,Basic,29.0,58.0,2,2,6,66.67,99,24,29.05,2.65,0,0,0
1094,Pro,99.0,198.0,11,1,5,80.0,118,31,24.96,1.87,0,0,0
1095,Pro,99.0,495.0,0,13,14,7.14,207,49,24.52,1.15,0,0,0
1096,Basic,29.0,58.0,29,0,0,0.0,108,24,26.43,1.36,1,1,1
1097,Enterprise,299.0,716.0,19,0,3,100.0,62,11,25.43,3.07,0,0,0
1098,Basic,29.0,58.0,0,9,18,50.0,246,57,21.4,1.15,0,0,0
1099,Pro,99.0,198.0,26,0,2,100.0,128,34,23.3,1.23,1,1,0
1100,Enterprise,299.0,846.0,16,0,2,100.0,86,21,25.67,2.15,0,0,0
1101,Pro,99.0,198.0,3,12,6,-100.0,182,37,21.05,1.43,0,0,0
1102,Basic,29.0,58.0,10,1,10,90.0,142,44,21.35,1.57,1,1,0
1103,Pro,99.0,198.0,1,12,13,7.69,224,59,26.27,1.21,0,0,0
1104,Basic,29.0,58.0,2,4,6,33.33,106,29,27.67,2.48,0,0,0
1105,Basic,29.0,58.0,0,11,10,-10.0,248,66,23.2,1.2,0,0,0
1106,Pro,99.0,198.0,1,3,1,-200.0,96,31,27.91,2.76,0,0,0
1107,Pro,99.0,366.0,2,10,9,-11.11,198,40,25.07,1.29,0,0,0
1108,Pro,99.0,297.0,1,8,7,-14.29,190,54,22.93,1.39,0,0,0
1109,Basic,29.0,58.0,2,3,5,40.0,89,15,23.76,2.87,0,0,0
1110,Pro,99.0,198.0,8,2,10,80.0,155,43,23.2,1.51,1,1,0
1111,Pro,99.0,198.0,3,3,7,57.14,147,37,21.5,1.94,0,0,0
1112,Basic,29.0,58.0,0,12,13,7.69,203,56,24.55,1.24,0,0,0
1113,Basic,29.0,58.0,1,9,14,35.71,195,55,24.2,1.25,1,0,0
1114,Enterprise,299.0,598.0,1,9,10,10.0,174,34,23.19,1.41,0,0,0
1115,Enterprise,299.0,598.0,1,2,1,-100.0,131,39,22.7,2.21,1,0,0
1116,Pro,99.0,198.0,4,3,7,57.14,138,40,23.13,1.83,0,0,0
1117,Pro,99.0,247.0,0,13,8,-62.5,196,52,21.38,1.33,0,0,0
1118,Basic,29.0,58.0,1,4,7,42.86,156,36,24.77,1.64,0,0,1
1119,Basic,29.0,176.0,1,12,11,-9.09,242,65,20.63,1.1,0,0,0
1120,Pro,99.0,198.0,0,9,10,10.0,179,59,21.07,1.35,0,0,0
1121,Enterprise,299.0,598.0,17,0,6,100.0,117,29,25.34,1.5,1,1,1
1122,Enterprise,299.0,598.0,0,10,9,-11.11,198,46,24.93,1.36,1,0,0
1123,Basic,29.0,157.0,15,0,13,100.0,134,28,23.61,1.65,1,0,1
1124,Basic,29.0,58.0,0,3,9,66.67,141,42,26.13,1.97,2,2,0
1125,Enterprise,299.0,598.0,15,0,9,100.0,146,36,24.7,1.46,1,1,1
1126,Basic,29.0,58.0,2,9,11,18.18,207,51,25.15,1.2,0,0,0
1127,Enterprise,299.0,598.0,6,7,11,36.36,207,49,21.16,1.23,0,0,0
1128,Basic,29.0,58.0,2,1,4,75.0,124,34,20.07,2.1,0,0,0
1129,Enterprise,299.0,747.0,0,2,3,33.33,102,24,24.0,2.96,0,0,0
1130,Pro,99.0,347.0,0,8,12,33.33,240,55,22.55,1.18,0,0,0
1131,Pro,99.0,198.0,25,0,1,100.0,74,23,29.94,2.03,1,1,1
1132,Basic,29.0,77.0,3,5,6,16.67,119,29,23.24,2.33,0,0,0
1133,Enterprise,299.0,598.0,20,0,3,100.0,54,14,27.77,3.12,0,0,0
1134,Pro,99.0,198.0,2,4,9,55.56,165,37,23.12,1.68,0,0,0
1135,Basic,29.0,58.0,0,15,10,-50.0,223,58,23.96,1.16,0,0,0
1136,Pro,99.0,347.0,5,2,10,80.0,127,36,26.8,1.79,0,0,0
1137,Enterprise,299.0,598.0,23,0,4,100.0,114,33,24.54,1.56,1,1,0
1138,Pro,99.0,236.0,1,4,7,42.86,140,28,20.69,1.87,0,0,0
1139,Pro,99.0,198.0,11,2,2,0.0,88,22,21.86,2.39,0,0,0
1140,Pro,99.0,198.0,5,6,12,50.0,214,53,24.78,1.22,0,0,0
1141,Enterprise,299.0,598.0,1,10,12,16.67,201,48,25.56,1.32,0,0,0
1142,Basic,29.0,58.0,2,12,11,-9.09,241,50,22.56,1.06,0,0,0
1143,Pro,99.0,198.0,0,10,14,28.57,230,61,20.08,1.21,0,0,0
1144,Basic,29.0,58.0,6,2,7,71.43,127,33,24.59,2.05,0,0,0
1145,Basic,29.0,58.0,7,3,2,-50.0,136,26,21.47,1.64,1,0,0
1146,Basic,29.0,96.0,1,11,13,15.38,250,65,22.6,1.14,0,0,0
1147,Pro,99.0,644.0,0,10,17,41.18,217,61,21.7,1.21,0,0,0
1148,Basic,29.0,58.0,8,2,9,77.78,132,27,23.41,1.54,0,0,0
1149,Pro,99.0,347.0,0,9,10,10.0,185,42,26.37,1.4,0,0,0
1150,Pro,99.0,198.0,1,9,14,35.71,237,59,22.26,1.18,0,0,0
1151,Basic,29.0,157.0,10,1,6,83.33,91,14,20.76,2.46,0,0,0
1152,Pro,99.0,198.0,1,2,1,-100.0,129,28,23.28,2.0,0,0,0
1153,Pro,99.0,198.0,13,1,8,87.5,116,26,22.39,1.66,1,1,0
1154,Pro,99.0,347.0,0,11,10,-10.0,227,65,24.98,1.23,0,0,0
1155,Pro,99.0,446.0,2,10,11,9.09,207,51,25.9,1.15,0,0,0
1156,Basic,29.0,77.0,2,10,12,16.67,198,54,24.1,1.35,1,0,0
1157,Basic,29.0,207.0,21,0,3,100.0,115,34,30.09,1.81,1,0,0
1158,Pro,99.0,198.0,3,4,5,20.0,106,24,23.04,2.45,1,0,0
1159,Basic,29.0,58.0,0,10,12,16.67,196,50,21.48,1.37,0,0,0
1160,Basic,29.0,58.0,0,9,13,30.77,230,67,24.51,1.13,0,0,0
1161,Pro,99.0,247.0,1,2,3,33.33,123,27,22.22,2.22,0,0,0
1162,Pro,99.0,217.0,1,10,11,9.09,191,39,23.71,1.3,0,0,0
1163,Enterprise,299.0,598.0,0,4,3,-33.33,122,36,24.58,2.58,0,0,1
1164,Pro,99.0,198.0,2,4,2,-100.0,74,12,23.94,3.48,1,0,0
1165,Basic,29.0,58.0,0,12,13,7.69,206,57,23.85,1.29,1,0,0
1166,Basic,29.0,58.0,3,3,7,57.14,115,28,22.93,1.91,0,0,0
1167,Basic,29.0,157.0,0,10,8,-25.0,194,35,23.49,1.47,0,0,0
1168,Basic,29.0,156.0,0,12,12,0.0,222,55,24.52,1.24,0,0,0
1169,Enterprise,299.0,716.0,8,4,7,42.86,140,27,25.87,1.76,0,0,0
1170,Basic,29.0,157.0,2,14,11,-27.27,194,61,22.72,1.36,0,0,0
1171,Basic,29.0,306.0,5,6,12,50.0,134,37,20.57,1.6,0,0,0
1172,Basic,29.0,157.0,0,8,9,11.11,181,58,26.4,1.42,0,0,0
1173,Basic,29.0,157.0,3,5,4,-25.0,97,24,29.43,2.82,0,0,0
1174,Pro,99.0,198.0,0,8,9,11.11,195,41,24.48,1.34,0,0,0
1175,Basic,29.0,157.0,5,3,8,62.5,131,36,22.17,1.94,0,0,0
1176,Pro,99.0,198.0,9,1,6,83.33,147,39,21.44,1.52,1,1,0
1177,Pro,99.0,198.0,0,8,15,46.67,176,47,22.85,1.48,0,0,0
1178,Basic,29.0,58.0,8,2,7,71.43,120,28,20.31,2.0,0,0,0
1179,Basic,29.0,206.0,2,2,6,66.67,112,25,30.0,2.71,1,1,0
1180,Enterprise,299.0,598.0,8,6,2,-200.0,104,26,25.83,1.96,0,0,0
1181,Basic,29.0,107.0,0,3,5,40.0,107,25,18.0,2.55,0,0,0
1182,Basic,29.0,58.0,6,3,4,25.0,112,34,22.92,2.17,0,0,0
1183,Enterprise,299.0,598.0,1,9,9,0.0,188,49,26.5,1.36,0,0,0
1184,Enterprise,299.0,697.0,14,0,7,100.0,93,23,24.7,2.01,1,1,1
1185,Basic,29.0,77.0,0,7,13,46.15,215,56,22.17,1.31,0,0,0
1186,Basic,29.0,226.0,0,14,11,-27.27,189,40,23.91,1.29,0,0,0
1187,Basic,29.0,58.0,13,1,5,80.0,85,30,21.48,2.29,0,0,0
1188,Basic,29.0,58.0,0,14,7,-100.0,179,44,28.07,1.37,1,0,0
1189,Pro,99.0,198.0,3,14,13,-7.69,251,64,24.34,1.02,0,0,0
1190,Pro,99.0,347.0,0,15,14,-7.14,217,63,23.3,1.13,1,1,0
1191,Basic,29.0,77.0,8,1,4,75.0,114,24,19.96,2.08,0,0,0
1192,Pro,99.0,198.0,16,0,8,100.0,151,43,24.97,1.19,1,1,1
1193,Pro,99.0,198.0,7,2,3,33.33,81,23,21.47,2.77,0,0,0
1194,Basic,29.0,58.0,0,11,11,0.0,225,54,25.34,1.28,0,0,0
1195,Pro,99.0,198.0,8,3,3,0.0,114,27,22.21,1.84,0,0,0
1196,Enterprise,299.0,598.0,2,12,13,7.69,259,64,23.91,1.05,0,0,0
1197,Basic,29.0,107.0,13,1,5,80.0,79,22,24.06,2.71,0,0,0
1198,Basic,29.0,58.0,21,0,4,100.0,132,37,22.33,1.48,1,0,0
1199,Enterprise,299.0,598.0,0,10,11,9.09,228,67,23.51,1.34,0,0,0
1200,Pro,99.0,247.0,3,4,4,0.0,109,27,26.77,2.69,0,0,0
1201,Basic,29.0,58.0,13,1,15,93.33,150,34,24.97,1.43,1,1,0
1202,Pro,99.0,198.0,2,4,3,-33.33,80,25,26.22,3.27,0,0,0
1203,Basic,29.0,58.0,20,0,5,100.0,94,22,25.09,1.75,2,1,0
1204,Basic,29.0,58.0,1,13,10,-30.0,199,51,24.65,1.37,0,0,0
1205,Enterprise,299.0,598.0,1,11,8,-37.5,196,45,23.89,1.29,0,0,0
1206,Basic,29.0,393.0,11,1,2,50.0,94,21,23.6,2.51,1,0,0
1207,Enterprise,299.0,598.0,14,0,5,100.0,94,33,27.82,2.12,0,0,0
1208,Pro,99.0,198.0,0,12,12,0.0,209,52,25.78,1.18,0,0,0
1209,Basic,29.0,107.0,1,10,8,-25.0,163,31,22.81,1.41,0,0,0
1210,Pro,99.0,297.0,3,4,3,-33.33,87,25,20.86,2.78,0,0,0
1211,Pro,99.0,198.0,0,10,7,-42.86,171,43,22.38,1.76,0,0,0
1212,Basic,29.0,77.0,0,14,11,-27.27,217,57,21.81,1.23,0,0,0
1213,Basic,29.0,58.0,2,3,3,0.0,95,23,24.82,2.73,0,0,0
1214,Basic,29.0,58.0,32,0,0,0.0,68,11,26.93,1.86,1,1,1
1215,Basic,29.0,58.0,0,11,9,-22.22,209,47,24.53,1.28,0,0,0
1216,Basic,29.0,207.0,1,5,5,0.0,126,42,21.67,2.2,0,0,0
1217,Pro,99.0,217.0,0,13,8,-62.5,198,57,23.0,1.2,0,0,0
1218,Basic,29.0,157.0,15,0,6,100.0,95,19,24.19,2.19,0,0,0
1219,Basic,29.0,207.0,2,4,2,-100.0,134,28,25.61,2.07,0,0,0
1220,Pro,99.0,297.0,0,11,10,-10.0,179,56,27.72,1.53,0,0,0
1221,Basic,29.0,58.0,10,2,7,71.43,113,31,21.35,1.98,1,1,1
1222,Basic,29.0,58.0,0,10,13,23.08,205,46,25.5,1.37,0,0,0
1223,Pro,99.0,198.0,26,0,1,100.0,111,32,25.12,1.44,1,1,1
1224,Enterprise,299.0,647.0,5,5,8,37.5,129,26,24.35,2.07,0,0,1
1225,Basic,29.0,58.0,1,10,12,16.67,217,45,22.64,1.24,0,0,0
1226,Pro,99.0,198.0,2,3,8,62.5,93,19,17.59,2.74,1,0,0
1227,Basic,29.0,58.0,28,0,0,0.0,80,28,20.68,1.73,1,1,0
1228,Basic,29.0,58.0,0,15,13,-15.38,250,61,24.83,1.12,0,0,0
1229,Basic,29.0,107.0,0,13,12,-8.33,263,70,22.76,1.16,0,0,0
1230,Basic,29.0,58.0,1,9,8,-12.5,165,49,25.2,1.5,1,0,0
1231,Basic,29.0,356.0,4,3,4,25.0,113,34,26.18,2.57,0,0,0
1232,Pro,99.0,247.0,1,9,7,-28.57,162,33,25.6,1.68,0,0,0
1233,Enterprise,299.0,617.0,0,8,11,27.27,181,51,23.3,1.36,0,0,0
1234,Basic,29.0,58.0,19,0,5,100.0,135,29,23.86,1.48,0,0,1
1235,Basic,29.0,107.0,16,0,8,100.0,114,27,25.23,1.72,1,1,0
1236,Basic,29.0,58.0,2,1,1,0.0,130,44,20.29,2.04,1,0,0
1237,Basic,29.0,157.0,12,1,0,-100.0,80,15,26.81,2.95,1,1,1
1238,Pro,99.0,247.0,17,0,10,100.0,127,38,21.07,1.44,1,1,1
1239,Basic,29.0,107.0,3,3,6,50.0,103,31,24.72,2.34,0,0,0
1240,Enterprise,299.0,598.0,0,4,4,0.0,98,26,23.19,2.98,0,0,0
1241,Pro,99.0,198.0,2,4,5,20.0,98,19,27.7,2.55,0,0,0
1242,Basic,29.0,107.0,2,2,5,60.0,92,28,23.05,2.62,0,0,0
1243,Pro,99.0,198.0,2,2,3,33.33,90,24,26.05,3.17,1,0,1
1244,Basic,29.0,58.0,0,14,12,-16.67,212,47,22.96,1.18,0,0,0
1245,Enterprise,299.0,647.0,16,0,4,100.0,117,31,22.46,1.56,1,0,0
1246,Basic,29.0,58.0,11,2,2,0.0,100,25,23.1,2.41,0,0,0
1247,Basic,29.0,58.0,0,9,10,10.0,224,54,24.02,1.19,0,0,0
1248,Basic,29.0,356.0,1,13,10,-30.0,257,53,28.61,1.1,0,0,0
1249,Pro,99.0,217.0,0,15,9,-66.67,254,66,25.22,1.1,0,0,0
1250,Enterprise,299.0,598.0,6,2,0,-100.0,90,23,21.67,2.68,1,1,1
1251,Pro,99.0,198.0,1,4,6,33.33,124,22,21.43,1.99,0,0,0
1252,Basic,29.0,176.0,6,4,6,33.33,120,35,24.92,2.1,0,0,0
1253,Pro,99.0,198.0,0,9,10,10.0,187,42,20.45,1.5,0,0,0
1254,Enterprise,299.0,647.0,0,7,3,-133.33,120,32,19.93,2.18,0,0,0
1255,Enterprise,299.0,617.0,10,1,2,50.0,125,32,26.89,1.81,0,0,0
1256,Pro,99.0,247.0,1,10,8,-25.0,215,46,22.06,1.25,1,0,0
1257,Enterprise,299.0,598.0,23,0,6,100.0,89,18,23.2,1.91,2,1,1
1258,Basic,29.0,207.0,1,9,8,-12.5,194,43,21.53,1.37,0,0,0
1259,Basic,29.0,58.0,9,5,1,-400.0,111,24,23.15,1.93,0,0,0
1260,Enterprise,299.0,598.0,1,10,9,-11.11,205,61,24.07,1.25,0,0,0
1261,Pro,99.0,198.0,0,10,12,16.67,179,42,24.5,1.35,0,0,0
1262,Enterprise,299.0,598.0,13,1,5,80.0,129,34,24.92,1.84,1,1,0
1263,Pro,99.0,198.0,0,9,10,10.0,201,53,23.11,1.35,0,0,0
1264,Basic,29.0,77.0,0,11,13,15.38,236,55,22.31,1.16,0,0,0
1265,Basic,29.0,58.0,29,0,0,0.0,105,28,24.64,1.37,1,1,1
1266,Pro,99.0,396.0,1,2,2,0.0,96,18,24.92,2.36,1,1,1
1267,Enterprise,299.0,785.0,4,3,2,-50.0,82,22,28.47,3.23,0,0,0
1268,Pro,99.0,198.0,9,2,7,71.43,162,37,23.2,1.22,2,1,1
1269,Pro,99.0,347.0,2,8,14,42.86,176,36,23.41,1.31,0,0,0
1270,Basic,29.0,58.0,0,11,14,21.43,216,46,23.92,1.21,0,0,0
1271,Enterprise,299.0,846.0,4,7,6,-16.67,131,32,26.04,2.21,0,0,0
1272,Basic,29.0,58.0,0,4,2,-100.0,107,24,25.26,2.51,0,0,0
1273,Pro,99.0,217.0,1,13,10,-30.0,228,66,25.68,1.19,0,0,0
1274,Basic,29.0,157.0,1,4,5,20.0,87,20,24.26,3.16,1,0,0
1275,Pro,99.0,496.0,0,4,5,20.0,134,37,23.0,2.23,0,0,0
1276,Pro,99.0,396.0,11,3,4,25.0,132,36,23.07,1.67,1,1,0
1277,Pro,99.0,347.0,4,3,5,40.0,106,20,25.07,2.02,0,0,0
1278,Enterprise,299.0,598.0,0,10,11,9.09,188,46,24.04,1.31,0,0,0
1279,Basic,29.0,77.0,0,12,15,20.0,224,64,24.41,1.19,0,0,0
1280,Pro,99.0,198.0,4,2,6,66.67,148,31,27.47,1.78,0,0,0
1281,Pro,99.0,198.0,0,10,15,33.33,227,56,26.02,1.21,0,0,0
1282,Basic,29.0,107.0,0,15,8,-87.5,211,55,24.65,1.26,0,0,0
1283,Basic,29.0,58.0,1,4,2,-100.0,90,21,21.74,3.12,0,0,0
1284,Basic,29.0,58.0,0,15,10,-50.0,240,55,23.45,1.11,1,0,0
1285,Enterprise,299.0,598.0,0,14,12,-16.67,204,49,23.16,1.21,0,0,0
1286,Pro,99.0,297.0,3,5,7,28.57,121,27,19.87,1.92,0,0,0
1287,Basic,29.0,58.0,6,1,9,88.89,137,28,27.1,1.86,0,0,0
1288,Enterprise,299.0,598.0,30,0,0,0.0,117,31,24.19,1.12,1,1,1
1289,Basic,29.0,58.0,26,0,1,100.0,82,21,25.6,1.73,0,0,0
1290,Basic,29.0,58.0,1,11,8,-37.5,216,56,22.79,1.25,0,0,0
1291,Basic,29.0,58.0,12,2,9,77.78,126,42,26.74,1.56,1,1,1
1292,Basic,29.0,58.0,0,16,14,-14.29,243,49,22.41,1.01,0,0,0
1293,Pro,99.0,347.0,1,10,11,9.09,178,50,26.48,1.41,1,0,0
1294,Basic,29.0,58.0,1,8,13,38.46,199,45,22.09,1.36,0,0,0
1295,Basic,29.0,58.0,0,10,8,-25.0,191,50,26.73,1.48,0,0,0
1296,Basic,29.0,107.0,2,4,5,20.0,93,29,27.59,2.67,0,0,0
1297,Basic,29.0,58.0,1,13,9,-44.44,227,55,21.6,1.13,0,0,0
1298,Enterprise,299.0,598.0,1,10,8,-25.0,220,57,22.02,1.24,0,0,0
1299,Pro,99.0,198.0,0,14,12,-16.67,235,65,27.11,1.09,0,0,0
1300,Basic,29.0,207.0,1,5,9,44.44,157,35,24.82,1.44,0,0,0
1301,Basic,29.0,58.0,0,12,13,7.69,210,54,24.06,1.2,0,0,0
1302,Basic,29.0,58.0,0,9,14,35.71,192,47,28.58,1.34,0,0,0
1303,Basic,29.0,58.0,0,13,12,-8.33,219,51,23.37,1.3,0,0,0
1304,Basic,29.0,58.0,1,12,7,-71.43,167,42,23.2,1.71,0,0,0
1305,Pro,99.0,316.0,0,5,3,-66.67,97,27,24.0,2.62,1,0,0
1306,Basic,29.0,58.0,6,3,5,40.0,116,32,22.08,2.12,0,0,0
1307,Pro,99.0,198.0,0,12,9,-33.33,229,48,22.36,1.21,0,0,0
1308,Enterprise,299.0,598.0,25,0,2,100.0,101,26,17.57,1.72,1,0,1
1309,Basic,29.0,58.0,0,9,10,10.0,195,36,22.33,1.35,0,0,0
1310,Pro,99.0,198.0,9,2,6,66.67,136,36,20.55,1.79,0,0,0
1311,Basic,29.0,157.0,0,11,16,31.25,237,65,25.92,1.2,0,0,0
1312,Basic,29.0,58.0,2,11,11,0.0,221,61,25.75,1.09,0,0,0
1313,Pro,99.0,247.0,0,12,13,7.69,228,57,25.26,1.11,0,0,0
1314,Basic,29.0,58.0,6,5,5,0.0,129,39,27.48,1.89,0,0,0
1315,Basic,29.0,58.0,2,8,10,20.0,161,38,27.07,1.41,0,0,0
1316,Pro,99.0,198.0,24,0,3,100.0,119,38,26.92,1.36,1,1,1
1317,Pro,99.0,198.0,0,2,8,75.0,108,26,23.19,2.3,0,0,0
1318,Basic,29.0,58.0,0,14,12,-16.67,241,61,26.58,1.15,0,0,0
1319,Pro,99.0,217.0,4,10,11,9.09,226,49,22.35,1.19,0,0,0
1320,Basic,29.0,58.0,1,11,8,-37.5,182,47,25.07,1.43,0,0,0
1321,Basic,29.0,58.0,0,14,7,-100.0,236,54,26.22,1.2,0,0,0
1322,Basic,29.0,58.0,0,14,6,-133.33,216,50,23.7,1.27,1,0,0
1323,Basic,29.0,58.0,19,0,8,100.0,88,16,18.4,2.1,1,1,0
1324,Pro,99.0,247.0,7,4,8,50.0,177,33,23.72,1.46,0,0,0
1325,Pro,99.0,198.0,0,14,16,12.5,265,56,23.8,1.09,1,1,0
1326,Basic,29.0,157.0,2,5,5,0.0,131,38,24.21,2.1,1,0,0
1327,Pro,99.0,198.0,3,4,4,0.0,98,26,27.0,2.41,0,0,0
1328,Basic,29.0,58.0,0,12,15,20.0,217,55,23.74,1.21,0,0,0
1329,Basic,29.0,58.0,0,9,10,10.0,183,42,19.76,1.31,0,0,0
1330,Pro,99.0,217.0,9,5,4,-25.0,101,28,27.14,2.27,0,0,0
1331,Basic,29.0,58.0,7,2,12,83.33,198,41,24.12,1.3,1,1,1
1332,Pro,99.0,198.0,1,11,8,-37.5,213,56,24.24,1.41,0,0,0
1333,Basic,29.0,207.0,2,8,13,38.46,223,60,22.43,1.23,0,0,0
1334,Basic,29.0,77.0,0,10,12,16.67,225,59,25.68,1.29,1,0,0
1335,Basic,29.0,58.0,1,7,6,-16.67,172,38,23.15,1.49,0,0,0
1336,Basic,29.0,226.0,14,0,6,100.0,99,24,26.81,2.13,1,1,1
1337,Basic,29.0,58.0,2,2,4,50.0,110,28,24.29,2.75,0,0,0
1338,Basic,29.0,107.0,28,0,0,0.0,61,18,28.75,2.04,1,1,1
1339,Basic,29.0,58.0,0,15,10,-50.0,238,55,22.87,1.07,0,0,0
1340,Enterprise,299.0,716.0,26,0,2,100.0,93,21,26.74,1.86,1,1,1
1341,Pro,99.0,198.0,0,11,12,8.33,221,71,24.74,1.29,0,0,0
1342,Basic,29.0,58.0,8,2,8,75.0,116,26,21.57,2.33,0,0,0
1343,Enterprise,299.0,598.0,24,0,2,100.0,104,33,23.09,1.66,0,0,0
1344,Pro,99.0,217.0,0,12,7,-71.43,192,48,23.96,1.33,0,0,0
1345,Pro,99.0,198.0,1,7,10,30.0,174,42,21.98,1.4,0,0,0
1346,Basic,29.0,58.0,0,12,13,7.69,219,58,24.92,1.12,0,0,0
1347,Pro,99.0,347.0,0,17,14,-21.43,209,46,20.96,1.21,0,0,0
1348,Basic,29.0,58.0,9,3,3,0.0,115,30,24.25,2.18,0,0,0
1349,Basic,29.0,207.0,17,0,8,100.0,137,32,21.71,1.55,0,0,0
1350,Basic,29.0,58.0,0,10,14,28.57,231,62,26.52,1.2,0,0,0
1351,Pro,99.0,198.0,0,8,14,42.86,221,53,24.65,1.23,0,0,0
1352,Basic,29.0,157.0,1,12,16,25.0,241,60,23.77,1.04,0,0,0
1353,Basic,29.0,207.0,11,3,14,78.57,158,42,25.68,1.45,1,1,1
1354,Basic,29.0,77.0,0,3,6,50.0,91,16,26.57,2.91,0,0,0
1355,Basic,29.0,58.0,1,6,5,-20.0,137,34,23.83,2.05,0,0,0
1356,Pro,99.0,198.0,9,2,9,77.78,158,36,23.63,1.46,0,0,0
1357,Basic,29.0,58.0,1,5,11,54.55,173,44,19.8,1.5,1,0,0
1358,Basic,29.0,58.0,19,0,7,100.0,107,25,27.44,1.64,2,1,0
1359,Pro,99.0,198.0,9,1,0,-100.0,82,19,27.94,2.93,1,1,1
1360,Basic,29.0,77.0,1,4,9,55.56,132,37,22.58,1.86,0,0,0
1361,Enterprise,299.0,865.0,0,17,10,-70.0,237,59,22.72,1.18,0,0,0
1362,Basic,29.0,58.0,0,5,9,44.44,131,43,25.13,2.03,1,0,0
1363,Pro,99.0,198.0,29,0,0,0.0,69,13,23.25,1.95,1,1,1
1364,Basic,29.0,58.0,0,5,6,16.67,129,33,23.31,2.32,0,0,0
1365,Basic,29.0,58.0,1,13,9,-44.44,229,71,19.86,1.19,0,0,0
1366,Basic,29.0,58.0,0,4,4,0.0,126,33,20.89,2.27,0,0,0
1367,Pro,99.0,217.0,0,2,2,0.0,91,25,22.05,2.98,0,0,0
1368,Basic,29.0,58.0,30,0,0,0.0,67,16,23.21,2.24,1,1,0
1369,Basic,29.0,58.0,0,6,2,-200.0,126,38,19.93,2.28,0,0,0
1370,Basic,29.0,58.0,0,14,13,-7.69,229,52,24.15,1.11,0,0,0
1371,Basic,29.0,58.0,1,11,11,0.0,184,57,23.76,1.45,0,0,0
1372,Pro,99.0,247.0,6,6,5,-20.0,120,29,23.64,1.94,0,0,0
1373,Basic,29.0,58.0,12,2,3,33.33,121,33,22.69,1.88,1,1,0
1374,Basic,29.0,207.0,0,7,5,-40.0,130,32,22.53,1.9,0,0,0
1375,Enterprise,299.0,598.0,7,4,2,-100.0,95,25,24.85,2.77,0,0,0
1376,Basic,29.0,58.0,4,1,1,0.0,114,29,20.44,2.21,1,1,1
1377,Pro,99.0,347.0,1,11,9,-22.22,257,67,22.48,1.06,1,0,0
1378,Basic,29.0,107.0,5,2,5,60.0,103,27,24.82,2.53,1,0,0
1379,Pro,99.0,198.0,2,4,5,20.0,122,33,22.85,2.2,0,0,0
1380,Enterprise,299.0,598.0,1,3,3,0.0,102,28,25.86,2.77,0,0,0
1381,Basic,29.0,58.0,0,8,6,-33.33,155,43,24.24,1.78,0,0,0
1382,Basic,29.0,58.0,0,3,5,40.0,115,29,24.0,2.46,0,0,0
1383,Basic,29.0,58.0,0,3,2,-50.0,103,20,24.23,2.83,0,0,0
1384,Pro,99.0,198.0,16,0,8,100.0,100,29,24.14,2.07,0,0,0
1385,Basic,29.0,58.0,2,6,4,-50.0,150,34,24.15,1.73,0,0,0
1386,Basic,29.0,58.0,8,1,8,87.5,145,40,22.55,1.55,1,0,0
1387,Basic,29.0,107.0,0,9,19,52.63,246,64,24.29,1.03,0,0,0
1388,Pro,99.0,198.0,2,9,12,25.0,217,44,23.71,1.28,0,0,0
1389,Basic,29.0,107.0,4,5,3,-66.67,106,29,27.2,2.31,0,0,0
1390,Pro,99.0,198.0,3,1,5,80.0,106,20,25.16,2.26,0,0,1
1391,Pro,99.0,198.0,6,2,6,66.67,119,39,23.08,2.31,0,0,0
1392,Basic,29.0,107.0,0,14,15,6.67,226,51,26.19,1.19,0,0,0
1393,Basic,29.0,58.0,30,0,0,0.0,94,26,21.09,1.22,1,1,0
1394,Pro,99.0,198.0,0,11,12,8.33,214,54,24.67,1.26,0,0,0
1395,Basic,29.0,306.0,25,0,2,100.0,88,21,19.18,2.09,1,1,1
1396,Basic,29.0,58.0,4,2,7,71.43,144,31,23.84,1.78,0,0,0
1397,Pro,99.0,198.0,10,1,8,87.5,121,23,23.0,1.87,0,0,0
1398,Basic,29.0,58.0,17,0,7,100.0,167,36,22.54,1.21,1,1,0
1399,Enterprise,299.0,697.0,1,3,6,50.0,82,23,25.85,3.03,0,0,0
1400,Pro,99.0,198.0,23,0,1,100.0,141,36,23.44,1.15,1,1,0
1401,Pro,99.0,347.0,0,14,9,-55.56,238,51,26.72,1.2,0,0,0
1402,Pro,99.0,217.0,0,5,4,-25.0,95,21,23.0,2.47,0,0,0
1403,Basic,29.0,58.0,0,5,3,-66.67,130,29,21.37,2.24,0,0,0
1404,Enterprise,299.0,598.0,18,0,11,100.0,153,38,25.03,1.29,1,0,1
1405,Basic,29.0,58.0,0,11,15,26.67,246,55,24.76,1.1,1,0,0
1406,Enterprise,299.0,598.0,9,1,6,83.33,128,29,31.07,1.85,1,1,0
1407,Basic,29.0,207.0,4,2,12,83.33,139,26,22.97,1.65,1,1,1
1408,Enterprise,299.0,598.0,8,2,7,71.43,106,25,25.26,1.91,0,0,0
1409,Pro,99.0,198.0,0,14,10,-40.0,213,55,22.83,1.25,0,0,0
1410,Basic,29.0,58.0,0,14,13,-7.69,249,68,24.96,1.12,1,0,0
1411,Pro,99.0,198.0,2,8,6,-33.33,183,39,24.59,1.51,0,0,0
1412,Basic,29.0,157.0,0,15,12,-25.0,230,66,24.33,1.22,0,0,0
1413,Pro,99.0,198.0,20,0,1,100.0,103,28,25.37,2.18,1,0,1
1414,Basic,29.0,58.0,0,8,8,0.0,162,40,25.6,1.5,2,0,0
1415,Pro,99.0,296.0,1,10,12,16.67,191,43,23.6,1.4,0,0,0
1416,Basic,29.0,157.0,1,15,12,-25.0,242,61,25.85,1.14,0,0,0
1417,Basic,29.0,356.0,0,14,9,-55.56,241,52,24.33,1.18,0,0,0
1418,Basic,29.0,256.0,0,5,13,61.54,217,54,22.46,1.32,0,0,0
1419,Enterprise,299.0,598.0,0,7,9,22.22,143,42,22.0,1.65,0,0,0
1420,Pro,99.0,316.0,0,5,7,28.57,133,30,21.39,1.97,0,0,0
1421,Basic,29.0,58.0,5,3,3,0.0,145,31,21.63,1.85,0,0,0
1422,Basic,29.0,58.0,12,1,11,90.91,133,40,27.16,1.52,0,0,1
1423,Basic,29.0,58.0,0,13,13,0.0,218,63,24.7,1.2,0,0,0
1424,Basic,29.0,58.0,17,0,5,100.0,108,22,27.0,1.55,1,1,1
1425,Pro,99.0,198.0,0,5,4,-25.0,125,38,22.65,2.53,0,0,0
1426,Basic,29.0,157.0,3,2,3,33.33,115,25,27.46,2.23,0,0,0
1427,Basic,29.0,58.0,14,0,6,100.0,106,24,23.91,2.07,1,1,0
1428,Basic,29.0,58.0,1,13,11,-18.18,224,53,22.67,1.29,0,0,0
1429,Basic,29.0,245.0,0,15,12,-25.0,208,62,24.44,1.13,0,0,0
1430,Pro,99.0,198.0,1,12,14,14.29,200,59,24.07,1.27,0,0,0
1431,Pro,99.0,198.0,1,9,15,40.0,228,56,25.82,1.16,1,0,0
1432,Pro,99.0,297.0,1,9,17,47.06,213,58,25.47,1.12,0,0,0
1433,Basic,29.0,58.0,2,6,4,-50.0,121,31,28.15,2.28,0,0,0
1434,Basic,29.0,58.0,1,12,9,-33.33,199,59,22.53,1.4,0,0,0
1435,Enterprise,299.0,647.0,13,1,8,87.5,153,45,25.71,1.39,1,1,1
1436,Basic,29.0,58.0,0,11,13,15.38,227,54,23.67,1.15,0,0,0
1437,Pro,99.0,198.0,0,10,12,16.67,219,58,26.19,1.25,1,0,0
1438,Basic,29.0,156.0,0,12,11,-9.09,202,52,23.81,1.27,0,0,0
1439,Pro,99.0,266.0,10,1,1,0.0,123,31,28.44,2.0,0,0,0
1440,Basic,29.0,58.0,0,12,9,-33.33,212,51,22.74,1.29,0,0,0
1441,Basic,29.0,58.0,2,1,1,0.0,64,19,25.71,4.2,0,0,1
1442,Basic,29.0,77.0,0,9,10,10.0,211,62,23.24,1.34,0,0,0
1443,Pro,99.0,198.0,0,7,8,12.5,199,52,25.19,1.37,0,0,0
1444,Pro,99.0,645.0,3,11,16,31.25,228,65,23.21,1.12,0,0,0
1445,Basic,29.0,58.0,0,13,16,18.75,263,74,23.32,1.06,0,0,0
1446,Pro,99.0,297.0,1,2,6,66.67,119,32,23.92,2.32,1,1,1
1447,Pro,99.0,198.0,0,11,8,-37.5,197,49,24.24,1.31,0,0,0
1448,Pro,99.0,198.0,0,11,12,8.33,235,54,24.02,1.14,0,0,0
1449,Basic,29.0,107.0,2,1,0,-100.0,119,28,21.26,2.51,1,1,1
1450,Basic,29.0,207.0,1,10,11,9.09,225,48,25.39,1.12,0,0,0
1451,Basic,29.0,58.0,1,11,8,-37.5,201,40,22.7,1.36,0,0,0
1452,Basic,29.0,107.0,0,2,11,81.82,147,32,21.28,1.9,0,0,0
1453,Basic,29.0,58.0,11,1,7,85.71,116,35,24.07,1.69,1,1,0
1454,Pro,99.0,198.0,0,9,9,0.0,187,51,23.88,1.4,0,0,0
1455,Basic,29.0,157.0,1,5,14,64.29,205,57,20.12,1.39,1,0,0
1456,Pro,99.0,198.0,0,9,12,25.0,195,48,25.14,1.37,0,0,0
1457,Pro,99.0,198.0,0,11,9,-22.22,178,49,25.42,1.46,0,0,0
1458,Pro,99.0,198.0,1,9,9,0.0,223,57,22.61,1.19,0,0,0
1459,Basic,29.0,58.0,8,1,9,88.89,160,45,22.27,1.6,1,1,1
1460,Pro,99.0,247.0,0,12,11,-9.09,192,42,23.36,1.33,1,0,0
1461,Enterprise,299.0,598.0,0,14,9,-55.56,198,51,25.26,1.43,0,0,0
1462,Enterprise,299.0,598.0,5,4,3,-33.33,114,31,26.25,2.01,0,0,0
1463,Basic,29.0,157.0,2,9,8,-12.5,208,52,25.49,1.28,0,0,0
1464,Basic,29.0,207.0,3,4,8,50.0,151,34,22.58,1.86,0,0,0
1465,Pro,99.0,198.0,0,10,11,9.09,209,65,25.32,1.33,0,0,0
1466,Basic,29.0,157.0,26,0,1,100.0,70,18,21.13,2.18,0,0,0
1467,Enterprise,299.0,716.0,1,5,3,-66.67,88,18,20.2,2.92,0,0,0
1468,Basic,29.0,58.0,0,13,14,7.14,242,66,26.22,1.09,1,0,0
1469,Basic,29.0,58.0,15,0,12,100.0,146,28,23.4,1.21,1,1,1
1470,Basic,29.0,58.0,7,2,6,66.67,121,24,24.04,2.18,0,0,0
1471,Basic,29.0,58.0,3,4,5,20.0,127,34,22.69,2.0,0,0,0
1472,Pro,99.0,198.0,7,3,4,25.0,81,20,23.81,2.6,0,0,0
1473,Basic,29.0,77.0,0,10,8,-25.0,223,61,24.04,1.27,0,0,0
1474,Basic,29.0,58.0,20,0,5,100.0,90,17,20.68,1.58,2,1,1
1475,Enterprise,299.0,598.0,4,4,7,42.86,109,29,23.12,2.29,0,0,0
1476,Pro,99.0,198.0,3,3,4,25.0,126,31,28.83,2.0,0,0,0
1477,Basic,29.0,356.0,12,2,9,77.78,154,48,23.03,1.33,1,0,1
1478,Basic,29.0,58.0,1,15,11,-36.36,222,61,22.65,1.2,0,0,0
1479,Pro,99.0,366.0,1,9,14,35.71,215,59,24.66,1.24,0,0,0
1480,Basic,29.0,58.0,3,4,7,42.86,132,28,25.67,1.94,0,0,0
1481,Basic,29.0,58.0,11,2,5,60.0,108,26,23.32,2.02,0,0,0
1482,Basic,29.0,58.0,0,12,10,-20.0,217,74,23.26,1.2,0,0,0
1483,Basic,29.0,58.0,0,14,7,-100.0,189,44,19.61,1.32,0,0,0
1484,Pro,99.0,198.0,0,15,12,-25.0,251,70,22.79,1.08,0,0,0
1485,Pro,99.0,198.0,0,8,12,33.33,210,54,28.24,1.34,0,0,0
1486,Pro,99.0,198.0,20,0,7,100.0,135,33,21.29,1.31,1,1,1
1487,Pro,99.0,198.0,0,13,10,-30.0,266,63,25.41,1.04,0,0,0
1488,Basic,29.0,207.0,1,11,12,8.33,205,59,21.92,1.21,0,0,0
1489,Pro,99.0,198.0,0,11,10,-10.0,262,51,22.8,1.1,1,0,0
1490,Basic,29.0,107.0,4,1,7,85.71,113,32,24.12,2.22,0,0,0
1491,Basic,29.0,207.0,4,5,9,44.44,155,49,24.87,1.8,1,0,0
1492,Basic,29.0,207.0,0,16,12,-33.33,207,39,21.12,1.2,0,0,0
1493,Pro,99.0,198.0,1,8,7,-14.29,213,53,23.02,1.31,0,0,0
1494,Pro,99.0,198.0,3,5,10,50.0,163,39,25.45,1.43,0,0,0
1495,Basic,29.0,58.0,1,8,5,-60.0,119,30,20.07,2.05,0,0,0
1496,Pro,99.0,446.0,7,2,5,60.0,134,26,21.0,2.1,0,0,0
1497,Basic,29.0,58.0,9,1,3,66.67,95,18,21.3,2.26,0,0,0
1498,Basic,29.0,58.0,0,8,14,42.86,214,56,25.14,1.17,0,0,0
1499,Enterprise,299.0,716.0,1,11,11,0.0,188,47,24.61,1.35,1,1,0
1500,Enterprise,299.0,598.0,0,13,9,-44.44,185,42,22.71,1.35,0,0,0
1501,Basic,29.0,207.0,3,5,5,0.0,94,22,25.14,2.8,0,0,0
1502,Enterprise,299.0,598.0,5,2,4,50.0,91,28,21.52,2.71,0,0,0
1503,Pro,99.0,198.0,5,3,5,40.0,121,26,24.79,2.38,0,0,0
1504,Pro,99.0,198.0,21,0,3,100.0,132,37,24.67,1.24,1,1,1
1505,Basic,29.0,157.0,1,12,10,-20.0,217,45,25.67,1.18,0,0,0
1506,Basic,29.0,58.0,15,0,8,100.0,122,27,22.7,1.71,0,0,0
1507,Enterprise,299.0,647.0,1,12,8,-50.0,195,49,21.77,1.26,0,0,0
1508,Pro,99.0,198.0,21,0,4,100.0,110,25,20.43,1.74,1,0,1
1509,Basic,29.0,58.0,2,4,6,33.33,138,39,24.65,1.9,1,0,0
1510,Enterprise,299.0,598.0,0,13,7,-85.71,142,38,25.13,1.53,0,0,0
1511,Pro,99.0,198.0,1,11,13,15.38,233,61,24.6,1.19,0,0,0
1512,Enterprise,299.0,598.0,18,0,5,100.0,117,32,21.81,1.54,1,0,1
1513,Enterprise,299.0,697.0,6,5,14,64.29,178,50,23.3,1.28,0,0,0
1514,Enterprise,299.0,598.0,24,0,2,100.0,107,21,27.43,1.59,1,0,1
1515,Basic,29.0,157.0,1,4,4,0.0,130,35,25.1,1.89,0,0,0
1516,Basic,29.0,157.0,4,2,3,33.33,119,32,26.86,2.06,0,0,0
1517,Basic,29.0,58.0,0,12,12,0.0,231,56,24.73,1.14,0,0,0
1518,Basic,29.0,96.0,0,4,4,0.0,113,25,20.71,2.43,0,0,0
1519,Basic,29.0,58.0,1,6,10,40.0,197,48,21.18,1.48,0,0,0
1520,Basic,29.0,58.0,0,8,8,0.0,200,60,24.7,1.4,0,0,0
1521,Pro,99.0,198.0,0,3,5,40.0,103,21,22.88,2.54,0,0,0
1522,Basic,29.0,107.0,5,4,3,-33.33,104,26,25.54,2.16,1,0,0
1523,Enterprise,299.0,647.0,3,4,4,0.0,110,30,24.28,2.19,0,0,0
1524,Basic,29.0,107.0,0,12,14,14.29,275,63,25.14,1.01,0,0,0
1525,Enterprise,299.0,598.0,0,12,13,7.69,212,54,24.98,1.27,0,0,0
1526,Enterprise,299.0,598.0,8,2,3,33.33,103,21,23.04,2.13,0,0,0
1527,Enterprise,299.0,598.0,1,3,1,-200.0,77,16,23.39,3.4,1,0,0
1528,Enterprise,299.0,598.0,1,13,11,-18.18,233,64,25.37,1.09,0,0,0
1529,Pro,99.0,198.0,0,9,9,0.0,198,50,27.98,1.31,0,0,0
1530,Basic,29.0,58.0,2,9,3,-200.0,126,36,24.83,1.97,0,0,0
1531,Enterprise,299.0,598.0,18,0,4,100.0,90,16,28.65,2.12,1,1,0
1532,Pro,99.0,297.0,2,14,8,-75.0,229,54,24.75,1.07,0,0,0
1533,Basic,29.0,96.0,7,3,4,25.0,98,23,20.0,2.1,0,0,1
1534,Basic,29.0,176.0,0,10,11,9.09,241,69,24.42,1.2,0,0,0
1535,Basic,29.0,58.0,0,12,9,-33.33,227,49,22.62,1.24,0,0,0
1536,Basic,29.0,58.0,1,7,10,30.0,169,46,24.18,1.34,0,0,0
1537,Basic,29.0,207.0,0,14,14,0.0,211,48,23.13,1.26,0,0,0
1538,Enterprise,299.0,598.0,2,12,7,-71.43,190,40,22.96,1.17,1,1,0
1539,Basic,29.0,58.0,1,7,6,-16.67,150,25,25.42,1.82,0,0,0
1540,Basic,29.0,58.0,31,0,0,0.0,78,26,25.57,1.36,1,1,0
1541,Pro,99.0,347.0,0,10,7,-42.86,171,28,27.26,1.59,0,0,0
1542,Basic,29.0,77.0,25,0,3,100.0,116,24,23.93,1.31,1,1,1
1543,Enterprise,299.0,598.0,1,11,8,-37.5,219,51,26.47,1.2,0,0,0
1544,Pro,99.0,347.0,0,13,8,-62.5,166,47,24.39,1.61,0,0,0
1545,Enterprise,299.0,697.0,3,11,8,-37.5,185,45,23.64,1.25,0,0,0
1546,Enterprise,299.0,598.0,4,2,8,75.0,128,41,24.52,1.96,1,0,0
1547,Pro,99.0,198.0,0,3,5,40.0,125,26,21.0,2.26,0,0,0
1548,Basic,29.0,77.0,0,13,8,-62.5,191,44,24.64,1.3,0,0,0
1549,Basic,29.0,58.0,0,11,9,-22.22,227,58,25.04,1.24,1,0,0
1550,Pro,99.0,297.0,1,10,13,23.08,207,41,23.33,1.38,0,0,0
1551,Basic,29.0,58.0,20,0,4,100.0,135,37,24.0,1.29,0,0,1
1552,Enterprise,299.0,598.0,24,0,3,100.0,143,36,22.48,1.15,1,1,0
1553,Enterprise,299.0,598.0,0,12,9,-33.33,206,48,28.26,1.36,0,0,0
1554,Basic,29.0,58.0,20,0,3,100.0,70,18,15.86,2.76,0,0,0
1555,Pro,99.0,198.0,0,12,11,-9.09,253,79,26.56,1.11,0,0,0
1556,Pro,99.0,198.0,0,14,10,-40.0,225,55,23.32,1.19,0,0,0
1557,Basic,29.0,207.0,3,5,7,28.57,124,30,21.93,1.96,0,0,0
1558,Pro,99.0,198.0,0,5,6,16.67,134,34,26.53,1.9,0,0,0
1559,Basic,29.0,58.0,13,1,13,92.31,150,39,26.97,1.32,1,1,0
1560,Basic,29.0,356.0,0,14,12,-16.67,195,54,26.54,1.25,1,0,0
1561,Enterprise,299.0,647.0,9,2,4,50.0,114,27,22.52,1.76,1,1,0
1562,Enterprise,299.0,598.0,0,2,4,50.0,103,28,21.96,2.44,0,0,0
1563,Pro,99.0,347.0,6,2,3,33.33,79,17,18.35,2.79,0,0,0
1564,Basic,29.0,58.0,2,8,11,27.27,261,63,23.68,1.1,0,0,0
1565,Basic,29.0,58.0,1,13,19,31.58,284,67,22.34,0.96,0,0,0
1566,Pro,99.0,198.0,1,9,13,30.77,218,60,24.23,1.25,0,0,0
1567,Basic,29.0,58.0,3,11,16,31.25,253,56,23.48,1.13,1,0,0
1568,Pro,99.0,347.0,0,13,8,-62.5,251,69,26.84,1.08,0,0,0
1569,Enterprise,299.0,598.0,0,8,9,11.11,184,46,23.54,1.55,0,0,0
1570,Basic,29.0,58.0,5,4,3,-33.33,121,18,19.44,2.28,0,0,0
1571,Pro,99.0,347.0,0,14,12,-16.67,224,58,21.84,1.17,0,0,0
1572,Pro,99.0,198.0,10,2,3,33.33,81,16,28.21,2.74,0,0,0
1573,Basic,29.0,58.0,14,0,7,100.0,144,36,24.53,1.57,1,1,1
1574,Pro,99.0,198.0,27,0,2,100.0,99,21,23.29,1.38,0,0,0
1575,Enterprise,299.0,598.0,1,2,7,71.43,159,35,23.83,1.67,1,1,1
1576,Pro,99.0,347.0,13,1,12,91.67,118,31,24.48,1.56,1,1,0
1577,Pro,99.0,198.0,7,5,7,28.57,173,36,21.25,1.46,0,0,0
1578,Pro,99.0,347.0,0,2,5,60.0,117,27,21.27,2.36,0,0,0
1579,Basic,29.0,157.0,15,0,5,100.0,116,28,21.96,1.76,1,1,0
1580,Enterprise,299.0,647.0,0,10,13,23.08,220,59,20.26,1.27,0,0,0
1581,Pro,99.0,198.0,0,10,10,0.0,237,66,23.53,1.13,0,0,0
1582,Basic,29.0,207.0,0,7,6,-16.67,136,31,21.72,2.11,1,0,0
1583,Basic,29.0,207.0,1,3,4,25.0,115,28,23.27,2.62,0,0,0
1584,Pro,99.0,198.0,2,3,3,0.0,115,34,24.2,2.37,0,0,0
1585,Basic,29.0,58.0,0,12,10,-20.0,230,68,21.96,1.26,1,0,0
1586,Pro,99.0,198.0,4,2,11,81.82,143,36,22.28,1.54,1,1,1
1587,Pro,99.0,198.0,0,8,12,33.33,215,59,21.48,1.24,1,0,0
1588,Pro,99.0,198.0,0,3,7,57.14,158,40,23.31,1.89,0,0,1
1589,Pro,99.0,198.0,0,13,11,-18.18,225,56,24.87,1.13,0,0,0
1590,Pro,99.0,198.0,4,2,3,33.33,118,27,24.78,2.12,0,0,0
1591,Enterprise,299.0,846.0,1,7,12,41.67,196,41,22.07,1.36,0,0,0
1592,Pro,99.0,198.0,14,0,15,100.0,156,46,22.38,1.37,1,1,0
1593,Basic,29.0,58.0,24,0,2,100.0,112,23,23.08,1.44,2,0,1
1594,Pro,99.0,198.0,0,14,10,-40.0,213,43,21.45,1.23,0,0,0
1595,Basic,29.0,58.0,10,3,4,25.0,121,26,22.12,1.87,0,0,0
1596,Basic,29.0,58.0,3,4,4,0.0,115,31,18.68,2.33,0,0,0
1597,Basic,29.0,207.0,1,3,4,25.0,69,12,29.0,3.38,1,0,0
1598,Basic,29.0,58.0,19,0,4,100.0,115,31,23.15,1.57,0,0,1
1599,Enterprise,299.0,747.0,24,0,1,100.0,86,22,29.9,1.87,1,1,0
1600,Pro,99.0,297.0,1,11,11,0.0,189,53,24.74,1.38,1,0,0
1601,Pro,99.0,198.0,0,8,15,46.67,239,59,23.0,1.2,1,0,0
1602,Basic,29.0,58.0,0,7,11,36.36,199,55,23.6,1.34,0,0,0
1603,Basic,29.0,157.0,5,2,9,77.78,125,25,25.93,2.09,0,0,0
1604,Pro,99.0,198.0,0,12,15,20.0,240,67,27.06,1.14,0,0,0
1605,Basic,29.0,58.0,12,2,7,71.43,125,28,21.61,1.37,1,0,1
1606,Basic,29.0,58.0,1,5,10,50.0,166,43,28.15,1.48,0,0,0
1607,Basic,29.0,58.0,4,3,2,-50.0,90,23,21.95,3.02,0,0,0
1608,Pro,99.0,316.0,1,12,14,14.29,256,62,26.41,1.09,0,0,0
1609,Basic,29.0,58.0,1,6,3,-100.0,119,28,20.65,2.3,0,0,0
1610,Pro,99.0,217.0,0,15,7,-114.29,182,38,23.14,1.37,0,0,0
1611,Enterprise,299.0,598.0,0,9,8,-12.5,187,44,24.8,1.52,0,0,0
1612,Basic,29.0,58.0,20,0,3,100.0,122,23,22.59,1.51,2,1,0
1613,Basic,29.0,58.0,1,5,3,-66.67,106,25,20.4,2.42,0,0,0
1614,Basic,29.0,58.0,1,13,11,-18.18,215,44,21.81,1.24,0,0,0
1615,Enterprise,299.0,598.0,2,7,9,22.22,166,42,20.9,1.43,0,0,0
1616,Enterprise,299.0,598.0,1,10,12,16.67,235,67,24.46,1.05,0,0,0
1617,Basic,29.0,58.0,0,12,12,0.0,212,50,23.49,1.28,0,0,0
1618,Pro,99.0,297.0,1,5,11,54.55,187,44,23.83,1.45,0,0,0
1619,Enterprise,299.0,598.0,2,9,12,25.0,209,59,25.68,1.32,0,0,0
1620,Enterprise,299.0,617.0,0,10,10,0.0,218,59,25.04,1.23,0,0,0
1621,Enterprise,299.0,598.0,1,5,4,-25.0,126,31,21.04,2.52,1,0,0
1622,Pro,99.0,247.0,14,0,11,100.0,128,39,23.39,1.42,2,1,1
1623,Pro,99.0,198.0,3,3,12,75.0,156,40,25.09,1.69,0,0,0
1624,Basic,29.0,58.0,1,10,12,16.67,225,46,24.51,1.19,0,0,0
1625,Enterprise,299.0,598.0,8,2,11,81.82,194,58,24.45,1.29,0,0,0
1626,Pro,99.0,198.0,1,11,7,-57.14,173,48,25.53,1.58,0,0,0
1627,Basic,29.0,58.0,1,11,11,0.0,211,50,23.73,1.22,0,0,0
1628,Pro,99.0,198.0,0,10,8,-25.0,205,60,25.96,1.3,0,0,0
1629,Basic,29.0,77.0,0,11,10,-10.0,201,55,22.65,1.25,0,0,0
1630,Basic,29.0,58.0,1,3,5,40.0,110,27,27.13,2.48,0,0,0
1631,Basic,29.0,58.0,11,1,3,66.67,100,21,28.35,2.51,0,0,0
1632,Basic,29.0,58.0,0,15,11,-36.36,241,65,24.96,1.08,0,0,0
1633,Basic,29.0,77.0,0,10,13,23.08,230,47,24.23,1.14,0,0,0
1634,Basic,29.0,58.0,0,11,14,21.43,242,53,24.8,1.16,0,0,0
1635,Pro,99.0,347.0,0,12,9,-33.33,224,45,23.09,1.21,0,0,0
1636,Pro,99.0,198.0,23,0,2,100.0,109,21,22.32,1.65,1,1,0
1637,Pro,99.0,198.0,2,11,7,-57.14,149,46,24.65,1.59,0,0,0
1638,Basic,29.0,58.0,1,12,7,-71.43,203,52,23.02,1.27,0,0,0
1639,Basic,29.0,58.0,0,1,1,0.0,88,27,21.24,2.83,1,1,0
1640,Basic,29.0,58.0,1,9,8,-12.5,178,47,23.58,1.48,2,0,0
1641,Pro,99.0,198.0,2,3,5,40.0,104,21,26.85,2.28,0,0,0
1642,Pro,99.0,297.0,0,13,11,-18.18,243,50,23.64,1.21,0,0,0
1643,Basic,29.0,58.0,1,7,8,12.5,163,38,24.49,1.61,1,0,0
1644,Basic,29.0,58.0,0,16,13,-23.08,245,67,24.7,1.11,0,0,0
1645,Basic,29.0,58.0,0,11,12,8.33,208,60,24.02,1.34,1,1,0
1646,Basic,29.0,58.0,0,11,11,0.0,229,50,27.35,1.23,0,0,0
1647,Pro,99.0,198.0,7,1,0,-100.0,65,22,23.4,3.64,0,0,0
1648,Pro,99.0,347.0,0,8,11,27.27,185,46,28.33,1.66,0,0,0
1649,Basic,29.0,77.0,1,11,9,-22.22,183,50,22.48,1.42,0,0,0
1650,Pro,99.0,198.0,2,5,2,-150.0,86,22,25.14,2.84,0,0,0
1651,Basic,29.0,77.0,22,0,6,100.0,91,30,23.59,1.57,1,1,0
1652,Basic,29.0,58.0,0,3,5,40.0,100,23,22.65,2.68,0,0,0
1653,Pro,99.0,198.0,29,0,0,0.0,125,33,24.54,1.05,0,0,0
1654,Pro,99.0,347.0,0,4,2,-100.0,86,21,23.43,2.94,0,0,0
1655,Basic,29.0,58.0,5,3,3,0.0,106,29,23.73,2.5,0,0,0
1656,Basic,29.0,58.0,18,0,6,100.0,104,29,26.0,1.66,1,1,1
1657,Pro,99.0,247.0,7,2,7,71.43,121,28,21.04,1.95,0,0,0
1658,Basic,29.0,58.0,3,2,6,66.67,126,24,24.5,2.24,1,0,0
1659,Pro,99.0,198.0,3,4,5,20.0,109,24,26.71,2.78,0,0,0
1660,Basic,29.0,77.0,0,13,10,-30.0,227,60,24.32,1.21,0,0,0
1661,Basic,29.0,58.0,1,13,16,18.75,253,66,21.38,1.05,0,0,0
1662,Enterprise,299.0,647.0,0,14,15,6.67,227,64,26.0,1.18,0,0,0
1663,Enterprise,299.0,598.0,0,10,12,16.67,206,51,22.22,1.16,0,0,0
1664,Basic,29.0,58.0,1,5,4,-25.0,115,23,23.58,2.3,0,0,0
1665,Pro,99.0,347.0,0,15,13,-15.38,253,56,27.79,1.05,0,0,0
1666,Pro,99.0,198.0,2,6,5,-20.0,127,27,25.26,2.2,0,0,0
1667,Basic,29.0,58.0,26,0,1,100.0,84,28,24.32,1.29,1,1,0
1668,Enterprise,299.0,598.0,4,3,7,57.14,116,27,25.71,2.0,0,0,0
1669,Basic,29.0,58.0,10,3,6,50.0,121,31,19.19,1.86,2,0,0
1670,Basic,29.0,58.0,1,13,13,0.0,219,60,24.56,1.14,0,0,0
1671,Basic,29.0,58.0,1,9,7,-28.57,168,43,26.72,1.42,0,0,0
1672,Enterprise,299.0,598.0,0,6,4,-50.0,122,29,23.44,2.42,0,0,0
1673,Pro,99.0,198.0,0,14,14,0.0,255,77,22.0,1.1,0,0,0
1674,Basic,29.0,58.0,3,6,9,33.33,190,37,23.77,1.32,0,0,0
1675,Enterprise,299.0,598.0,2,11,12,8.33,229,70,23.04,1.09,1,0,0
1676,Enterprise,299.0,598.0,3,5,6,16.67,121,25,25.19,2.25,0,0,0
1677,Basic,29.0,58.0,13,1,4,75.0,94,20,26.05,2.55,0,0,0
1678,Basic,29.0,58.0,13,2,0,-100.0,76,14,21.68,2.51,1,1,1
1679,Enterprise,299.0,598.0,0,14,13,-7.69,241,63,25.11,1.12,0,0,0
1680,Basic,29.0,126.0,7,3,8,62.5,122,28,26.63,1.87,0,0,0
1681,Enterprise,299.0,896.0,1,12,13,7.69,210,55,24.22,1.21,1,0,0
1682,Pro,99.0,198.0,2,5,6,16.67,109,35,28.04,2.23,0,0,0
1683,Pro,99.0,347.0,1,11,14,21.43,212,51,25.19,1.23,0,0,0
1684,Pro,99.0,198.0,1,2,4,50.0,126,34,28.93,2.09,1,1,1
1685,Basic,29.0,58.0,2,13,7,-85.71,205,43,26.0,1.29,0,0,0
1686,Enterprise,299.0,598.0,1,12,12,0.0,218,42,24.5,1.27,0,0,0
1687,Enterprise,299.0,617.0,0,14,12,-16.67,217,53,24.34,1.17,0,0,0
1688,Basic,29.0,58.0,10,1,6,83.33,110,34,28.48,2.05,1,1,1
1689,Basic,29.0,58.0,3,3,5,40.0,128,34,20.56,2.09,0,0,0
1690,Basic,29.0,107.0,0,4,4,0.0,156,32,27.07,2.05,0,0,0
1691,Basic,29.0,58.0,3,11,11,0.0,213,51,21.44,1.09,0,0,0
1692,Enterprise,299.0,598.0,1,12,9,-33.33,208,59,23.65,1.24,0,0,0
1693,Pro,99.0,198.0,0,9,8,-12.5,162,50,23.95,1.58,0,0,0
1694,Pro,99.0,198.0,0,12,16,25.0,242,54,20.36,1.12,0,0,0
1695,Enterprise,299.0,598.0,0,14,15,6.67,261,60,25.16,1.08,0,0,0
1696,Basic,29.0,58.0,0,16,14,-14.29,263,75,23.51,1.08,0,0,0
1697,Basic,29.0,256.0,5,3,6,50.0,89,22,24.74,3.02,0,0,0
1698,Basic,29.0,58.0,0,5,3,-66.67,133,32,27.92,2.36,0,0,0
1699,Basic,29.0,58.0,1,13,10,-30.0,238,58,25.67,1.12,0,0,0
1700,Pro,99.0,198.0,3,5,8,37.5,148,47,23.77,1.82,0,0,0
1701,Basic,29.0,58.0,1,9,11,18.18,225,52,25.84,1.19,0,0,0
1702,Basic,29.0,58.0,3,6,5,-20.0,171,43,25.31,1.58,0,0,0
1703,Pro,99.0,266.0,0,11,12,8.33,219,60,22.9,1.18,1,0,0
1704,Pro,99.0,316.0,3,3,5,40.0,105,21,23.87,2.43,0,0,0
1705,Pro,99.0,198.0,18,0,7,100.0,140,37,22.0,1.38,1,1,0
1706,Basic,29.0,58.0,0,13,7,-85.71,220,59,25.2,1.34,0,0,0
1707,Basic,29.0,256.0,1,10,12,16.67,199,41,25.17,1.3,1,0,0
1708,Pro,99.0,217.0,27,0,1,100.0,128,27,25.08,1.27,1,1,0
1709,Basic,29.0,77.0,2,8,11,27.27,213,63,23.52,1.14,0,0,0
1710,Basic,29.0,58.0,16,0,5,100.0,116,33,24.14,1.5,1,1,1
1711,Basic,29.0,107.0,0,3,7,57.14,104,24,23.27,2.84,0,0,0
1712,Basic,29.0,58.0,0,7,14,50.0,222,42,25.38,1.2,0,0,0
1713,Enterprise,299.0,598.0,26,0,2,100.0,64,20,26.71,2.48,2,1,1
1714,Basic,29.0,58.0,19,0,5,100.0,139,30,20.52,1.34,1,1,1
1715,Pro,99.0,198.0,15,0,10,100.0,119,27,19.64,1.56,0,0,0
1716,Basic,29.0,58.0,6,3,4,25.0,100,29,25.26,2.93,0,0,0
1717,Basic,29.0,58.0,12,1,4,75.0,124,37,24.36,1.93,0,0,0
1718,Basic,29.0,77.0,0,14,7,-100.0,178,34,26.26,1.59,1,0,0
1719,Basic,29.0,58.0,5,4,3,-33.33,134,46,22.18,2.0,1,0,0
1720,Basic,29.0,157.0,9,3,9,66.67,119,35,27.46,1.86,0,0,0
1721,Enterprise,299.0,598.0,0,11,11,0.0,230,60,20.9,1.21,1,0,0
1722,Pro,99.0,297.0,2,12,8,-50.0,175,46,27.21,1.33,0,0,0
1723,Enterprise,299.0,598.0,0,10,15,33.33,221,55,24.34,1.27,0,0,0
1724,Pro,99.0,198.0,7,1,10,90.0,158,34,24.26,1.53,1,1,0
1725,Enterprise,299.0,697.0,1,6,3,-100.0,96,30,24.5,2.68,0,0,0
1726,Basic,29.0,107.0,1,2,6,66.67,103,28,21.76,2.42,0,0,1
1727,Enterprise,299.0,846.0,2,2,2,0.0,94,26,26.33,2.86,0,0,0
1728,Basic,29.0,58.0,25,0,4,100.0,97,20,28.64,1.64,1,1,1
1729,Pro,99.0,198.0,5,3,7,57.14,129,31,25.07,1.94,1,0,0
1730,Basic,29.0,157.0,5,3,6,50.0,102,23,21.21,2.34,1,0,0
1731,Basic,29.0,58.0,3,2,4,50.0,110,24,23.44,2.33,0,0,0
1732,Basic,29.0,58.0,3,4,4,0.0,90,26,24.85,2.97,0,0,0
1733,Enterprise,299.0,598.0,0,16,12,-33.33,266,70,22.75,1.06,0,0,0
1734,Enterprise,299.0,697.0,0,10,8,-25.0,219,62,24.33,1.3,1,0,0
1735,Enterprise,299.0,598.0,1,4,5,20.0,88,23,28.23,2.76,0,0,0
1736,Pro,99.0,247.0,0,4,7,42.86,105,31,27.13,2.58,0,0,1
1737,Enterprise,299.0,598.0,0,11,15,26.67,242,66,23.0,1.19,0,0,0
1738,Basic,29.0,58.0,6,2,7,71.43,113,33,22.04,1.98,0,0,1
1739,Pro,99.0,217.0,6,5,4,-25.0,112,26,26.47,1.83,0,0,0
1740,Pro,99.0,198.0,0,9,7,-28.57,193,51,21.69,1.44,0,0,0
1741,Pro,99.0,247.0,0,11,10,-10.0,208,45,22.09,1.32,0,0,0
1742,Pro,99.0,347.0,0,14,11,-27.27,228,52,26.31,1.16,0,0,0
1743,Basic,29.0,58.0,0,10,10,0.0,231,61,22.77,1.25,0,0,0
1744,Basic,29.0,58.0,2,3,4,25.0,113,26,28.74,2.6,0,0,0
1745,Basic,29.0,58.0,0,9,13,30.77,207,49,22.98,1.27,0,0,0
1746,Basic,29.0,157.0,0,14,11,-27.27,215,63,25.52,1.24,0,0,0
1747,Basic,29.0,58.0,0,11,11,0.0,188,58,22.98,1.36,0,0,0
1748,Pro,99.0,198.0,3,2,10,80.0,151,31,19.48,1.75,0,0,0
1749,Pro,99.0,198.0,3,11,7,-57.14,203,51,25.28,1.32,0,0,0
1750,Basic,29.0,58.0,5,2,8,75.0,147,37,23.56,1.57,1,1,1
1751,Pro,99.0,217.0,0,11,11,0.0,199,57,23.38,1.32,0,0,0
1752,Basic,29.0,157.0,0,10,11,9.09,213,51,23.7,1.28,0,0,0
1753,Basic,29.0,207.0,2,6,13,53.85,200,50,22.4,1.29,0,0,0
1754,Pro,99.0,198.0,4,5,2,-150.0,150,39,20.57,1.88,1,0,0
1755,Pro,99.0,198.0,0,3,10,70.0,142,38,21.03,2.07,0,0,0
1756,Pro,99.0,198.0,0,1,7,85.71,112,22,22.78,2.27,0,0,0
1757,Enterprise,299.0,747.0,0,13,8,-62.5,242,63,24.64,1.08,0,0,0
1758,Basic,29.0,58.0,0,9,9,0.0,181,45,19.93,1.47,0,0,0
1759,Pro,99.0,198.0,14,0,10,100.0,122,34,23.7,1.72,0,0,0
1760,Basic,29.0,58.0,28,0,0,0.0,110,20,22.83,1.3,1,0,1
1761,Basic,29.0,207.0,16,0,4,100.0,114,32,24.6,1.75,1,1,1
1762,Basic,29.0,58.0,0,8,13,38.46,187,50,26.54,1.47,0,0,0
1763,Basic,29.0,207.0,1,11,8,-37.5,203,49,23.88,1.21,0,0,0
1764,Basic,29.0,58.0,0,14,9,-55.56,227,58,26.29,1.15,0,0,0
1765,Pro,99.0,198.0,17,0,7,100.0,143,33,18.83,1.46,0,0,0
1766,Basic,29.0,58.0,1,3,4,25.0,83,18,31.5,3.0,0,0,0
1767,Pro,99.0,198.0,2,9,13,30.77,211,59,21.77,1.23,1,0,0
1768,Basic,29.0,58.0,0,12,14,14.29,262,71,22.62,0.98,0,0,0
1769,Basic,29.0,58.0,2,5,3,-66.67,107,28,23.71,2.87,0,0,0
1770,Basic,29.0,58.0,12,1,5,80.0,131,35,22.36,1.88,1,0,0
1771,Pro,99.0,297.0,0,13,7,-85.71,180,50,25.59,1.45,0,0,0
1772,Pro,99.0,217.0,3,9,9,0.0,207,51,26.29,1.13,0,0,0
1773,Enterprise,299.0,747.0,0,10,6,-66.67,181,46,25.3,1.64,0,0,0
1774,Pro,99.0,297.0,5,2,4,50.0,112,32,28.28,2.27,1,0,0
1775,Basic,29.0,58.0,1,1,3,66.67,96,26,21.63,3.06,0,0,0
1776,Enterprise,299.0,598.0,3,4,5,20.0,140,25,23.77,1.79,0,0,0
1777,Pro,99.0,198.0,28,0,0,0.0,71,14,21.69,2.02,0,0,0
1778,Basic,29.0,207.0,0,14,12,-16.67,253,70,25.53,1.09,0,0,0
1779,Pro,99.0,198.0,0,14,11,-27.27,201,56,24.15,1.32,0,0,0
1780,Pro,99.0,198.0,16,0,8,100.0,132,37,27.14,1.48,0,0,1
1781,Basic,29.0,58.0,2,10,12,16.67,207,56,24.4,1.19,0,0,0
1782,Pro,99.0,198.0,0,9,9,0.0,192,49,24.12,1.44,0,0,0
1783,Pro,99.0,247.0,0,11,14,21.43,243,55,22.39,1.18,0,0,0
1784,Pro,99.0,217.0,0,12,13,7.69,235,55,25.18,1.21,0,0,0
1785,Pro,99.0,198.0,2,6,11,45.45,195,40,22.87,1.45,0,0,0
1786,Pro,99.0,247.0,0,11,10,-10.0,218,54,23.18,1.18,0,0,0
1787,Pro,99.0,198.0,13,1,5,80.0,136,28,20.58,1.81,0,0,1
1788,Basic,29.0,207.0,1,9,11,18.18,182,40,24.32,1.48,0,0,0
1789,Basic,29.0,58.0,2,6,9,33.33,162,36,23.18,1.71,0,0,0
1790,Pro,99.0,297.0,2,5,6,16.67,124,31,26.69,2.21,0,0,0
1791,Basic,29.0,58.0,0,10,13,23.08,221,67,24.53,1.4,0,0,0
1792,Pro,99.0,396.0,1,12,14,14.29,244,56,24.09,1.05,0,0,0
1793,Enterprise,299.0,598.0,0,15,12,-25.0,227,67,20.7,1.2,0,0,0
1794,Pro,99.0,198.0,0,9,14,35.71,225,60,23.84,1.18,0,0,0
1795,Basic,29.0,256.0,4,2,4,50.0,86,19,20.6,2.89,0,0,0
1796,Pro,99.0,198.0,33,0,0,0.0,68,16,25.4,1.85,1,1,1
1797,Basic,29.0,157.0,2,7,9,22.22,173,42,22.24,1.38,1,0,0
1798,Pro,99.0,217.0,1,4,4,0.0,105,29,19.13,2.6,0,0,0
1799,Basic,29.0,58.0,1,7,13,46.15,186,51,23.75,1.49,0,0,0
1800,Basic,29.0,107.0,16,0,7,100.0,155,44,21.53,1.39,0,0,1
1801,Basic,29.0,207.0,0,11,8,-37.5,194,54,25.0,1.35,0,0,0
1802,Basic,29.0,77.0,0,14,18,22.22,247,53,23.56,1.02,0,0,0
1803,Basic,29.0,58.0,0,4,4,0.0,117,32,26.08,2.52,1,0,0
1804,Basic,29.0,58.0,4,4,6,33.33,122,36,26.67,2.1,0,0,0
1805,Basic,29.0,58.0,3,2,1,-100.0,60,16,18.6,3.84,0,0,0
1806,Enterprise,299.0,896.0,0,5,7,28.57,114,27,22.63,2.27,0,0,0
1807,Pro,99.0,217.0,0,13,6,-116.67,190,44,19.27,1.31,0,0,0
1808,Basic,29.0,107.0,2,4,2,-100.0,125,38,25.71,2.39,0,0,0
1809,Enterprise,299.0,598.0,0,3,3,0.0,114,26,23.96,2.39,0,0,0
1810,Pro,99.0,198.0,6,3,3,0.0,128,27,21.82,1.92,0,0,0
1811,Basic,29.0,58.0,0,14,6,-133.33,202,61,26.28,1.29,0,0,0
1812,Pro,99.0,198.0,2,1,3,66.67,125,27,24.56,2.36,1,1,1
1813,Basic,29.0,58.0,10,1,4,75.0,107,23,22.64,2.04,0,0,0
1814,Basic,29.0,58.0,8,1,8,87.5,136,39,22.24,1.58,0,0,0
1815,Basic,29.0,58.0,0,10,13,23.08,243,59,22.84,1.08,0,0,0
1816,Pro,99.0,198.0,1,7,13,46.15,197,58,25.66,1.42,0,0,0
1817,Pro,99.0,198.0,19,0,7,100.0,106,33,24.71,1.68,0,0,0
1818,Enterprise,299.0,598.0,0,11,16,31.25,252,68,24.71,1.09,0,0,0
1819,Basic,29.0,58.0,0,13,12,-8.33,197,41,23.11,1.31,0,0,0
1820,Enterprise,299.0,598.0,7,2,10,80.0,151,31,23.62,1.46,1,1,0
1821,Pro,99.0,198.0,23,0,1,100.0,106,26,26.82,1.67,1,1,1
1822,Pro,99.0,198.0,13,1,2,50.0,95,26,25.29,2.29,0,0,0
1823,Basic,29.0,58.0,0,5,4,-25.0,121,25,23.86,2.12,0,0,0
1824,Basic,29.0,58.0,9,2,5,60.0,122,36,22.33,1.85,0,0,0
1825,Pro,99.0,297.0,1,7,3,-133.33,129,24,22.25,2.13,0,0,0
1826,Basic,29.0,157.0,1,9,12,25.0,238,64,25.98,1.21,0,0,0
1827,Basic,29.0,58.0,0,10,12,16.67,213,50,24.73,1.2,0,0,0
1828,Basic,29.0,207.0,16,0,9,100.0,175,37,21.9,1.15,1,1,1
1829,Pro,99.0,198.0,0,10,10,0.0,191,41,21.27,1.42,0,0,0
1830,Basic,29.0,58.0,0,9,10,10.0,193,46,26.88,1.4,0,0,0
1831,Pro,99.0,198.0,2,3,5,40.0,91,29,20.16,3.11,0,0,0
1832,Enterprise,299.0,598.0,1,11,11,0.0,203,57,20.04,1.24,0,0,0
1833,Enterprise,299.0,598.0,15,0,10,100.0,171,56,24.76,1.23,1,1,1
1834,Basic,29.0,157.0,12,1,9,88.89,120,36,20.21,1.64,1,0,1
1835,Basic,29.0,157.0,10,3,8,62.5,118,36,18.65,1.98,0,0,0
1836,Basic,29.0,58.0,18,0,3,100.0,118,28,24.25,1.44,1,1,1
1837,Enterprise,299.0,598.0,0,4,3,-33.33,113,34,19.24,2.45,0,0,0
1838,Pro,99.0,198.0,1,11,7,-57.14,197,37,23.69,1.31,0,0,0
1839,Basic,29.0,58.0,1,11,9,-22.22,245,54,22.73,1.15,0,0,0
1840,Basic,29.0,58.0,1,4,7,42.86,130,30,24.88,1.87,1,0,0
1841,Basic,29.0,58.0,16,0,9,100.0,129,36,24.6,1.47,1,1,0
1842,Pro,99.0,198.0,0,7,6,-16.67,118,24,19.69,2.35,0,0,0
1843,Basic,29.0,58.0,27,0,1,100.0,77,23,26.76,1.91,1,1,1
1844,Enterprise,299.0,598.0,3,14,8,-75.0,183,43,26.21,1.48,0,0,0
1845,Pro,99.0,198.0,4,4,4,0.0,111,28,22.48,2.16,0,0,0
1846,Basic,29.0,77.0,9,6,2,-200.0,128,32,21.68,2.04,0,0,0
1847,Basic,29.0,58.0,0,12,13,7.69,240,63,24.12,1.16,0,0,0
1848,Basic,29.0,58.0,0,13,9,-44.44,200,50,27.29,1.45,0,0,0
1849,Basic,29.0,58.0,1,5,8,37.5,174,52,26.02,1.49,1,1,0
1850,Enterprise,299.0,598.0,8,2,3,33.33,95,32,27.55,2.69,0,0,0
1851,Enterprise,299.0,598.0,0,14,14,0.0,232,55,24.73,1.19,0,0,0
1852,Basic,29.0,58.0,10,3,3,0.0,94,25,25.14,2.38,0,0,0
1853,Basic,29.0,157.0,0,13,11,-18.18,195,49,22.51,1.22,1,0,0
1854,Pro,99.0,198.0,0,12,11,-9.09,223,67,25.98,1.2,0,0,0
1855,Pro,99.0,217.0,7,4,2,-100.0,126,33,24.17,1.87,0,0,0
1856,Basic,29.0,58.0,0,13,10,-30.0,233,59,23.51,1.18,0,0,0
1857,Pro,99.0,198.0,0,13,12,-8.33,196,51,22.11,1.29,1,0,0
1858,Basic,29.0,58.0,14,0,7,100.0,92,21,20.95,2.22,1,1,1
1859,Basic,29.0,107.0,1,2,7,71.43,119,26,21.56,2.13,0,0,0
1860,Enterprise,299.0,598.0,1,12,9,-33.33,188,40,23.55,1.47,0,0,0
1861,Basic,29.0,77.0,0,12,10,-20.0,226,68,21.59,1.2,0,0,0
1862,Basic,29.0,58.0,1,13,13,0.0,229,48,22.34,1.15,0,0,0
1863,Pro,99.0,198.0,2,6,10,40.0,174,49,24.36,1.46,0,0,0
1864,Pro,99.0,247.0,11,2,11,81.82,134,33,23.28,1.49,0,0,1
1865,Pro,99.0,198.0,1,6,10,40.0,144,33,22.0,1.76,0,0,0
1866,Basic,29.0,58.0,0,5,3,-66.67,112,28,23.42,2.53,0,0,0
1867,Pro,99.0,217.0,0,11,13,15.38,236,50,21.83,1.14,0,0,0
1868,Basic,29.0,207.0,16,0,10,100.0,140,33,25.42,1.43,1,1,1
1869,Basic,29.0,77.0,2,8,9,11.11,177,46,24.37,1.4,0,0,0
1870,Basic,29.0,58.0,0,10,12,16.67,186,42,23.45,1.33,0,0,0
1871,Pro,99.0,198.0,4,7,5,-40.0,133,30,23.19,1.82,1,0,0
1872,Pro,99.0,347.0,1,10,10,0.0,214,52,24.11,1.28,1,1,0
1873,Basic,29.0,157.0,1,10,12,16.67,227,60,24.16,1.22,0,0,0
1874,Basic,29.0,107.0,2,10,12,16.67,199,39,19.52,1.4,0,0,0
1875,Pro,99.0,247.0,1,10,9,-11.11,229,73,20.98,1.26,0,0,0
1876,Pro,99.0,247.0,2,6,12,50.0,168,57,26.93,1.46,0,0,0
1877,Basic,29.0,58.0,0,7,10,30.0,224,59,21.13,1.26,0,0,0
1878,Enterprise,299.0,647.0,0,4,3,-33.33,150,40,21.87,1.84,1,1,1
1879,Enterprise,299.0,598.0,0,8,13,38.46,189,40,24.04,1.33,0,0,0
1880,Basic,29.0,58.0,0,8,3,-166.67,142,39,24.22,1.92,0,0,0
1881,Basic,29.0,207.0,11,1,2,50.0,96,30,26.48,2.18,2,0,1
1882,Basic,29.0,107.0,1,10,11,9.09,176,36,24.74,1.36,0,0,0
1883,Basic,29.0,58.0,0,12,8,-50.0,217,59,24.48,1.2,0,0,0
1884,Pro,99.0,217.0,2,13,14,7.14,241,63,23.58,1.1,0,0,0
1885,Basic,29.0,58.0,0,12,13,7.69,209,61,25.17,1.28,1,0,0
1886,Basic,29.0,58.0,9,3,2,-50.0,92,19,26.04,2.27,0,0,0
1887,Enterprise,299.0,647.0,6,2,1,-100.0,81,22,22.94,3.47,1,1,0
1888,Pro,99.0,198.0,0,13,12,-8.33,192,50,25.5,1.33,0,0,0
1889,Pro,99.0,217.0,1,10,8,-25.0,222,62,23.0,1.21,0,0,0
1890,Basic,29.0,58.0,19,0,6,100.0,138,38,24.13,1.29,1,1,0
1891,Basic,29.0,58.0,9,1,2,50.0,157,46,25.0,1.54,1,0,0
1892,Basic,29.0,58.0,0,5,4,-25.0,91,17,21.91,2.66,0,0,1
1893,Pro,99.0,198.0,23,0,4,100.0,148,45,25.07,1.29,1,0,0
1894,Pro,99.0,396.0,6,4,5,20.0,141,33,25.75,1.71,0,0,0
1895,Basic,29.0,58.0,3,3,3,0.0,103,31,24.57,2.56,0,0,0
1896,Basic,29.0,176.0,14,0,8,100.0,100,27,25.75,1.95,0,0,0
1897,Pro,99.0,198.0,6,5,3,-66.67,99,29,21.91,2.33,0,0,0
1898,Basic,29.0,157.0,0,12,13,7.69,247,79,22.81,1.11,0,0,0
1899,Pro,99.0,198.0,0,13,8,-62.5,186,36,23.69,1.43,0,0,0
1900,Basic,29.0,107.0,0,11,8,-37.5,221,62,22.41,1.32,0,0,0
1901,Enterprise,299.0,697.0,0,4,6,33.33,98,32,26.71,2.57,1,0,1
1902,Basic,29.0,58.0,0,12,9,-33.33,201,49,23.73,1.37,0,0,0
1903,Basic,29.0,58.0,2,7,4,-75.0,142,41,23.34,1.84,0,0,0
1904,Pro,99.0,297.0,0,9,7,-28.57,163,37,22.4,1.74,0,0,0
1905,Basic,29.0,58.0,0,10,11,9.09,200,55,21.36,1.33,0,0,0
1906,Pro,99.0,198.0,8,2,7,71.43,137,38,26.7,1.77,0,0,0
1907,Basic,29.0,58.0,0,6,13,53.85,209,51,27.58,1.41,0,0,0
1908,Basic,29.0,58.0,21,0,3,100.0,123,24,24.19,1.52,1,0,1
1909,Basic,29.0,256.0,0,3,3,0.0,128,35,26.96,2.55,0,0,0
1910,Pro,99.0,198.0,0,13,12,-8.33,219,61,24.53,1.19,0,0,0
1911,Basic,29.0,107.0,1,13,9,-44.44,219,54,24.46,1.23,0,0,0
1912,Pro,99.0,297.0,5,2,10,80.0,114,31,20.83,2.27,0,0,0
1913,Pro,99.0,198.0,14,0,10,100.0,106,19,20.8,1.88,0,0,0
1914,Basic,29.0,58.0,13,1,8,87.5,115,29,24.18,1.67,1,1,0
1915,Pro,99.0,198.0,0,17,7,-142.86,228,56,24.54,1.24,0,0,0
1916,Enterprise,299.0,647.0,16,0,8,100.0,86,20,24.95,2.07,0,0,0
1917,Pro,99.0,198.0,8,3,5,40.0,147,44,25.91,1.64,0,0,0
1918,Pro,99.0,198.0,4,3,5,40.0,114,26,19.54,2.13,0,0,0
1919,Basic,29.0,107.0,1,11,10,-10.0,192,54,25.26,1.27,0,0,0
1920,Enterprise,299.0,598.0,0,13,12,-8.33,220,59,25.04,1.2,1,0,0
1921,Basic,29.0,107.0,0,11,12,8.33,200,46,23.95,1.36,0,0,0
1922,Basic,29.0,58.0,18,0,6,100.0,138,43,27.41,1.59,0,0,0
1923,Enterprise,299.0,697.0,1,8,12,33.33,249,56,21.11,1.1,0,0,0
1924,Basic,29.0,107.0,0,11,10,-10.0,216,46,19.78,1.22,0,0,0
1925,Enterprise,299.0,598.0,5,4,3,-33.33,105,25,22.55,2.73,0,0,0
1926,Basic,29.0,107.0,3,4,3,-33.33,124,26,27.0,2.08,0,0,0
1927,Enterprise,299.0,598.0,11,2,1,-100.0,97,18,23.45,2.29,1,1,1
1928,Enterprise,299.0,598.0,0,14,12,-16.67,213,52,24.55,1.16,0,0,0
1929,Pro,99.0,446.0,0,13,13,0.0,251,59,22.88,1.23,0,0,0
1930,Pro,99.0,198.0,0,3,6,50.0,128,33,28.28,2.1,0,0,0
1931,Pro,99.0,198.0,7,3,5,40.0,117,24,22.39,2.28,0,0,0
1932,Basic,29.0,207.0,1,4,5,20.0,110,31,26.7,2.5,0,0,0
1933,Enterprise,299.0,598.0,4,1,4,75.0,120,26,23.62,1.94,2,1,0
1934,Basic,29.0,58.0,0,10,12,16.67,242,64,25.36,1.16,0,0,0
1935,Basic,29.0,58.0,0,9,5,-80.0,141,39,24.72,1.92,0,0,0
1936,Pro,99.0,198.0,0,10,15,33.33,241,66,23.91,1.13,0,0,0
1937,Pro,99.0,255.0,14,0,10,100.0,120,16,23.19,1.7,1,1,1
1938,Pro,99.0,198.0,0,3,4,25.0,110,29,20.54,2.36,1,0,0
1939,Pro,99.0,198.0,9,2,2,0.0,96,24,26.0,2.5,0,0,0
1940,Basic,29.0,107.0,6,3,3,0.0,91,24,26.0,2.7,1,0,0
1941,Pro,99.0,198.0,19,0,6,100.0,123,41,25.22,1.47,1,1,1
1942,Pro,99.0,198.0,5,8,7,-14.29,178,44,29.11,1.55,0,0,0
1943,Basic,29.0,58.0,3,10,12,16.67,205,46,21.28,1.23,0,0,0
1944,Basic,29.0,58.0,1,10,15,33.33,209,57,23.18,1.17,0,0,0
1945,Pro,99.0,198.0,22,0,5,100.0,141,45,25.06,1.24,1,1,0
1946,Basic,29.0,157.0,0,11,11,0.0,239,53,24.61,1.23,0,0,0
1947,Pro,99.0,198.0,0,17,10,-70.0,251,71,20.31,1.02,0,0,0
1948,Pro,99.0,198.0,13,1,2,50.0,99,20,18.5,2.12,0,0,0
1949,Pro,99.0,198.0,1,12,8,-50.0,195,42,23.2,1.34,1,0,0
1950,Basic,29.0,58.0,1,6,6,0.0,122,35,19.07,2.22,0,0,0
1951,Pro,99.0,198.0,0,12,10,-20.0,257,63,26.87,1.1,0,0,0
1952,Pro,99.0,198.0,3,9,12,25.0,209,57,25.52,1.23,0,0,0
1953,Pro,99.0,198.0,0,12,14,14.29,272,57,24.2,1.06,1,0,0
1954,Enterprise,299.0,598.0,2,9,12,25.0,226,48,24.83,1.19,0,0,0
1955,Basic,29.0,175.0,0,13,11,-18.18,238,52,22.75,1.17,0,0,0
1956,Basic,29.0,157.0,24,0,4,100.0,102,31,25.52,1.58,1,1,1
1957,Enterprise,299.0,598.0,1,12,15,20.0,241,57,26.28,1.18,1,0,0
1958,Basic,29.0,58.0,1,2,5,60.0,117,25,24.04,2.4,0,0,0
1959,Enterprise,299.0,598.0,2,2,3,33.33,104,22,23.59,2.71,0,0,0
1960,Basic,29.0,58.0,0,12,11,-9.09,230,59,25.13,1.15,0,0,0
1961,Pro,99.0,198.0,2,9,8,-12.5,186,42,23.32,1.42,0,0,0
1962,Pro,99.0,198.0,0,12,8,-50.0,190,45,26.95,1.4,0,0,0
1963,Pro,99.0,198.0,0,13,10,-30.0,215,62,23.04,1.22,0,0,0
1964,Pro,99.0,198.0,0,11,12,8.33,229,50,25.47,1.23,0,0,0
1965,Pro,99.0,347.0,1,8,12,33.33,198,46,21.41,1.32,0,0,0
1966,Pro,99.0,217.0,0,3,7,57.14,119,27,20.74,2.28,1,0,0
1967,Pro,99.0,366.0,1,3,3,0.0,109,35,25.8,2.39,1,1,0
1968,Pro,99.0,198.0,4,4,11,63.64,140,41,17.48,1.7,0,0,0
1969,Basic,29.0,58.0,2,5,8,37.5,125,28,23.83,1.94,0,0,0
1970,Basic,29.0,157.0,1,7,11,36.36,197,48,24.93,1.29,0,0,0
1971,Basic,29.0,58.0,0,10,8,-25.0,183,50,22.44,1.4,0,0,0
1972,Pro,99.0,198.0,4,6,1,-500.0,87,31,22.86,2.73,0,0,0
1973,Pro,99.0,347.0,3,3,4,25.0,115,16,22.56,2.33,0,0,0
1974,Basic,29.0,77.0,0,12,10,-20.0,236,48,22.39,1.22,0,0,0
1975,Basic,29.0,58.0,0,11,10,-10.0,211,45,25.49,1.26,0,0,0
1976,Basic,29.0,58.0,1,9,11,18.18,193,51,22.91,1.3,0,0,0
1977,Pro,99.0,198.0,2,4,8,50.0,134,40,26.61,1.86,0,0,0
1978,Enterprise,299.0,598.0,15,0,10,100.0,113,29,23.36,1.84,1,1,1
1979,Pro,99.0,297.0,1,10,7,-42.86,221,52,24.35,1.24,0,0,0
1980,Pro,99.0,297.0,2,2,5,60.0,99,24,25.38,2.86,0,0,0
1981,Basic,29.0,58.0,0,13,7,-85.71,202,47,23.89,1.32,0,0,0
1982,Pro,99.0,236.0,0,10,10,0.0,223,54,24.65,1.22,0,0,0
1983,Pro,99.0,198.0,4,6,6,0.0,127,28,25.86,1.89,0,0,0
1984,Basic,29.0,58.0,0,9,13,30.77,208,50,22.16,1.3,0,0,0
1985,Basic,29.0,58.0,4,6,10,40.0,176,37,23.12,1.38,0,0,0
1986,Basic,29.0,107.0,3,4,6,33.33,140,29,19.79,1.69,1,0,1
1987,Basic,29.0,157.0,9,4,3,-33.33,119,25,27.38,2.19,1,0,0
1988,Basic,29.0,58.0,8,3,12,75.0,149,40,24.66,1.59,1,1,1
1989,Basic,29.0,58.0,0,14,11,-27.27,212,45,25.47,1.22,0,0,0
1990,Enterprise,299.0,598.0,30,0,0,0.0,101,22,28.62,1.41,1,1,1
1991,Basic,29.0,58.0,10,2,4,50.0,121,29,28.67,2.14,0,0,0
1992,Basic,29.0,58.0,1,12,10,-20.0,184,49,25.4,1.42,0,0,0
1993,Basic,29.0,107.0,0,9,10,10.0,187,43,25.3,1.41,0,0,0
1994,Pro,99.0,198.0,0,11,11,0.0,212,52,24.13,1.31,0,0,0
1995,Basic,29.0,77.0,13,2,7,71.43,150,38,27.75,1.32,0,0,0
1996,Pro,99.0,198.0,0,11,10,-10.0,258,55,24.67,1.16,0,0,0
1997,Pro,99.0,297.0,0,11,11,0.0,210,48,22.82,1.31,0,0,0
1998,Pro,99.0,217.0,0,2,2,0.0,103,24,24.92,2.53,1,1,0
1999,Enterprise,299.0,598.0,0,10,6,-66.67,146,33,25.3,1.85,0,0,0
2000,Basic,29.0,58.0,0,18,6,-200.0,198,45,22.22,1.27,0,0,0
2001,Basic,29.0,58.0,3,9,12,25.0,223,62,27.54,1.17,1,0,0
2002,Enterprise,299.0,598.0,3,9,10,10.0,211,57,26.21,1.18,1,0,0
2003,Basic,29.0,58.0,8,5,10,50.0,142,45,24.25,1.66,0,0,0
2004,Basic,29.0,58.0,0,1,5,80.0,92,26,24.76,2.46,0,0,0
2005,Basic,29.0,207.0,0,11,12,8.33,185,45,24.76,1.46,1,0,0
2006,Basic,29.0,58.0,1,10,14,28.57,213,52,25.23,1.27,0,0,0
2007,Enterprise,299.0,796.0,3,12,20,40.0,255,65,25.61,1.06,0,0,0
2008,Pro,99.0,198.0,0,10,8,-25.0,192,57,24.09,1.35,0,0,0
2009,Basic,29.0,58.0,3,4,13,69.23,183,44,26.71,1.33,1,1,1
2010,Basic,29.0,157.0,0,6,6,0.0,142,30,23.57,2.16,0,0,0
2011,Enterprise,299.0,598.0,5,4,7,42.86,102,20,23.61,2.44,1,0,0
2012,Enterprise,299.0,598.0,1,11,13,15.38,215,61,22.39,1.2,0,0,0
2013,Basic,29.0,107.0,0,10,13,23.08,262,63,26.33,1.14,0,0,0
2014,Pro,99.0,198.0,1,2,1,-100.0,87,24,26.4,2.91,1,1,1
2015,Basic,29.0,207.0,0,5,6,16.67,132,32,27.21,2.02,0,0,0
2016,Basic,29.0,58.0,10,2,6,66.67,100,19,24.7,2.22,1,0,0
2017,Basic,29.0,58.0,20,0,5,100.0,140,44,23.94,1.21,3,2,1
2018,Pro,99.0,198.0,0,6,13,53.85,218,46,22.02,1.26,0,0,0
2019,Basic,29.0,58.0,0,11,10,-10.0,217,52,22.4,1.35,0,0,0
2020,Basic,29.0,107.0,1,9,11,18.18,218,47,23.43,1.36,0,0,0
2021,Enterprise,299.0,697.0,22,0,8,100.0,110,27,26.26,1.44,0,0,0
2022,Pro,99.0,198.0,0,14,8,-75.0,202,49,24.83,1.29,0,0,0
2023,Enterprise,299.0,697.0,5,2,3,33.33,102,23,29.26,2.45,0,0,0
2024,Basic,29.0,58.0,15,0,5,100.0,88,13,24.55,2.17,0,0,0
2025,Pro,99.0,247.0,0,8,11,27.27,228,45,20.63,1.16,0,0,0
2026,Basic,29.0,58.0,0,18,10,-80.0,258,63,24.89,1.03,0,0,0
2027,Basic,29.0,58.0,14,0,4,100.0,111,27,23.12,1.81,0,0,1
2028,Pro,99.0,198.0,6,3,6,50.0,111,26,23.88,2.18,0,0,0
2029,Basic,29.0,107.0,0,10,12,16.67,175,36,23.9,1.44,1,0,0
2030,Pro,99.0,198.0,2,5,7,28.57,130,27,23.46,2.05,0,0,0
2031,Basic,29.0,58.0,0,3,4,25.0,130,29,24.21,2.11,0,0,0
2032,Pro,99.0,198.0,4,9,10,10.0,245,53,23.42,1.05,0,0,0
2033,Basic,29.0,175.0,1,6,7,14.29,134,38,25.79,1.81,0,0,1
2034,Basic,29.0,58.0,0,10,13,23.08,211,52,20.96,1.27,0,0,0
2035,Basic,29.0,58.0,0,9,14,35.71,227,50,25.28,1.2,0,0,0
2036,Pro,99.0,217.0,9,3,5,40.0,108,28,23.0,1.97,0,0,0
2037,Basic,29.0,176.0,2,1,3,66.67,130,28,24.77,1.96,1,1,1
2038,Enterprise,299.0,598.0,21,0,6,100.0,176,38,23.08,1.0,1,1,1
2039,Basic,29.0,58.0,1,11,10,-10.0,212,55,22.71,1.19,0,0,0
2040,Enterprise,299.0,647.0,7,3,8,62.5,156,32,23.24,1.63,0,0,0
2041,Basic,29.0,58.0,0,13,13,0.0,245,65,22.5,1.16,0,0,0
2042,Basic,29.0,58.0,21,0,5,100.0,107,35,26.73,1.47,1,1,1
2043,Pro,99.0,198.0,0,8,8,0.0,195,51,23.12,1.52,1,0,0
2044,Basic,29.0,58.0,8,4,5,20.0,119,33,22.67,1.88,1,0,0
2045,Pro,99.0,198.0,1,12,11,-9.09,218,57,25.2,1.1,0,0,0
2046,Pro,99.0,198.0,11,2,6,66.67,153,50,21.73,1.28,3,1,1
2047,Basic,29.0,58.0,4,5,5,0.0,132,34,23.46,2.0,0,0,0
2048,Basic,29.0,77.0,2,2,9,77.78,130,30,23.72,1.95,0,0,0
2049,Pro,99.0,217.0,2,3,4,25.0,107,32,28.54,2.28,0,0,0
2050,Pro,99.0,198.0,0,15,12,-25.0,235,50,24.12,1.23,0,0,0
2051,Enterprise,299.0,598.0,0,5,9,44.44,161,41,24.59,1.61,1,0,0
2052,Basic,29.0,58.0,0,5,2,-150.0,121,40,24.12,2.35,0,0,0
2053,Pro,99.0,198.0,0,11,11,0.0,200,51,23.33,1.35,1,0,0
2054,Enterprise,299.0,598.0,13,1,4,75.0,86,21,20.75,2.44,2,1,1
2055,Basic,29.0,58.0,19,0,4,100.0,127,31,24.09,1.77,1,1,1
2056,Basic,29.0,77.0,0,11,9,-22.22,210,50,26.52,1.2,0,0,0
2057,Basic,29.0,58.0,18,0,7,100.0,119,27,28.63,1.46,1,0,1
2058,Pro,99.0,247.0,0,7,8,12.5,177,53,24.9,1.42,0,0,0
2059,Basic,29.0,58.0,1,6,3,-100.0,90,27,28.1,2.85,0,0,0
2060,Basic,29.0,157.0,21,0,3,100.0,93,20,25.1,1.82,1,1,0
2061,Pro,99.0,247.0,0,5,5,0.0,124,24,20.03,2.04,0,0,0
2062,Enterprise,299.0,598.0,0,10,11,9.09,166,40,26.54,1.55,0,0,0
2063,Enterprise,299.0,598.0,14,0,8,100.0,118,37,26.3,1.61,0,0,0
2064,Pro,99.0,198.0,0,10,11,9.09,226,59,26.48,1.15,0,0,0
2065,Enterprise,299.0,598.0,0,10,9,-11.11,200,64,24.5,1.23,0,0,0
2066,Basic,29.0,58.0,0,7,9,22.22,199,49,24.52,1.3,0,0,0
2067,Pro,99.0,198.0,1,5,4,-25.0,136,38,24.1,1.97,0,0,0
2068,Pro,99.0,198.0,13,1,13,92.31,172,41,23.95,1.2,2,2,1
2069,Basic,29.0,58.0,1,2,7,71.43,103,28,19.68,2.74,0,0,0
2070,Basic,29.0,58.0,18,0,2,100.0,85,15,22.4,2.15,1,1,1
2071,Pro,99.0,198.0,8,6,5,-20.0,134,31,26.67,1.76,0,0,0
2072,Pro,99.0,296.0,0,15,13,-15.38,253,61,24.98,1.11,1,1,0
2073,Basic,29.0,207.0,7,2,5,60.0,86,21,22.5,2.26,0,0,0
2074,Basic,29.0,58.0,0,16,9,-77.78,220,60,23.48,1.26,0,0,0
2075,Basic,29.0,126.0,1,4,4,0.0,147,21,24.7,2.01,0,0,0
2076,Basic,29.0,107.0,0,12,15,20.0,232,57,22.15,1.12,0,0,0
2077,Pro,99.0,198.0,11,3,9,66.67,108,29,24.5,1.93,1,1,0
2078,Basic,29.0,206.0,1,12,12,0.0,200,51,25.18,1.34,0,0,0
2079,Basic,29.0,58.0,0,11,13,15.38,229,62,23.57,1.08,0,0,0
2080,Basic,29.0,58.0,0,6,7,14.29,141,33,24.91,1.84,0,0,0
2081,Pro,99.0,217.0,1,5,4,-25.0,110,26,25.41,2.2,0,0,1
2082,Basic,29.0,77.0,18,0,6,100.0,103,19,26.65,1.64,1,1,0
2083,Basic,29.0,58.0,20,0,4,100.0,160,46,23.15,1.2,2,2,1
2084,Pro,99.0,198.0,0,10,13,23.08,208,48,25.56,1.26,0,0,0
2085,Pro,99.0,198.0,0,14,10,-40.0,236,55,24.77,1.07,0,0,0
2086,Pro,99.0,198.0,0,17,9,-88.89,208,49,23.79,1.28,1,0,0
2087,Basic,29.0,58.0,26,0,1,100.0,97,23,26.1,1.65,0,0,0
2088,Basic,29.0,107.0,18,0,7,100.0,132,30,22.24,1.45,1,1,1
2089,Basic,29.0,107.0,2,4,4,0.0,136,24,25.66,2.02,0,0,0
2090,Pro,99.0,198.0,2,7,4,-75.0,117,25,23.52,2.25,0,0,1
2091,Basic,29.0,58.0,2,13,10,-30.0,229,49,23.26,1.08,1,0,0
2092,Basic,29.0,58.0,0,10,7,-42.86,197,41,23.07,1.37,0,0,0
2093,Pro,99.0,198.0,8,1,0,-100.0,109,22,19.43,2.54,1,0,0
2094,Enterprise,299.0,598.0,1,7,6,-16.67,133,35,25.56,1.86,0,0,0
2095,Pro,99.0,198.0,3,1,9,88.89,139,30,25.19,1.76,1,0,0
2096,Basic,29.0,58.0,30,0,0,0.0,96,21,20.52,1.22,1,0,1
2097,Pro,99.0,198.0,3,2,4,50.0,113,28,24.74,2.51,0,0,1
2098,Basic,29.0,58.0,1,12,8,-50.0,210,62,22.87,1.26,0,0,0
2099,Basic,29.0,58.0,11,1,10,90.0,152,45,22.69,1.31,1,1,1
2100,Pro,99.0,297.0,0,13,11,-18.18,232,60,27.59,1.17,0,0,0
2101,Enterprise,299.0,647.0,0,9,12,25.0,172,40,25.38,1.55,1,0,0
2102,Basic,29.0,58.0,0,16,14,-14.29,250,82,23.0,1.06,0,0,0
2103,Pro,99.0,198.0,29,0,0,0.0,70,18,21.88,1.87,1,1,0
2104,Basic,29.0,58.0,2,1,1,0.0,124,29,24.32,2.39,1,1,0
2105,Basic,29.0,256.0,18,0,4,100.0,118,30,23.52,1.63,1,1,1
2106,Pro,99.0,347.0,0,5,6,16.67,134,35,24.77,1.95,0,0,0
2107,Basic,29.0,157.0,21,0,1,100.0,85,19,27.75,2.02,0,0,0
2108,Pro,99.0,198.0,2,11,5,-120.0,162,39,21.69,1.47,0,0,0
2109,Pro,99.0,198.0,0,12,15,20.0,250,65,23.49,1.09,0,0,0
2110,Enterprise,299.0,598.0,1,10,9,-11.11,184,45,19.79,1.39,0,0,0
2111,Pro,99.0,198.0,11,2,7,71.43,128,32,21.87,1.65,1,0,0
2112,Basic,29.0,58.0,0,9,13,30.77,172,39,23.15,1.43,0,0,0
2113,Basic,29.0,58.0,0,14,15,6.67,235,64,23.84,1.21,0,0,0
2114,Basic,29.0,207.0,3,2,8,75.0,100,30,26.04,2.34,0,0,0
2115,Basic,29.0,207.0,0,13,13,0.0,236,48,24.02,1.14,0,0,0
2116,Pro,99.0,198.0,1,8,11,27.27,200,46,24.98,1.33,0,0,0
2117,Enterprise,299.0,617.0,19,0,3,100.0,96,33,22.05,2.0,0,0,1
2118,Pro,99.0,198.0,4,3,3,0.0,100,22,24.7,2.46,0,0,0
2119,Enterprise,299.0,617.0,0,12,13,7.69,235,61,26.78,1.12,0,0,0
2120,Basic,29.0,157.0,1,12,13,7.69,199,51,21.51,1.18,0,0,0
2121,Pro,99.0,198.0,0,11,13,15.38,226,53,22.22,1.18,1,0,0
2122,Pro,99.0,198.0,1,2,14,85.71,166,48,24.58,1.54,1,1,1
2123,Enterprise,299.0,598.0,4,6,2,-200.0,104,21,24.57,2.76,0,0,0
2124,Basic,29.0,58.0,31,0,0,0.0,107,31,25.62,1.36,1,1,1
2125,Pro,99.0,347.0,0,12,11,-9.09,222,54,27.66,1.2,1,0,0
2126,Basic,29.0,58.0,21,0,2,100.0,109,27,25.24,1.59,1,1,1
2127,Pro,99.0,198.0,5,4,5,20.0,131,26,26.72,1.74,0,0,0
2128,Enterprise,299.0,598.0,4,2,9,77.78,155,41,24.78,1.79,0,0,0
2129,Pro,99.0,347.0,0,16,11,-45.45,269,74,23.71,1.03,0,0,0
2130,Basic,29.0,225.0,0,9,10,10.0,206,53,19.71,1.46,0,0,0
2131,Pro,99.0,198.0,6,5,2,-150.0,86,17,24.5,2.47,0,0,0
2132,Enterprise,299.0,746.0,0,9,12,25.0,211,49,24.23,1.26,0,0,0
2133,Pro,99.0,217.0,11,2,5,60.0,122,40,28.52,2.0,0,0,0
2134,Pro,99.0,347.0,3,1,6,83.33,87,28,21.38,2.72,0,0,0
2135,Basic,29.0,58.0,2,6,4,-50.0,91,20,18.25,2.44,1,1,0
2136,Basic,29.0,58.0,1,13,11,-18.18,213,54,23.98,1.17,1,0,0
2137,Basic,29.0,107.0,0,5,1,-400.0,161,37,20.3,2.05,0,0,0
2138,Enterprise,299.0,647.0,5,9,2,-350.0,130,29,21.48,1.78,0,0,0
2139,Pro,99.0,198.0,2,6,4,-50.0,128,36,21.48,2.03,0,0,0
2140,Pro,99.0,217.0,1,11,11,0.0,203,54,24.64,1.25,0,0,0
2141,Basic,29.0,107.0,1,10,14,28.57,239,51,22.56,1.18,0,0,0
2142,Basic,29.0,58.0,1,13,10,-30.0,261,55,22.12,1.01,1,0,0
2143,Basic,29.0,58.0,0,13,9,-44.44,214,42,24.47,1.24,0,0,0
2144,Enterprise,299.0,598.0,0,10,7,-42.86,183,32,21.58,1.44,0,0,0
2145,Basic,29.0,58.0,0,12,10,-20.0,224,66,22.33,1.26,0,0,0
2146,Pro,99.0,198.0,0,10,11,9.09,179,43,22.74,1.41,0,0,0
2147,Basic,29.0,107.0,11,1,8,87.5,128,26,21.18,1.78,0,0,0
2148,Basic,29.0,58.0,0,9,8,-12.5,201,45,23.41,1.31,0,0,0
2149,Basic,29.0,107.0,0,11,11,0.0,212,51,27.33,1.34,0,0,0
2150,Basic,29.0,58.0,0,12,13,7.69,225,65,25.06,1.16,0,0,0
2151,Pro,99.0,198.0,3,7,5,-40.0,151,51,23.71,1.7,0,0,0
2152,Pro,99.0,198.0,2,11,12,8.33,194,58,22.13,1.27,0,0,0
2153,Enterprise,299.0,598.0,0,13,8,-62.5,212,50,24.98,1.42,0,0,0
2154,Basic,29.0,58.0,2,2,5,60.0,108,29,23.88,2.19,0,0,0
2155,Basic,29.0,58.0,0,5,11,54.55,148,29,22.68,1.76,0,0,0
2156,Pro,99.0,266.0,16,0,8,100.0,127,24,28.91,1.37,1,1,1
2157,Basic,29.0,226.0,2,6,6,0.0,148,48,24.75,1.84,0,0,0
2158,Enterprise,299.0,846.0,0,16,7,-128.57,201,58,20.1,1.43,0,0,0
2159,Basic,29.0,58.0,3,12,11,-9.09,238,56,25.44,1.14,0,0,0
2160,Basic,29.0,58.0,0,8,8,0.0,161,51,23.38,1.64,0,0,0
2161,Enterprise,299.0,598.0,1,2,2,0.0,41,13,22.42,4.82,0,0,0
2162,Pro,99.0,366.0,0,13,12,-8.33,252,70,25.1,1.21,0,0,0
2163,Pro,99.0,198.0,19,0,4,100.0,140,34,23.3,1.37,1,0,0
2164,Pro,99.0,198.0,1,8,13,38.46,226,51,24.72,1.25,0,0,0
2165,Pro,99.0,217.0,0,13,11,-18.18,225,49,25.21,1.16,0,0,0
2166,Basic,29.0,58.0,1,11,8,-37.5,200,52,24.4,1.39,0,0,0
2167,Pro,99.0,347.0,10,1,7,85.71,94,23,20.45,2.25,0,0,0
2168,Basic,29.0,58.0,0,17,16,-6.25,279,58,26.25,0.94,1,0,0
2169,Basic,29.0,77.0,0,11,7,-57.14,202,52,25.55,1.38,0,0,0
2170,Basic,29.0,58.0,0,10,11,9.09,199,63,24.0,1.24,0,0,0
2171,Pro,99.0,198.0,1,8,14,42.86,201,54,24.43,1.28,0,0,0
2172,Basic,29.0,157.0,1,13,12,-8.33,232,56,22.84,1.15,0,0,0
2173,Enterprise,299.0,697.0,2,1,9,88.89,78,13,20.67,3.3,0,0,0
2174,Pro,99.0,198.0,0,9,12,25.0,215,53,25.0,1.28,0,0,0
2175,Pro,99.0,217.0,0,10,15,33.33,194,53,26.51,1.45,0,0,0
2176,Pro,99.0,198.0,15,0,6,100.0,129,35,26.92,1.74,1,1,0
2177,Pro,99.0,198.0,12,3,10,70.0,198,46,22.9,1.16,2,1,0
2178,Pro,99.0,347.0,3,11,13,15.38,236,54,26.15,1.0,0,0,0
2179,Enterprise,299.0,697.0,2,12,9,-33.33,202,52,21.96,1.24,0,0,0
2180,Pro,99.0,198.0,1,11,14,21.43,251,63,21.21,1.1,0,0,0
2181,Basic,29.0,58.0,0,10,13,23.08,253,69,26.26,1.21,0,0,0
2182,Basic,29.0,58.0,5,12,7,-71.43,201,58,20.96,1.23,0,0,0
2183,Pro,99.0,297.0,1,7,13,46.15,227,68,25.1,1.19,0,0,0
2184,Basic,29.0,58.0,0,8,3,-166.67,129,38,24.03,2.04,0,0,0
2185,Basic,29.0,58.0,6,5,4,-25.0,160,29,20.88,1.61,0,0,0
2186,Pro,99.0,198.0,19,0,7,100.0,109,24,25.59,1.45,2,1,1
2187,Pro,99.0,446.0,0,10,13,23.08,213,55,22.12,1.19,0,0,0
2188,Pro,99.0,198.0,0,8,9,11.11,217,62,25.24,1.34,0,0,0
2189,Basic,29.0,256.0,7,3,4,25.0,101,29,27.46,2.25,0,0,0
2190,Basic,29.0,157.0,2,5,5,0.0,135,41,22.33,2.17,0,0,0
2191,Pro,99.0,198.0,24,0,2,100.0,108,27,25.48,1.74,2,1,0
2192,Enterprise,299.0,598.0,3,10,13,23.08,202,51,22.85,1.18,0,0,0
2193,Basic,29.0,58.0,0,5,7,28.57,124,26,28.15,2.29,0,0,0
2194,Basic,29.0,58.0,10,3,2,-50.0,113,29,23.8,1.96,0,0,0
2195,Pro,99.0,198.0,1,1,3,66.67,102,22,21.18,2.72,1,0,0
2196,Basic,29.0,157.0,1,10,9,-11.11,193,46,22.59,1.27,0,0,0
2197,Basic,29.0,107.0,0,14,12,-16.67,193,38,23.07,1.29,0,0,0
2198,Enterprise,299.0,598.0,0,7,10,30.0,218,58,24.62,1.35,0,0,0
2199,Basic,29.0,58.0,0,15,8,-87.5,213,47,24.68,1.28,0,0,0
2200,Pro,99.0,198.0,1,1,5,80.0,91,22,22.8,2.97,0,0,0
2201,Basic,29.0,77.0,0,8,12,33.33,205,46,23.94,1.28,0,0,0
2202,Basic,29.0,58.0,2,6,6,0.0,166,45,22.11,1.59,0,0,0
2203,Pro,99.0,198.0,1,6,0,-100.0,111,30,25.0,2.33,0,0,0
2204,Basic,29.0,58.0,0,13,11,-18.18,200,46,22.12,1.43,0,0,0
2205,Enterprise,299.0,598.0,1,12,13,7.69,204,56,25.86,1.19,0,0,0
2206,Pro,99.0,198.0,0,6,7,14.29,167,52,24.77,1.55,1,0,0
2207,Basic,29.0,77.0,0,13,13,0.0,244,71,24.04,1.13,0,0,0
2208,Pro,99.0,198.0,17,0,7,100.0,123,37,22.46,1.55,1,1,0
2209,Basic,29.0,77.0,1,14,14,0.0,271,70,23.02,1.02,0,0,0
2210,Basic,29.0,58.0,0,12,8,-50.0,206,59,26.65,1.4,0,0,0
2211,Basic,29.0,77.0,0,10,7,-42.86,207,54,22.6,1.44,0,0,0
2212,Pro,99.0,297.0,1,12,10,-20.0,238,72,24.62,1.13,0,0,0
2213,Basic,29.0,58.0,14,0,12,100.0,154,42,23.94,1.34,0,0,0
2214,Basic,29.0,58.0,23,0,4,100.0,88,21,25.45,1.64,1,0,1
2215,Basic,29.0,107.0,30,0,0,0.0,50,11,18.2,3.1,1,1,1
2216,Pro,99.0,296.0,2,5,7,28.57,128,30,23.23,1.9,0,0,0
2217,Enterprise,299.0,697.0,0,8,7,-14.29,180,48,23.73,1.5,0,0,0
2218,Enterprise,299.0,598.0,0,6,9,33.33,176,48,22.66,1.51,0,0,0
2219,Basic,29.0,58.0,0,14,13,-7.69,217,44,24.32,1.14,0,0,0
2220,Pro,99.0,198.0,1,7,12,41.67,200,36,21.43,1.27,0,0,0
2221,Pro,99.0,198.0,4,4,2,-100.0,100,21,23.08,2.32,0,0,0
2222,Pro,99.0,198.0,27,0,1,100.0,100,34,25.78,1.23,1,1,1
2223,Basic,29.0,226.0,0,8,8,0.0,164,34,21.97,1.69,0,0,0
2224,Basic,29.0,58.0,0,12,8,-50.0,197,55,26.05,1.35,0,0,0
2225,Basic,29.0,58.0,2,11,11,0.0,185,40,22.0,1.36,0,0,0
2226,Basic,29.0,58.0,24,0,2,100.0,132,29,25.36,1.07,1,1,1
2227,Pro,99.0,198.0,2,8,15,46.67,227,63,24.25,1.22,0,0,0
2228,Pro,99.0,297.0,1,8,13,38.46,212,60,25.13,1.31,0,0,0
2229,Basic,29.0,58.0,2,2,4,50.0,114,30,23.31,1.98,0,0,0
2230,Basic,29.0,77.0,0,7,11,36.36,187,47,22.27,1.46,0,0,0
2231,Enterprise,299.0,598.0,25,0,1,100.0,100,22,22.71,1.7,0,0,0
2232,Pro,99.0,217.0,2,7,6,-16.67,123,37,26.86,2.06,0,0,0
2233,Pro,99.0,198.0,2,7,8,12.5,177,53,21.31,1.43,0,0,0
2234,Basic,29.0,207.0,0,14,9,-55.56,223,50,23.83,1.25,1,0,0
2235,Basic,29.0,207.0,3,4,3,-33.33,114,30,21.62,1.98,0,0,0
2236,Basic,29.0,58.0,6,2,6,66.67,124,34,29.78,2.06,0,0,0
2237,Enterprise,299.0,598.0,1,2,6,66.67,128,30,24.48,2.38,0,0,0
2238,Pro,99.0,198.0,15,0,3,100.0,105,18,23.6,1.84,1,1,0
2239,Basic,29.0,58.0,4,4,5,20.0,128,30,24.93,1.89,0,0,0
2240,Basic,29.0,58.0,2,4,6,33.33,132,36,24.26,2.19,0,0,0
2241,Basic,29.0,58.0,24,0,2,100.0,110,26,25.09,1.68,1,1,1
2242,Enterprise,299.0,598.0,5,10,6,-66.67,174,42,24.74,1.43,0,0,0
2243,Basic,29.0,58.0,20,0,6,100.0,139,42,25.72,1.12,1,1,1
2244,Basic,29.0,207.0,17,0,6,100.0,115,27,23.24,1.66,3,1,0
2245,Pro,99.0,396.0,0,13,13,0.0,258,64,24.29,1.12,0,0,0
2246,Basic,29.0,356.0,3,12,10,-20.0,210,56,25.96,1.14,0,0,0
2247,Pro,99.0,198.0,0,10,11,9.09,212,51,23.34,1.19,0,0,0
2248,Pro,99.0,198.0,1,9,11,18.18,211,52,24.51,1.39,0,0,0
2249,Pro,99.0,198.0,24,0,5,100.0,78,20,21.68,1.62,1,1,1
2250,Enterprise,299.0,598.0,0,11,10,-10.0,227,49,22.16,1.24,0,0,0
2251,Pro,99.0,198.0,1,3,3,0.0,127,33,27.0,2.19,0,0,0
2252,Pro,99.0,247.0,3,1,4,75.0,106,24,25.76,2.34,1,1,0
2253,Basic,29.0,58.0,2,10,11,9.09,190,42,24.88,1.36,0,0,0
2254,Enterprise,299.0,598.0,0,10,7,-42.86,203,51,21.72,1.51,0,0,0
2255,Pro,99.0,266.0,6,2,7,71.43,112,22,22.58,2.28,1,1,0
2256,Basic,29.0,58.0,30,0,0,0.0,78,21,20.2,2.01,1,1,0
2257,Basic,29.0,157.0,9,3,8,62.5,165,46,20.5,1.51,0,0,0
2258,Pro,99.0,198.0,0,1,1,0.0,121,34,22.96,2.38,2,1,1
2259,Basic,29.0,207.0,1,10,10,0.0,205,53,23.14,1.33,0,0,0
2260,Pro,99.0,198.0,2,5,4,-25.0,103,26,18.87,2.62,0,0,0
2261,Pro,99.0,198.0,0,15,8,-87.5,224,66,24.24,1.18,0,0,0
2262,Basic,29.0,58.0,0,13,7,-85.71,223,47,24.96,1.25,0,0,0
2263,Pro,99.0,198.0,0,12,11,-9.09,175,39,24.41,1.38,0,0,0
2264,Basic,29.0,58.0,10,1,6,83.33,133,40,28.79,1.68,1,0,1
2265,Basic,29.0,176.0,18,0,9,100.0,161,46,25.48,1.31,0,0,0
2266,Pro,99.0,198.0,0,6,7,14.29,109,31,25.25,2.55,0,0,0
2267,Basic,29.0,306.0,0,12,8,-50.0,225,54,24.82,1.23,0,0,0
2268,Pro,99.0,198.0,20,0,4,100.0,90,22,23.37,2.17,1,0,1
2269,Pro,99.0,297.0,1,12,10,-20.0,214,44,23.49,1.27,0,0,0
2270,Pro,99.0,198.0,9,4,2,-100.0,120,31,24.67,2.15,0,0,0
2271,Pro,99.0,347.0,3,1,10,90.0,103,23,22.88,2.23,0,0,0
2272,Pro,99.0,198.0,14,0,9,100.0,119,23,26.64,1.64,0,0,0
2273,Basic,29.0,157.0,0,11,11,0.0,201,56,22.23,1.4,0,0,0
2274,Basic,29.0,107.0,1,9,13,30.77,199,48,23.89,1.29,0,0,0
2275,Basic,29.0,77.0,0,13,11,-18.18,225,51,23.55,1.09,0,0,0
2276,Basic,29.0,58.0,0,9,16,43.75,283,68,25.52,1.07,0,0,0
2277,Pro,99.0,198.0,16,0,14,100.0,168,52,25.09,1.26,1,1,1
2278,Basic,29.0,58.0,25,0,1,100.0,92,16,29.05,1.89,1,1,1
2279,Pro,99.0,198.0,0,14,7,-100.0,184,47,24.57,1.52,0,0,0
2280,Basic,29.0,207.0,2,5,4,-25.0,118,31,18.92,2.5,0,0,0
2281,Pro,99.0,198.0,1,3,6,50.0,118,21,27.92,2.43,0,0,0
2282,Basic,29.0,58.0,0,11,12,8.33,226,50,26.71,1.26,0,0,0
2283,Basic,29.0,58.0,0,10,9,-11.11,216,55,24.72,1.26,0,0,0
2284,Basic,29.0,58.0,2,10,10,0.0,201,58,21.11,1.33,0,0,0
2285,Pro,99.0,198.0,17,0,9,100.0,176,43,22.57,1.14,1,1,1
2286,Basic,29.0,107.0,32,0,0,0.0,90,19,23.56,1.58,1,0,1
2287,Basic,29.0,107.0,2,13,9,-44.44,202,49,24.81,1.25,0,0,0
2288,Basic,29.0,58.0,1,4,10,60.0,127,32,25.69,2.32,0,0,0
2289,Enterprise,299.0,598.0,0,3,5,40.0,119,30,24.96,2.37,0,0,0
2290,Basic,29.0,58.0,3,2,9,77.78,116,26,25.42,2.26,0,0,0
2291,Basic,29.0,58.0,14,0,4,100.0,120,30,25.4,1.88,2,2,1
2292,Pro,99.0,266.0,0,9,8,-12.5,190,47,21.07,1.48,0,0,0
2293,Pro,99.0,198.0,3,2,7,71.43,126,33,25.87,1.86,0,0,0
2294,Basic,29.0,58.0,1,3,3,0.0,134,35,24.0,1.99,0,0,0
2295,Basic,29.0,58.0,4,3,3,0.0,97,24,25.83,2.39,0,0,0
2296,Pro,99.0,297.0,12,1,4,75.0,103,30,26.65,2.15,1,0,0
2297,Pro,99.0,198.0,0,2,3,33.33,117,29,23.62,2.5,0,0,0
2298,Basic,29.0,58.0,12,3,4,25.0,94,25,27.05,2.22,0,0,0
2299,Basic,29.0,58.0,2,10,11,9.09,180,48,26.3,1.32,0,0,0
2300,Basic,29.0,58.0,0,17,11,-54.55,246,68,25.67,1.09,0,0,0
2301,Pro,99.0,396.0,0,13,9,-44.44,200,45,25.91,1.31,0,0,0
2302,Pro,99.0,198.0,1,10,7,-42.86,200,46,22.98,1.29,0,0,0
2303,Basic,29.0,58.0,6,3,6,50.0,121,26,26.1,1.82,0,0,0
2304,Basic,29.0,58.0,0,9,16,43.75,238,53,20.85,1.11,0,0,0
2305,Pro,99.0,297.0,0,11,14,21.43,225,45,23.52,1.15,0,0,0
2306,Pro,99.0,198.0,2,8,12,33.33,193,50,28.33,1.33,0,0,0
2307,Basic,29.0,58.0,2,8,7,-14.29,142,38,21.26,1.7,0,0,0
2308,Basic,29.0,58.0,0,11,12,8.33,225,57,23.98,1.16,0,0,0
2309,Basic,29.0,207.0,0,15,15,0.0,255,54,22.58,1.05,0,0,0
2310,Pro,99.0,217.0,1,8,12,33.33,201,46,20.84,1.35,0,0,0
2311,Pro,99.0,198.0,15,0,7,100.0,138,35,21.03,1.43,2,1,1
2312,Basic,29.0,58.0,22,0,6,100.0,120,32,29.54,1.24,0,0,1
2313,Basic,29.0,58.0,12,2,7,71.43,120,20,28.46,1.89,1,1,1
2314,Basic,29.0,126.0,6,2,6,66.67,85,18,21.71,2.65,0,0,0
2315,Basic,29.0,207.0,0,8,10,20.0,179,36,23.95,1.37,0,0,0
2316,Pro,99.0,217.0,9,5,8,37.5,154,37,25.39,1.57,1,0,0
2317,Basic,29.0,58.0,1,17,10,-70.0,230,57,24.96,1.11,1,0,0
2318,Pro,99.0,247.0,1,2,4,50.0,104,23,27.92,2.32,1,0,0
2319,Enterprise,299.0,598.0,4,7,6,-16.67,138,34,23.58,1.84,0,0,0
2320,Enterprise,299.0,747.0,15,0,6,100.0,114,33,24.04,1.68,0,0,0
2321,Basic,29.0,58.0,0,8,14,42.86,201,40,24.48,1.33,0,0,0
2322,Pro,99.0,198.0,4,2,4,50.0,119,19,29.28,2.27,0,0,0
2323,Basic,29.0,58.0,0,13,9,-44.44,187,42,23.47,1.29,0,0,0
2324,Enterprise,299.0,598.0,10,4,4,0.0,111,33,25.43,1.81,0,0,0
2325,Basic,29.0,157.0,0,13,11,-18.18,227,60,21.63,1.21,0,0,0
2326,Basic,29.0,58.0,0,9,8,-12.5,179,40,24.16,1.33,0,0,0
2327,Basic,29.0,58.0,0,10,13,23.08,229,54,25.33,1.28,0,0,0
2328,Pro,99.0,198.0,0,7,13,46.15,189,44,21.74,1.48,0,0,0
2329,Pro,99.0,198.0,1,2,3,33.33,122,33,17.54,2.0,2,2,1
2330,Basic,29.0,58.0,3,3,4,25.0,102,21,22.84,2.34,0,0,0
2331,Basic,29.0,58.0,14,0,14,100.0,149,35,25.97,1.25,1,1,0
2332,Basic,29.0,207.0,10,2,10,80.0,127,40,26.07,1.76,0,0,0
2333,Pro,99.0,198.0,0,10,8,-25.0,236,59,22.92,1.2,1,0,0
2334,Basic,29.0,58.0,7,2,4,50.0,157,45,26.81,1.66,0,0,0
2335,Pro,99.0,198.0,0,12,13,7.69,246,61,23.02,1.08,0,0,0
2336,Pro,99.0,198.0,0,14,10,-40.0,242,60,24.02,1.11,0,0,0
2337,Pro,99.0,198.0,3,12,10,-20.0,240,64,22.74,1.15,0,0,0
2338,Enterprise,299.0,598.0,0,11,11,0.0,208,51,22.53,1.28,0,0,0
2339,Basic,29.0,77.0,0,11,11,0.0,198,39,23.02,1.25,0,0,0
2340,Basic,29.0,58.0,10,1,2,50.0,87,25,22.38,2.44,0,0,0
2341,Basic,29.0,58.0,14,0,8,100.0,135,37,25.69,1.57,2,1,1
2342,Basic,29.0,58.0,0,17,14,-21.43,223,60,21.04,1.12,0,0,0
2343,Basic,29.0,58.0,0,14,10,-40.0,206,46,23.23,1.37,0,0,0
2344,Basic,29.0,58.0,1,10,10,0.0,192,43,23.58,1.29,0,0,0
2345,Basic,29.0,58.0,2,8,11,27.27,211,49,22.87,1.17,0,0,0
2346,Pro,99.0,198.0,3,4,6,33.33,98,30,27.3,2.46,0,0,0
2347,Basic,29.0,58.0,0,12,14,14.29,238,76,23.94,1.14,0,0,0
2348,Enterprise,299.0,617.0,5,4,3,-33.33,141,39,25.64,2.01,1,0,0
2349,Pro,99.0,198.0,0,11,9,-22.22,185,39,23.05,1.44,0,0,0
2350,Pro,99.0,198.0,3,7,3,-133.33,110,27,21.81,2.09,0,0,0
2351,Pro,99.0,198.0,21,0,3,100.0,102,30,23.64,1.71,1,1,0
2352,Basic,29.0,58.0,1,13,11,-18.18,233,56,22.22,1.21,0,0,0
2353,Pro,99.0,297.0,5,4,5,20.0,116,31,24.69,2.14,0,0,0
2354,Basic,29.0,58.0,0,13,8,-62.5,209,49,28.38,1.34,0,0,0
2355,Basic,29.0,207.0,0,12,14,14.29,222,54,22.94,1.2,0,0,0
2356,Pro,99.0,198.0,8,2,6,66.67,142,37,26.06,1.7,0,0,0
2357,Basic,29.0,58.0,1,12,15,20.0,223,55,23.56,1.23,0,0,0
2358,Basic,29.0,207.0,0,11,10,-10.0,228,51,20.08,1.2,0,0,0
2359,Pro,99.0,198.0,17,0,6,100.0,124,31,25.33,1.46,1,1,1
2360,Pro,99.0,217.0,1,11,10,-10.0,232,58,27.81,1.13,0,0,0
2361,Enterprise,299.0,598.0,0,3,2,-50.0,58,14,23.94,3.94,0,0,0
2362,Pro,99.0,198.0,0,13,9,-44.44,191,45,21.93,1.38,0,0,0
2363,Basic,29.0,58.0,0,9,12,25.0,196,51,24.3,1.36,0,0,0
2364,Basic,29.0,77.0,1,14,5,-180.0,188,41,24.29,1.32,0,0,0
2365,Basic,29.0,58.0,0,13,8,-62.5,198,49,26.04,1.34,0,0,0
2366,Pro,99.0,217.0,2,11,13,15.38,239,55,25.6,1.1,0,0,0
2367,Basic,29.0,207.0,17,0,5,100.0,91,22,23.65,1.88,1,0,1
2368,Enterprise,299.0,598.0,5,4,5,20.0,162,44,22.94,1.71,0,0,0
2369,Enterprise,299.0,598.0,8,1,6,83.33,80,13,26.95,2.42,0,0,0
2370,Enterprise,299.0,747.0,0,12,12,0.0,195,49,26.55,1.41,0,0,0
2371,Basic,29.0,58.0,0,12,13,7.69,262,70,23.04,1.14,0,0,0
2372,Basic,29.0,58.0,0,15,10,-50.0,218,61,24.1,1.21,0,0,0
2373,Pro,99.0,316.0,9,2,5,60.0,128,41,26.04,2.0,0,0,0
2374,Pro,99.0,198.0,0,8,10,20.0,166,36,25.11,1.64,0,0,0
2375,Pro,99.0,198.0,1,2,8,75.0,107,31,23.11,2.11,0,0,0
2376,Basic,29.0,58.0,6,3,6,50.0,143,34,22.0,1.82,0,0,0
2377,Basic,29.0,58.0,4,12,9,-33.33,217,53,24.59,1.2,1,0,0
2378,Enterprise,299.0,598.0,0,10,15,33.33,197,46,22.72,1.41,0,0,0
2379,Basic,29.0,157.0,27,0,1,100.0,83,25,26.75,1.7,1,1,1
2380,Pro,99.0,247.0,0,12,7,-71.43,171,43,26.69,1.52,0,0,0
2381,Basic,29.0,207.0,0,9,9,0.0,200,58,20.48,1.35,0,0,0
2382,Pro,99.0,198.0,0,10,11,9.09,209,58,22.07,1.31,0,0,0
2383,Basic,29.0,58.0,17,0,5,100.0,137,29,21.97,1.51,1,0,0
2384,Pro,99.0,347.0,0,8,10,20.0,199,59,20.37,1.31,0,0,0
2385,Pro,99.0,198.0,2,2,9,77.78,113,27,25.54,2.44,0,0,0
2386,Basic,29.0,58.0,0,13,11,-18.18,250,63,23.98,1.05,1,0,0
2387,Pro,99.0,198.0,0,9,14,35.71,196,48,22.45,1.4,0,0,0
2388,Pro,99.0,217.0,0,9,10,10.0,236,64,21.62,1.15,0,0,0
2389,Basic,29.0,58.0,0,11,9,-22.22,182,48,22.83,1.43,0,0,0
2390,Basic,29.0,355.0,0,15,10,-50.0,188,56,21.86,1.45,0,0,0
2391,Basic,29.0,58.0,16,0,6,100.0,137,51,21.23,1.48,1,1,0
2392,Enterprise,299.0,598.0,7,3,7,57.14,121,32,23.78,1.99,0,0,0
2393,Enterprise,299.0,598.0,0,11,9,-22.22,218,43,25.6,1.26,0,0,0
2394,Enterprise,299.0,647.0,0,8,11,27.27,189,59,22.6,1.51,0,0,0
2395,Enterprise,299.0,598.0,27,0,1,100.0,96,32,20.1,1.5,1,1,1
2396,Pro,99.0,198.0,22,0,3,100.0,101,26,23.09,1.49,0,0,0
2397,Pro,99.0,198.0,1,9,12,25.0,189,40,24.02,1.43,0,0,0
2398,Basic,29.0,58.0,3,2,5,60.0,128,27,23.47,1.91,0,0,0
2399,Basic,29.0,58.0,0,3,7,57.14,131,33,25.28,2.4,0,0,1
2400,Enterprise,299.0,598.0,0,13,16,18.75,232,58,23.98,1.1,0,0,0
2401,Pro,99.0,247.0,3,1,3,66.67,151,38,26.19,1.81,1,1,0
2402,Enterprise,299.0,697.0,14,0,8,100.0,147,49,24.53,1.37,1,1,0
2403,Pro,99.0,198.0,24,0,4,100.0,87,14,22.21,1.53,1,1,1
2404,Pro,99.0,347.0,0,11,6,-83.33,183,46,24.75,1.48,0,0,0
2405,Basic,29.0,107.0,6,2,4,50.0,104,23,25.38,2.59,0,0,0
2406,Basic,29.0,58.0,6,1,5,80.0,127,28,29.63,2.04,0,0,0
2407,Pro,99.0,198.0,3,7,11,36.36,189,46,24.33,1.34,2,0,0
2408,Pro,99.0,198.0,7,3,5,40.0,113,32,24.37,2.23,0,0,0
2409,Basic,29.0,176.0,1,11,10,-10.0,181,44,23.98,1.32,0,0,0
2410,Basic,29.0,77.0,1,12,13,7.69,237,60,24.64,1.19,0,0,0
2411,Enterprise,299.0,716.0,0,9,10,10.0,182,52,22.24,1.39,0,0,0
2412,Pro,99.0,217.0,1,7,8,12.5,145,36,23.94,1.92,0,0,0
2413,Basic,29.0,58.0,12,1,4,75.0,124,23,20.38,2.03,0,0,1
2414,Pro,99.0,198.0,0,11,14,21.43,182,46,23.43,1.44,1,1,0
2415,Basic,29.0,206.0,0,13,9,-44.44,204,47,24.11,1.37,0,0,0
2416,Basic,29.0,58.0,4,6,7,14.29,134,41,24.61,2.02,1,0,0
2417,Basic,29.0,207.0,0,13,7,-85.71,202,50,22.43,1.35,0,0,0
2418,Basic,29.0,58.0,23,0,1,100.0,74,20,21.78,2.04,1,1,1
2419,Enterprise,299.0,598.0,0,11,9,-22.22,189,46,25.28,1.4,0,0,0
2420,Pro,99.0,198.0,0,9,14,35.71,192,49,22.62,1.44,0,0,0
2421,Basic,29.0,157.0,3,4,6,33.33,137,44,25.74,1.71,0,0,0
2422,Enterprise,299.0,697.0,11,1,2,50.0,87,18,26.59,2.73,1,1,0
2423,Pro,99.0,347.0,1,8,8,0.0,181,35,23.21,1.41,0,0,0
2424,Pro,99.0,297.0,0,9,11,18.18,195,49,22.63,1.4,0,0,0
2425,Pro,99.0,198.0,0,13,9,-44.44,233,52,24.33,1.23,0,0,0
2426,Pro,99.0,198.0,0,10,11,9.09,186,55,21.44,1.41,0,0,0
2427,Basic,29.0,58.0,16,0,7,100.0,129,41,22.48,1.58,1,1,0
2428,Basic,29.0,58.0,4,2,3,33.33,100,25,19.13,2.52,0,0,0
2429,Basic,29.0,157.0,0,14,16,12.5,253,63,27.29,1.02,0,0,0
2430,Basic,29.0,256.0,0,13,11,-18.18,227,60,26.94,1.22,0,0,0
2431,Enterprise,299.0,598.0,1,10,7,-42.86,213,57,22.88,1.22,0,0,0
2432,Enterprise,299.0,647.0,3,7,8,12.5,185,36,23.62,1.55,0,0,0
2433,Basic,29.0,58.0,2,5,1,-400.0,95,16,25.48,2.86,2,0,0
2434,Pro,99.0,198.0,2,4,6,33.33,104,28,25.19,2.28,0,0,0
2435,Basic,29.0,58.0,0,13,12,-8.33,232,52,25.09,1.13,0,0,0
2436,Enterprise,299.0,647.0,8,1,8,87.5,142,34,23.59,1.62,1,0,1
2437,Enterprise,299.0,697.0,0,12,7,-71.43,207,58,25.32,1.39,0,0,0
2438,Pro,99.0,198.0,0,10,5,-100.0,144,41,25.9,1.89,0,0,0
2439,Basic,29.0,58.0,0,10,12,16.67,210,51,23.04,1.23,0,0,0
2440,Pro,99.0,347.0,0,10,9,-11.11,193,46,25.79,1.35,1,0,0
2441,Basic,29.0,58.0,12,4,8,50.0,156,38,23.36,1.43,1,1,0
2442,Basic,29.0,157.0,0,12,12,0.0,244,60,22.76,1.11,0,0,0
2443,Basic,29.0,58.0,20,0,5,100.0,117,24,26.12,1.55,0,0,1
2444,Pro,99.0,297.0,0,12,8,-50.0,201,57,22.25,1.24,0,0,0
2445,Pro,99.0,198.0,26,0,2,100.0,123,31,21.72,1.18,1,1,1
2446,Basic,29.0,58.0,11,3,7,57.14,168,38,26.09,1.47,1,0,0
2447,Pro,99.0,198.0,0,5,4,-25.0,103,19,23.28,2.4,0,0,0
2448,Basic,29.0,206.0,9,2,12,83.33,155,38,24.67,1.44,1,1,0
2449,Pro,99.0,198.0,0,17,10,-70.0,269,63,23.68,1.08,0,0,0
2450,Basic,29.0,207.0,0,8,13,38.46,223,54,24.02,1.24,0,0,0
2451,Basic,29.0,207.0,2,3,2,-50.0,121,38,22.19,2.11,0,0,0
2452,Basic,29.0,77.0,0,9,13,30.77,229,57,24.98,1.23,0,0,0
2453,Pro,99.0,198.0,0,9,8,-12.5,216,50,24.6,1.26,0,0,0
2454,Enterprise,299.0,617.0,3,11,10,-10.0,220,59,21.33,1.19,0,0,0
2455,Basic,29.0,58.0,0,14,7,-100.0,210,47,23.93,1.32,0,0,0
2456,Basic,29.0,58.0,0,9,13,30.77,222,53,23.52,1.29,1,0,0
2457,Pro,99.0,198.0,20,0,3,100.0,94,27,21.86,1.87,1,1,0
2458,Basic,29.0,58.0,3,7,2,-250.0,124,39,19.72,2.35,0,0,0
2459,Pro,99.0,198.0,24,0,4,100.0,111,28,24.27,1.29,1,1,0
2460,Basic,29.0,58.0,2,6,6,0.0,152,29,23.97,1.68,0,0,0
2461,Basic,29.0,107.0,14,0,6,100.0,134,35,30.31,1.81,0,0,0
2462,Pro,99.0,198.0,1,10,8,-25.0,202,51,24.6,1.37,0,0,0
2463,Basic,29.0,256.0,12,3,9,66.67,155,39,24.97,1.33,0,0,1
2464,Pro,99.0,347.0,4,2,11,81.82,148,26,26.34,1.59,1,1,1
2465,Pro,99.0,198.0,1,7,11,36.36,183,39,22.66,1.36,1,0,0
2466,Pro,99.0,347.0,6,2,7,71.43,144,39,24.63,2.03,0,0,0
2467,Basic,29.0,58.0,13,2,4,50.0,91,23,29.05,2.2,0,0,0
2468,Pro,99.0,198.0,0,12,13,7.69,194,50,27.7,1.22,0,0,0
2469,Pro,99.0,198.0,3,4,4,0.0,129,32,24.75,2.08,0,0,0
2470,Enterprise,299.0,617.0,0,13,8,-62.5,207,54,24.56,1.34,0,0,0
2471,Basic,29.0,126.0,4,3,8,62.5,106,28,27.28,2.3,0,0,1
2472,Basic,29.0,58.0,6,1,3,66.67,68,10,23.76,3.3,0,0,0
2473,Pro,99.0,297.0,0,14,9,-55.56,191,33,21.79,1.39,1,0,0
2474,Pro,99.0,198.0,4,5,5,0.0,133,42,21.81,2.07,0,0,0
2475,Basic,29.0,207.0,19,0,4,100.0,150,38,26.09,1.15,2,0,1
2476,Pro,99.0,347.0,0,5,5,0.0,112,27,21.54,2.38,1,0,0
2477,Pro,99.0,198.0,1,6,12,50.0,164,42,25.39,1.54,0,0,0
2478,Enterprise,299.0,617.0,6,2,3,33.33,114,35,23.74,2.38,0,0,0
2479,Pro,99.0,198.0,0,1,1,0.0,94,30,20.91,2.78,1,0,1
2480,Basic,29.0,58.0,1,5,7,28.57,98,21,25.79,2.51,1,0,0
2481,Basic,29.0,207.0,0,15,11,-36.36,250,58,25.93,1.12,0,0,0
2482,Basic,29.0,58.0,12,2,9,77.78,117,33,22.31,1.58,1,1,1
2483,Enterprise,299.0,598.0,7,3,3,0.0,121,24,25.62,2.07,0,0,0
2484,Pro,99.0,198.0,3,4,2,-100.0,84,19,26.95,2.92,0,0,0
2485,Enterprise,299.0,598.0,0,13,7,-85.71,190,48,23.18,1.38,0,0,0
2486,Basic,29.0,58.0,0,13,8,-62.5,191,49,24.21,1.42,0,0,0
2487,Pro,99.0,297.0,3,8,6,-33.33,173,38,25.62,1.57,0,0,0
2488,Basic,29.0,58.0,0,11,10,-10.0,222,51,23.96,1.23,0,0,0
2489,Pro,99.0,198.0,0,17,7,-142.86,222,47,21.96,1.21,0,0,0
2490,Pro,99.0,198.0,8,3,10,70.0,161,39,23.23,1.71,1,1,1
2491,Basic,29.0,157.0,0,14,12,-16.67,231,62,22.76,1.17,0,0,0
2492,Pro,99.0,347.0,17,0,4,100.0,68,20,22.5,3.21,0,0,0
2493,Pro,99.0,297.0,24,0,4,100.0,123,30,29.15,1.33,2,2,1
2494,Basic,29.0,107.0,1,2,5,60.0,89,12,23.16,3.21,0,0,0
2495,Pro,99.0,198.0,13,1,10,90.0,146,33,21.77,1.55,1,1,1
2496,Basic,29.0,107.0,6,4,8,50.0,97,24,19.19,2.14,0,0,0
2497,Pro,99.0,297.0,0,13,12,-8.33,242,62,24.75,1.07,2,0,0
2498,Basic,29.0,58.0,14,0,9,100.0,138,35,23.67,1.51,0,0,1
2499,Basic,29.0,107.0,2,12,9,-33.33,198,53,26.73,1.32,0,0,0
2500,Basic,29.0,107.0,4,2,10,80.0,160,36,24.63,1.62,1,1,0
2501,Pro,99.0,198.0,9,3,2,-50.0,118,28,22.75,1.82,0,0,0
2502,Basic,29.0,157.0,6,3,3,0.0,70,18,28.2,3.82,0,0,0
2503,Pro,99.0,198.0,21,0,5,100.0,136,30,25.48,1.28,0,0,0
2504,Enterprise,299.0,598.0,0,8,11,27.27,207,47,25.93,1.38,0,0,0
2505,Pro,99.0,198.0,1,7,9,22.22,180,50,25.33,1.38,0,0,0
2506,Pro,99.0,217.0,0,15,13,-15.38,228,56,25.65,1.18,1,1,0
2507,Basic,29.0,58.0,0,10,10,0.0,174,50,24.86,1.42,0,0,0
2508,Pro,99.0,446.0,1,11,10,-10.0,209,51,24.13,1.32,0,0,0
2509,Pro,99.0,198.0,0,9,11,18.18,226,53,24.79,1.25,0,0,0
2510,Basic,29.0,58.0,2,2,3,33.33,122,31,26.88,2.31,0,0,0
2511,Basic,29.0,306.0,1,10,13,23.08,196,46,25.62,1.33,0,0,0
2512,Pro,99.0,198.0,0,12,8,-50.0,153,34,25.54,1.66,0,0,0
2513,Basic,29.0,58.0,0,11,10,-10.0,209,56,21.31,1.28,1,0,0
2514,Enterprise,299.0,598.0,8,4,4,0.0,110,31,30.78,2.24,0,0,0
2515,Pro,99.0,198.0,5,3,5,40.0,129,27,26.85,2.18,0,0,1
2516,Basic,29.0,58.0,0,12,10,-20.0,204,61,20.71,1.21,0,0,0
2517,Pro,99.0,198.0,0,12,13,7.69,204,48,25.41,1.32,0,0,0
2518,Basic,29.0,77.0,0,14,11,-27.27,232,62,21.0,1.08,0,0,0
2519,Basic,29.0,58.0,15,0,8,100.0,151,37,20.79,1.38,1,1,0
2520,Basic,29.0,58.0,0,1,5,80.0,142,46,25.7,2.03,0,0,0
2521,Basic,29.0,58.0,15,0,7,100.0,103,26,24.54,1.72,2,1,1
2522,Basic,29.0,58.0,0,9,8,-12.5,193,52,24.16,1.56,0,0,0
2523,Pro,99.0,198.0,9,1,7,85.71,126,27,19.85,1.89,0,0,0
2524,Basic,29.0,157.0,2,6,12,50.0,175,42,25.61,1.43,0,0,0
2525,Basic,29.0,58.0,1,10,14,28.57,186,46,24.93,1.36,0,0,0
2526,Basic,29.0,58.0,0,9,12,25.0,205,45,23.33,1.28,0,0,0
2527,Basic,29.0,256.0,0,12,8,-50.0,188,55,19.88,1.4,0,0,0
2528,Pro,99.0,198.0,19,0,5,100.0,106,28,27.09,1.84,1,1,0
2529,Pro,99.0,198.0,0,14,11,-27.27,226,54,21.14,1.16,0,0,0
2530,Basic,29.0,207.0,16,0,6,100.0,121,23,22.27,1.74,1,0,1
2531,Basic,29.0,58.0,1,9,11,18.18,187,50,25.11,1.29,0,0,0
2532,Pro,99.0,198.0,0,4,4,0.0,113,34,23.09,2.55,0,0,0
2533,Pro,99.0,297.0,0,8,10,20.0,219,51,22.17,1.29,0,0,0
2534,Basic,29.0,157.0,18,0,11,100.0,165,31,26.2,1.19,1,1,1
2535,Basic,29.0,58.0,0,9,5,-80.0,160,41,25.89,1.74,0,0,0
2536,Pro,99.0,198.0,2,3,3,0.0,87,20,29.33,2.86,0,0,0
2537,Basic,29.0,306.0,4,8,10,20.0,161,33,24.06,1.52,0,0,0
2538,Pro,99.0,217.0,1,1,10,90.0,164,35,22.42,1.62,1,0,1
2539,Enterprise,299.0,617.0,2,12,11,-9.09,240,69,24.88,1.14,0,0,0
2540,Basic,29.0,58.0,13,2,7,71.43,99,22,19.57,2.31,2,0,0
2541,Pro,99.0,198.0,28,0,0,0.0,101,27,28.83,1.38,1,0,1
2542,Basic,29.0,58.0,0,2,5,60.0,110,30,23.82,2.79,0,0,0
2543,Pro,99.0,198.0,3,6,3,-100.0,155,36,20.58,1.87,0,0,0
2544,Basic,29.0,58.0,1,9,13,30.77,190,48,24.34,1.42,0,0,0
2545,Pro,99.0,217.0,2,9,11,18.18,215,62,26.18,1.31,0,0,0
2546,Basic,29.0,58.0,24,0,6,100.0,106,23,20.16,1.37,1,1,0
2547,Basic,29.0,58.0,21,0,7,100.0,138,39,22.32,1.3,1,1,1
2548,Basic,29.0,58.0,16,0,9,100.0,110,25,24.44,1.8,0,0,0
2549,Enterprise,299.0,598.0,0,10,13,23.08,184,44,23.45,1.48,0,0,0
2550,Basic,29.0,275.0,0,7,11,36.36,175,42,21.83,1.48,0,0,0
2551,Basic,29.0,58.0,4,5,1,-400.0,107,32,20.77,2.16,0,0,0
2552,Enterprise,299.0,617.0,0,9,13,30.77,184,41,23.1,1.47,0,0,0
2553,Basic,29.0,157.0,0,20,9,-122.22,239,42,21.72,1.11,0,0,0
2554,Pro,99.0,347.0,3,8,12,33.33,234,50,22.98,1.12,0,0,0
2555,Pro,99.0,297.0,1,3,3,0.0,102,29,23.0,2.41,0,0,1
2556,Pro,99.0,347.0,0,15,12,-25.0,260,78,23.8,1.11,0,0,0
2557,Pro,99.0,198.0,0,14,16,12.5,280,68,23.74,0.98,1,1,0
2558,Basic,29.0,58.0,3,1,4,75.0,115,29,24.74,2.53,1,1,0
2559,Pro,99.0,198.0,2,10,8,-25.0,145,38,22.64,1.6,1,0,0
2560,Basic,29.0,58.0,0,8,9,11.11,182,45,20.56,1.49,0,0,0
2561,Basic,29.0,58.0,0,15,7,-114.29,202,49,28.37,1.23,0,0,0
2562,Basic,29.0,356.0,0,10,9,-11.11,200,44,22.63,1.48,0,0,0
2563,Pro,99.0,198.0,5,7,6,-16.67,165,40,22.16,1.46,0,0,0
2564,Pro,99.0,198.0,0,14,14,0.0,262,61,26.22,1.01,0,0,0
2565,Enterprise,299.0,598.0,5,1,9,88.89,116,30,27.27,2.09,1,1,0
2566,Pro,99.0,198.0,11,2,3,33.33,88,20,27.26,2.67,0,0,0
2567,Enterprise,299.0,896.0,1,7,5,-40.0,101,23,25.12,2.27,0,0,0
2568,Basic,29.0,58.0,7,1,4,75.0,150,40,21.4,1.74,0,0,0
2569,Pro,99.0,198.0,2,7,5,-40.0,136,29,21.09,1.84,0,0,0
2570,Pro,99.0,198.0,1,9,9,0.0,209,61,27.19,1.25,0,0,0
2571,Basic,29.0,77.0,22,0,5,100.0,146,36,23.77,1.08,1,1,1
2572,Pro,99.0,198.0,6,6,7,14.29,127,33,24.06,1.77,0,0,0
2573,Basic,29.0,157.0,1,13,12,-8.33,219,49,23.84,1.21,0,0,0
2574,Enterprise,299.0,598.0,3,1,13,92.31,107,28,24.31,2.23,0,0,0
2575,Pro,99.0,198.0,0,13,15,13.33,219,55,22.83,1.15,0,0,0
2576,Pro,99.0,297.0,0,8,10,20.0,190,50,24.7,1.41,0,0,0
2577,Pro,99.0,198.0,0,7,8,12.5,173,44,20.85,1.56,1,0,0
2578,Basic,29.0,207.0,10,2,5,60.0,97,26,21.23,2.34,0,0,0
2579,Enterprise,299.0,617.0,0,13,8,-62.5,228,48,19.43,1.23,0,0,0
2580,Pro,99.0,198.0,2,12,7,-71.43,194,44,24.79,1.32,0,0,0
2581,Basic,29.0,157.0,2,10,9,-11.11,207,58,23.5,1.39,0,0,0
2582,Basic,29.0,126.0,1,5,7,28.57,107,20,26.17,2.49,0,0,0
2583,Basic,29.0,306.0,0,14,11,-27.27,239,55,22.94,1.14,0,0,0
2584,Enterprise,299.0,747.0,2,10,14,28.57,216,62,21.08,1.09,0,0,0
2585,Pro,99.0,217.0,0,10,11,9.09,173,42,23.59,1.54,0,0,0
2586,Pro,99.0,198.0,0,11,13,15.38,237,60,23.45,1.1,0,0,0
2587,Basic,29.0,207.0,1,6,11,45.45,187,41,26.11,1.58,1,0,0
2588,Basic,29.0,58.0,1,6,14,57.14,172,35,22.05,1.47,1,0,0
2589,Pro,99.0,198.0,19,0,5,100.0,114,32,23.0,1.85,0,0,1
2590,Pro,99.0,198.0,0,7,10,30.0,147,41,22.82,1.72,0,0,0
2591,Basic,29.0,58.0,1,10,12,16.67,226,67,21.26,1.26,0,0,0
2592,Basic,29.0,107.0,1,11,11,0.0,154,36,23.53,1.47,0,0,0
2593,Pro,99.0,297.0,8,2,6,66.67,153,46,25.23,1.5,0,0,0
2594,Basic,29.0,58.0,1,13,9,-44.44,206,42,21.76,1.3,0,0,0
2595,Pro,99.0,198.0,16,0,6,100.0,92,27,24.11,2.41,0,0,0
2596,Basic,29.0,207.0,2,4,12,66.67,191,50,24.17,1.39,1,1,0
2597,Enterprise,299.0,598.0,0,8,9,11.11,206,45,23.26,1.28,0,0,0
2598,Basic,29.0,58.0,4,5,7,28.57,119,30,21.53,1.87,0,0,0
2599,Enterprise,299.0,747.0,16,0,12,100.0,144,42,24.63,1.28,0,0,1
2600,Basic,29.0,157.0,2,9,13,30.77,212,50,24.31,1.18,0,0,0
2601,Pro,99.0,347.0,0,5,3,-66.67,103,22,21.46,2.53,1,0,0
2602,Basic,29.0,58.0,27,0,1,100.0,120,19,22.85,1.23,1,0,0
2603,Pro,99.0,247.0,10,2,12,83.33,164,45,23.7,1.28,1,1,1
2604,Enterprise,299.0,598.0,1,5,7,28.57,150,49,21.79,1.8,0,0,0
2605,Basic,29.0,58.0,0,6,1,-500.0,125,25,23.4,2.37,0,0,0
2606,Basic,29.0,58.0,5,4,9,55.56,164,35,25.15,1.69,0,0,0
2607,Basic,29.0,157.0,1,6,9,33.33,140,34,18.91,1.82,0,0,0
2608,Basic,29.0,58.0,1,11,15,26.67,288,69,26.92,0.99,0,0,0
2609,Basic,29.0,58.0,0,8,12,33.33,212,39,23.32,1.38,0,0,0
2610,Pro,99.0,297.0,5,6,5,-20.0,119,27,24.93,2.09,0,0,0
2611,Pro,99.0,198.0,3,9,9,0.0,189,50,24.47,1.32,0,0,0
2612,Basic,29.0,58.0,0,14,12,-16.67,242,55,22.67,1.18,0,0,0
2613,Basic,29.0,58.0,15,0,11,100.0,143,34,24.41,1.56,1,1,1
2614,Basic,29.0,58.0,0,12,11,-9.09,209,50,23.96,1.24,0,0,0
2615,Basic,29.0,58.0,0,10,11,9.09,200,42,23.4,1.31,0,0,0
2616,Pro,99.0,217.0,6,3,7,57.14,112,29,25.52,2.03,0,0,0
2617,Basic,29.0,58.0,0,8,10,20.0,167,43,22.67,1.55,0,0,0
2618,Basic,29.0,207.0,1,13,18,27.78,261,54,23.23,1.0,0,0,0
2619,Basic,29.0,58.0,11,4,11,63.64,199,56,23.05,1.28,1,1,1
2620,Pro,99.0,198.0,5,2,8,75.0,128,38,23.3,1.88,0,0,0
2621,Basic,29.0,58.0,1,12,11,-9.09,239,61,21.94,1.18,0,0,0
2622,Pro,99.0,198.0,4,3,5,40.0,140,39,23.86,1.98,0,0,0
2623,Pro,99.0,198.0,0,11,13,15.38,211,53,25.04,1.32,0,0,0
2624,Pro,99.0,347.0,0,16,9,-77.78,231,59,23.45,1.23,0,0,0
2625,Enterprise,299.0,647.0,6,6,5,-20.0,152,39,20.52,1.65,0,0,1
2626,Pro,99.0,198.0,0,6,17,64.71,229,48,22.0,1.22,0,0,0
2627,Pro,99.0,297.0,0,10,12,16.67,219,47,22.28,1.31,0,0,0
2628,Basic,29.0,58.0,0,9,13,30.77,236,47,24.71,1.26,0,0,0
2629,Pro,99.0,198.0,0,12,10,-20.0,241,64,20.02,1.09,0,0,0
2630,Basic,29.0,58.0,18,0,7,100.0,126,29,23.93,1.53,1,1,1
2631,Basic,29.0,58.0,0,1,8,87.5,103,27,22.4,2.46,0,0,0
2632,Basic,29.0,58.0,0,11,11,0.0,199,47,24.41,1.37,0,0,0
2633,Pro,99.0,266.0,3,8,11,27.27,223,49,24.81,1.21,0,0,0
2634,Basic,29.0,58.0,2,2,7,71.43,103,23,23.43,2.59,0,0,1
2635,Pro,99.0,198.0,2,3,6,50.0,103,21,22.45,2.69,0,0,1
2636,Basic,29.0,157.0,0,7,8,12.5,162,30,23.76,1.75,0,0,0
2637,Pro,99.0,198.0,6,3,6,50.0,106,28,22.27,2.04,0,0,0
2638,Pro,99.0,496.0,3,1,4,75.0,123,28,23.68,2.09,0,0,0
2639,Pro,99.0,247.0,0,9,8,-12.5,192,55,25.05,1.42,0,0,0
2640,Basic,29.0,58.0,0,6,7,14.29,117,26,24.74,2.08,1,1,0
2641,Basic,29.0,58.0,0,10,11,9.09,217,59,23.29,1.22,0,0,0
2642,Enterprise,299.0,598.0,3,1,1,0.0,89,26,23.65,2.54,1,1,1
2643,Basic,29.0,77.0,0,11,10,-10.0,208,58,21.02,1.19,0,0,0
2644,Basic,29.0,157.0,3,2,4,50.0,91,23,25.71,2.74,2,0,0
2645,Enterprise,299.0,647.0,1,9,13,30.77,184,55,22.23,1.19,0,0,0
2646,Basic,29.0,58.0,23,0,6,100.0,128,24,22.54,1.4,0,0,0
2647,Basic,29.0,58.0,8,1,5,80.0,114,29,26.77,2.03,0,0,0
2648,Enterprise,299.0,598.0,0,13,9,-44.44,188,41,24.74,1.45,1,0,0
2649,Pro,99.0,247.0,1,11,11,0.0,262,62,24.46,1.18,0,0,0
2650,Basic,29.0,58.0,2,4,2,-100.0,112,36,23.23,2.69,0,0,0
2651,Basic,29.0,58.0,14,0,12,100.0,112,24,24.18,1.65,1,1,1
2652,Pro,99.0,297.0,0,15,9,-66.67,222,54,23.35,1.19,0,0,0
2653,Basic,29.0,58.0,0,12,9,-33.33,244,66,23.49,1.19,0,0,0
2654,Basic,29.0,157.0,0,10,15,33.33,219,51,23.17,1.33,0,0,0
2655,Basic,29.0,58.0,0,9,11,18.18,192,57,25.9,1.52,0,0,0
2656,Pro,99.0,347.0,6,6,5,-20.0,135,36,22.56,2.0,0,0,0
2657,Pro,99.0,198.0,0,12,8,-50.0,224,51,26.34,1.28,0,0,0
2658,Basic,29.0,107.0,1,3,2,-50.0,90,26,24.43,2.92,0,0,0
2659,Basic,29.0,58.0,0,7,14,50.0,200,46,25.9,1.43,0,0,0
2660,Pro,99.0,217.0,0,5,3,-66.67,92,22,27.14,2.83,1,0,0
2661,Pro,99.0,198.0,1,9,11,18.18,198,48,22.95,1.31,0,0,0
2662,Pro,99.0,395.0,3,1,5,80.0,117,29,20.61,2.08,0,0,0
2663,Pro,99.0,198.0,8,3,6,50.0,163,47,23.63,1.77,0,0,0
2664,Pro,99.0,247.0,0,3,5,40.0,112,26,23.92,2.5,0,0,0
2665,Basic,29.0,58.0,2,4,2,-100.0,113,27,27.8,2.38,0,0,0
2666,Pro,99.0,366.0,0,2,5,60.0,89,21,21.48,2.88,0,0,0
2667,Basic,29.0,58.0,0,8,9,11.11,208,55,24.05,1.43,0,0,0
2668,Enterprise,299.0,647.0,2,3,2,-50.0,129,35,24.31,2.26,0,0,0
2669,Enterprise,299.0,598.0,3,4,5,20.0,111,31,28.54,2.11,0,0,0
2670,Pro,99.0,217.0,0,7,2,-250.0,115,28,22.81,2.34,0,0,0
2671,Enterprise,299.0,697.0,0,6,2,-200.0,121,30,27.21,2.57,0,0,1
2672,Pro,99.0,347.0,0,12,12,0.0,219,60,26.14,1.23,0,0,0
2673,Basic,29.0,58.0,1,3,4,25.0,109,35,23.19,2.31,0,0,0
2674,Basic,29.0,58.0,0,13,15,13.33,233,63,23.08,1.15,1,0,0
2675,Basic,29.0,58.0,0,12,12,0.0,235,60,27.3,1.13,0,0,0
2676,Basic,29.0,107.0,0,15,6,-150.0,190,55,23.25,1.48,0,0,0
2677,Enterprise,299.0,598.0,6,4,2,-100.0,92,19,22.8,2.7,0,0,0
2678,Basic,29.0,207.0,1,13,11,-18.18,230,62,21.57,1.2,0,0,0
2679,Pro,99.0,347.0,0,10,7,-42.86,179,49,25.68,1.59,0,0,0
2680,Pro,99.0,198.0,1,4,2,-100.0,119,26,26.61,2.14,0,0,0
2681,Pro,99.0,217.0,0,9,10,10.0,205,51,21.7,1.41,1,0,0
2682,Pro,99.0,198.0,2,10,11,9.09,186,45,24.05,1.38,0,0,0
2683,Enterprise,299.0,747.0,0,4,4,0.0,113,26,26.23,2.79,0,0,0
2684,Basic,29.0,58.0,0,11,15,26.67,220,65,21.52,1.21,1,0,0
2685,Basic,29.0,58.0,2,2,3,33.33,115,41,24.75,2.41,0,0,0
2686,Basic,29.0,58.0,6,1,6,83.33,138,36,26.57,1.84,0,0,0
2687,Basic,29.0,58.0,19,0,6,100.0,97,22,27.87,1.78,0,0,0
2688,Pro,99.0,198.0,3,4,5,20.0,130,37,23.3,2.14,0,0,0
2689,Pro,99.0,198.0,0,11,9,-22.22,185,45,23.26,1.4,0,0,0
2690,Basic,29.0,58.0,2,1,4,75.0,103,20,22.08,2.46,0,0,0
2691,Basic,29.0,58.0,0,8,9,11.11,198,37,21.33,1.41,1,0,0
2692,Basic,29.0,58.0,0,11,11,0.0,245,57,24.07,1.04,0,0,0
2693,Basic,29.0,207.0,16,0,12,100.0,130,36,23.41,1.39,1,1,1
2694,Basic,29.0,58.0,1,6,4,-50.0,154,49,25.83,2.07,1,0,0
2695,Basic,29.0,58.0,7,3,6,50.0,113,32,24.17,2.32,1,0,0
2696,Basic,29.0,207.0,1,1,5,80.0,93,23,25.5,3.01,1,1,0
2697,Enterprise,299.0,647.0,0,8,10,20.0,196,51,23.14,1.39,0,0,0
2698,Enterprise,299.0,598.0,17,0,1,100.0,67,19,23.56,2.75,1,0,1
2699,Pro,99.0,347.0,0,3,11,72.73,139,30,22.1,1.97,0,0,1
2700,Basic,29.0,58.0,10,2,5,60.0,100,29,20.23,2.27,1,0,0
2701,Basic,29.0,58.0,1,12,8,-50.0,201,49,26.07,1.34,0,0,0
2702,Enterprise,299.0,617.0,2,7,11,36.36,174,50,26.58,1.6,0,0,0
2703,Pro,99.0,198.0,0,5,2,-150.0,111,22,22.77,2.36,0,0,0
2704,Enterprise,299.0,697.0,20,0,8,100.0,99,27,23.0,1.66,0,0,0
2705,Basic,29.0,256.0,1,10,11,9.09,194,47,25.8,1.32,0,0,0
2706,Basic,29.0,77.0,0,10,8,-25.0,167,43,23.55,1.6,0,0,0
2707,Basic,29.0,58.0,1,12,12,0.0,192,45,23.28,1.38,0,0,0
2708,Pro,99.0,296.0,3,4,4,0.0,108,23,21.85,2.1,0,0,0
2709,Basic,29.0,325.0,1,3,2,-50.0,92,22,19.6,2.97,1,1,0
2710,Basic,29.0,126.0,0,16,13,-23.08,254,65,25.3,1.11,0,0,0
2711,Pro,99.0,217.0,5,2,7,71.43,94,23,23.26,2.45,0,0,0
2712,Pro,99.0,198.0,0,8,12,33.33,174,39,24.17,1.44,1,1,0
2713,Pro,99.0,198.0,8,2,6,66.67,89,19,20.53,2.79,0,0,0
2714,Pro,99.0,198.0,7,1,7,85.71,155,38,22.03,1.68,0,0,0
2715,Enterprise,299.0,598.0,2,4,4,0.0,124,33,22.33,2.45,0,0,0
2716,Pro,99.0,198.0,14,0,8,100.0,111,27,24.74,1.71,1,1,0
2717,Pro,99.0,217.0,0,15,9,-66.67,199,58,23.63,1.28,0,0,0
2718,Pro,99.0,198.0,0,12,8,-50.0,200,59,27.07,1.35,1,0,0
2719,Basic,29.0,157.0,9,2,6,66.67,98,24,21.0,2.33,0,0,1
2720,Enterprise,299.0,598.0,14,0,7,100.0,169,45,26.74,1.36,1,1,0
2721,Basic,29.0,206.0,5,1,4,75.0,106,26,25.0,2.58,0,0,0
2722,Basic,29.0,58.0,25,0,1,100.0,108,26,21.68,1.5,1,1,0
2723,Enterprise,299.0,617.0,2,3,3,0.0,119,26,24.15,2.3,0,0,0
2724,Pro,99.0,198.0,0,4,5,20.0,122,33,24.36,2.13,0,0,0
2725,Pro,99.0,198.0,0,10,8,-25.0,184,39,23.18,1.51,0,0,0
2726,Basic,29.0,58.0,11,2,5,60.0,94,19,25.61,2.17,0,0,0
2727,Pro,99.0,198.0,0,13,12,-8.33,230,63,24.02,1.18,0,0,0
2728,Enterprise,299.0,647.0,0,11,6,-83.33,225,61,21.29,1.26,0,0,0
2729,Pro,99.0,198.0,7,2,8,75.0,91,14,21.42,2.03,0,0,1
2730,Pro,99.0,396.0,3,4,9,55.56,122,34,22.23,2.24,0,0,1
2731,Basic,29.0,107.0,1,6,11,45.45,202,44,25.18,1.27,1,1,0
2732,Pro,99.0,316.0,2,6,4,-50.0,120,37,24.14,2.0,1,1,0
2733,Basic,29.0,58.0,7,1,6,83.33,77,20,22.68,2.88,0,0,0
2734,Basic,29.0,107.0,3,3,8,62.5,114,31,29.11,2.14,0,0,0
2735,Pro,99.0,297.0,0,10,8,-25.0,179,48,23.98,1.41,0,0,0
2736,Basic,29.0,58.0,2,4,5,20.0,128,34,23.56,2.19,0,0,0
2737,Pro,99.0,247.0,7,3,6,50.0,124,27,23.43,1.93,0,0,0
2738,Pro,99.0,198.0,1,6,3,-100.0,125,37,24.53,1.98,0,0,0
2739,Enterprise,299.0,617.0,1,5,6,16.67,130,35,21.6,1.98,0,0,0
2740,Basic,29.0,58.0,0,12,9,-33.33,201,48,22.38,1.33,2,0,0
2741,Basic,29.0,58.0,2,3,1,-200.0,93,23,25.86,2.74,0,0,0
2742,Basic,29.0,58.0,26,0,2,100.0,104,23,21.18,1.59,2,1,1
2743,Pro,99.0,198.0,1,1,4,75.0,105,16,22.25,2.51,0,0,0
2744,Basic,29.0,58.0,0,12,13,7.69,203,65,23.73,1.33,1,0,0
2745,Basic,29.0,306.0,0,14,8,-75.0,218,57,23.92,1.14,0,0,0
2746,Basic,29.0,58.0,7,1,1,0.0,89,27,19.5,2.75,0,0,0
2747,Enterprise,299.0,598.0,19,0,7,100.0,132,22,22.0,1.37,1,1,0
2748,Pro,99.0,247.0,0,12,9,-33.33,191,45,22.67,1.32,0,0,0
2749,Enterprise,299.0,598.0,11,2,9,77.78,126,32,22.1,1.57,1,1,1
2750,Basic,29.0,58.0,7,2,8,75.0,137,33,22.87,1.8,0,0,0
2751,Basic,29.0,58.0,3,3,6,50.0,136,28,23.37,1.9,0,0,0
2752,Enterprise,299.0,598.0,0,14,13,-7.69,245,62,25.8,1.08,0,0,0
2753,Enterprise,299.0,796.0,8,4,7,42.86,161,41,27.15,1.61,1,0,0
2754,Enterprise,299.0,598.0,0,9,16,43.75,199,42,23.57,1.36,1,0,0
2755,Pro,99.0,347.0,2,10,9,-11.11,196,50,22.77,1.33,0,0,0
2756,Basic,29.0,107.0,0,10,14,28.57,242,62,21.07,1.11,0,0,0
2757,Enterprise,299.0,598.0,4,5,5,0.0,164,37,25.54,1.62,0,0,0
2758,Enterprise,299.0,598.0,26,0,2,100.0,99,24,22.39,1.52,1,1,0
2759,Basic,29.0,58.0,0,10,11,9.09,191,45,22.92,1.56,0,0,0
2760,Basic,29.0,58.0,0,10,12,16.67,234,58,21.06,1.2,0,0,0
2761,Basic,29.0,58.0,0,12,10,-20.0,178,44,22.44,1.36,1,0,0
2762,Basic,29.0,107.0,0,14,14,0.0,232,52,25.38,1.19,0,0,0
2763,Basic,29.0,107.0,1,10,13,23.08,191,43,26.98,1.25,0,0,0
2764,Enterprise,299.0,598.0,2,3,4,25.0,82,19,25.42,3.16,0,0,0
2765,Enterprise,299.0,598.0,1,10,11,9.09,206,55,23.02,1.35,0,0,0
2766,Basic,29.0,58.0,7,3,6,50.0,93,19,27.17,2.36,0,0,0
2767,Basic,29.0,58.0,0,12,12,0.0,206,58,27.04,1.31,0,0,0
2768,Basic,29.0,58.0,1,9,13,30.77,197,50,23.32,1.34,0,0,0
2769,Basic,29.0,107.0,0,8,10,20.0,178,34,23.16,1.42,0,0,0
2770,Pro,99.0,198.0,0,15,10,-50.0,266,75,22.84,1.08,0,0,0
2771,Basic,29.0,58.0,0,3,6,50.0,141,33,23.2,2.05,0,0,0
2772,Basic,29.0,58.0,4,11,12,8.33,250,55,24.4,1.12,0,0,0
2773,Enterprise,299.0,598.0,1,11,7,-57.14,182,52,24.5,1.35,0,0,0
2774,Basic,29.0,226.0,3,9,13,30.77,223,57,22.76,1.15,0,0,0
2775,Basic,29.0,58.0,9,2,6,66.67,153,41,24.81,1.58,0,0,0
2776,Pro,99.0,297.0,0,11,13,15.38,210,49,23.98,1.29,1,0,0
2777,Pro,99.0,198.0,0,3,3,0.0,135,41,19.25,2.19,0,0,0
2778,Basic,29.0,77.0,9,2,6,66.67,105,27,23.04,2.1,0,0,0
2779,Basic,29.0,58.0,1,8,11,27.27,222,60,27.04,1.31,0,0,0
2780,Basic,29.0,77.0,0,12,13,7.69,211,58,24.49,1.18,0,0,0
2781,Basic,29.0,58.0,2,3,8,62.5,115,40,26.15,2.3,0,0,1
2782,Basic,29.0,157.0,1,12,11,-9.09,198,48,26.65,1.22,0,0,0
2783,Basic,29.0,58.0,2,3,6,50.0,141,36,22.76,2.01,0,0,0
2784,Pro,99.0,297.0,5,2,5,60.0,116,42,25.35,2.12,0,0,0
2785,Pro,99.0,198.0,23,0,6,100.0,120,36,22.07,1.29,0,0,0
2786,Basic,29.0,256.0,0,5,2,-150.0,120,26,23.2,2.43,0,0,0
2787,Pro,99.0,198.0,0,1,0,-100.0,90,26,23.2,3.01,1,1,1
2788,Enterprise,299.0,647.0,3,10,11,9.09,184,40,22.48,1.36,0,0,0
2789,Basic,29.0,58.0,0,12,13,7.69,223,62,22.12,1.2,0,0,0
2790,Pro,99.0,198.0,0,5,15,66.67,200,42,23.63,1.35,0,0,0
2791,Basic,29.0,157.0,25,0,1,100.0,95,20,21.6,1.33,1,1,0
2792,Basic,29.0,157.0,12,2,8,75.0,161,41,28.3,1.3,1,1,1
2793,Basic,29.0,77.0,1,7,12,41.67,206,49,23.89,1.32,0,0,0
2794,Basic,29.0,58.0,3,3,6,50.0,135,30,23.0,1.93,0,0,0
2795,Basic,29.0,356.0,1,10,13,23.08,229,66,23.96,1.21,0,0,0
2796,Enterprise,299.0,598.0,0,6,9,33.33,231,51,24.53,1.29,0,0,0
2797,Pro,99.0,396.0,6,3,5,40.0,118,29,26.34,1.72,0,0,0
2798,Basic,29.0,58.0,0,3,10,70.0,115,33,24.07,2.21,0,0,0
2799,Basic,29.0,206.0,3,3,5,40.0,150,32,25.73,1.94,0,0,0
2800,Basic,29.0,58.0,5,5,8,37.5,178,49,21.89,1.45,0,0,0
2801,Basic,29.0,375.0,3,3,3,0.0,81,20,23.0,3.27,0,0,0
2802,Basic,29.0,58.0,0,12,10,-20.0,194,47,25.82,1.24,0,0,0
2803,Basic,29.0,58.0,0,10,10,0.0,186,30,24.52,1.45,0,0,0
2804,Pro,99.0,198.0,2,6,14,57.14,219,50,23.84,1.14,0,0,0
2805,Enterprise,299.0,598.0,20,0,7,100.0,111,32,25.6,1.64,2,1,1
2806,Pro,99.0,297.0,3,9,10,10.0,212,51,24.34,1.21,0,0,0
2807,Basic,29.0,58.0,10,2,4,50.0,88,25,21.68,2.31,0,0,0
2808,Basic,29.0,58.0,2,10,11,9.09,236,57,22.8,1.14,0,0,0
2809,Pro,99.0,198.0,3,1,0,-100.0,85,25,23.75,2.86,1,1,1
2810,Pro,99.0,198.0,0,13,10,-30.0,192,51,26.19,1.41,0,0,0
2811,Pro,99.0,198.0,0,12,9,-33.33,194,45,25.52,1.34,0,0,0
2812,Basic,29.0,207.0,18,0,7,100.0,123,30,26.17,1.47,2,1,0
2813,Basic,29.0,96.0,0,9,8,-12.5,216,60,25.16,1.34,0,0,0
2814,Basic,29.0,206.0,17,0,8,100.0,165,45,19.82,1.28,1,1,1
2815,Pro,99.0,347.0,4,3,3,0.0,118,33,19.07,2.13,0,0,0
2816,Pro,99.0,198.0,0,14,14,0.0,235,54,26.46,1.16,0,0,0
2817,Basic,29.0,58.0,0,8,9,11.11,212,37,23.62,1.34,0,0,0
2818,Basic,29.0,58.0,0,14,9,-55.56,225,56,25.33,1.33,1,1,0
2819,Enterprise,299.0,598.0,0,13,8,-62.5,161,48,26.15,1.51,0,0,0
2820,Basic,29.0,77.0,2,8,9,11.11,191,40,26.26,1.34,0,0,0
2821,Basic,29.0,58.0,26,0,2,100.0,121,23,25.12,1.34,1,1,1
2822,Basic,29.0,157.0,0,7,7,0.0,163,55,24.27,1.85,0,0,0
2823,Pro,99.0,198.0,0,11,9,-22.22,207,46,27.12,1.38,0,0,0
2824,Basic,29.0,58.0,1,12,7,-71.43,190,34,23.91,1.33,0,0,0
2825,Pro,99.0,198.0,23,0,5,100.0,119,27,19.6,1.52,0,0,1
2826,Pro,99.0,198.0,0,13,12,-8.33,218,56,25.04,1.18,0,0,0
2827,Pro,99.0,198.0,1,12,8,-50.0,199,47,26.2,1.29,0,0,0
2828,Basic,29.0,58.0,0,9,12,25.0,231,70,25.04,1.21,0,0,0
2829,Basic,29.0,58.0,8,3,2,-50.0,101,29,30.71,2.42,0,0,0
2830,Pro,99.0,198.0,19,0,2,100.0,122,36,25.44,1.67,1,1,0
2831,Pro,99.0,198.0,6,5,5,0.0,99,17,20.7,2.18,0,0,0
2832,Basic,29.0,58.0,0,10,10,0.0,190,47,24.95,1.44,0,0,0
2833,Pro,99.0,198.0,0,12,12,0.0,215,46,22.94,1.23,0,0,0
2834,Pro,99.0,198.0,1,14,8,-75.0,209,44,23.39,1.21,0,0,0
2835,Basic,29.0,58.0,0,12,11,-9.09,176,60,23.3,1.53,0,0,0
2836,Basic,29.0,107.0,0,12,14,14.29,221,62,23.98,1.27,0,0,0
2837,Pro,99.0,446.0,0,14,12,-16.67,221,52,23.42,1.19,0,0,0
2838,Pro,99.0,198.0,0,12,14,14.29,227,56,23.82,1.23,0,0,0
2839,Basic,29.0,107.0,0,8,11,27.27,200,53,24.85,1.32,0,0,0
2840,Pro,99.0,247.0,1,9,11,18.18,208,47,18.85,1.26,0,0,0
2841,Pro,99.0,198.0,1,9,12,25.0,211,60,21.4,1.32,0,0,0
2842,Pro,99.0,217.0,0,10,14,28.57,229,59,23.66,1.2,0,0,0
2843,Pro,99.0,198.0,7,4,6,33.33,133,35,22.66,1.85,0,0,0
2844,Enterprise,299.0,598.0,0,11,11,0.0,215,61,25.85,1.21,0,0,0
2845,Basic,29.0,157.0,1,9,12,25.0,197,51,22.74,1.27,0,0,0
2846,Pro,99.0,347.0,11,1,7,85.71,101,28,25.23,2.28,1,1,0
2847,Pro,99.0,198.0,2,11,13,15.38,210,56,24.8,1.27,0,0,0
2848,Basic,29.0,58.0,0,11,12,8.33,202,45,23.33,1.23,0,0,0
2849,Enterprise,299.0,598.0,1,5,4,-25.0,115,25,22.08,2.5,0,0,1
2850,Enterprise,299.0,598.0,1,16,10,-60.0,222,57,23.33,1.21,0,0,0
2851,Pro,99.0,198.0,3,4,3,-33.33,78,20,19.11,3.07,0,0,0
2852,Basic,29.0,58.0,12,3,9,66.67,146,40,25.24,1.43,1,1,1
2853,Enterprise,299.0,598.0,18,0,5,100.0,106,28,24.41,1.96,0,0,1
2854,Pro,99.0,198.0,0,10,11,9.09,172,46,22.13,1.6,0,0,0
2855,Basic,29.0,58.0,23,0,3,100.0,113,35,25.36,1.32,1,1,0
2856,Basic,29.0,58.0,20,0,2,100.0,98,25,27.95,1.85,0,0,0
2857,Pro,99.0,198.0,2,6,4,-50.0,92,24,27.08,2.39,0,0,0
2858,Enterprise,299.0,697.0,0,7,10,30.0,170,39,23.05,1.55,0,0,0
2859,Basic,29.0,58.0,0,11,11,0.0,250,54,23.85,1.12,0,0,0
2860,Basic,29.0,107.0,1,10,11,9.09,217,67,27.1,1.2,0,0,0
2861,Basic,29.0,58.0,28,0,0,0.0,120,28,26.58,1.36,0,0,1
2862,Enterprise,299.0,647.0,0,10,8,-25.0,188,39,22.82,1.37,0,0,0
2863,Basic,29.0,58.0,16,0,7,100.0,122,42,23.84,1.74,1,0,1
2864,Basic,29.0,107.0,0,9,14,35.71,243,69,24.79,1.15,0,0,0
2865,Basic,29.0,58.0,0,6,3,-100.0,113,33,25.92,2.38,0,0,0
2866,Basic,29.0,58.0,16,0,6,100.0,139,31,25.06,1.33,1,1,0
2867,Basic,29.0,207.0,0,4,1,-300.0,84,23,24.84,3.23,0,0,0
2868,Basic,29.0,207.0,1,13,16,18.75,221,47,26.75,1.14,0,0,0
2869,Pro,99.0,217.0,0,6,8,25.0,148,39,22.5,1.92,0,0,0
2870,Pro,99.0,347.0,0,3,6,50.0,123,29,21.89,2.24,1,0,0
2871,Enterprise,299.0,598.0,9,2,3,33.33,104,19,23.38,2.39,0,0,0
2872,Pro,99.0,198.0,0,11,9,-22.22,213,49,21.63,1.3,0,0,0
2873,Basic,29.0,58.0,0,12,12,0.0,244,74,26.72,1.2,0,0,0
2874,Pro,99.0,198.0,0,12,10,-20.0,195,40,25.09,1.33,0,0,0
2875,Basic,29.0,58.0,13,1,10,90.0,134,29,25.94,1.41,1,1,0
2876,Enterprise,299.0,598.0,27,0,1,100.0,85,20,23.32,1.53,1,1,0
2877,Basic,29.0,256.0,0,4,4,0.0,81,17,22.71,2.95,0,0,0
2878,Basic,29.0,58.0,0,9,17,47.06,183,54,23.19,1.23,0,0,0
2879,Basic,29.0,58.0,0,15,12,-25.0,218,70,22.12,1.24,0,0,0
2880,Basic,29.0,58.0,18,0,2,100.0,119,29,19.56,1.71,1,0,1
2881,Basic,29.0,58.0,2,4,6,33.33,137,39,22.1,1.93,0,0,0
2882,Pro,99.0,198.0,1,9,13,30.77,258,58,23.62,1.08,0,0,0
2883,Basic,29.0,58.0,0,11,10,-10.0,192,49,26.13,1.41,0,0,0
2884,Pro,99.0,198.0,0,10,10,0.0,192,40,24.74,1.31,0,0,0
2885,Basic,29.0,58.0,0,9,10,10.0,154,40,20.97,1.6,1,0,0
2886,Pro,99.0,198.0,21,0,5,100.0,140,26,24.87,1.31,1,1,1
2887,Basic,29.0,58.0,9,2,4,50.0,97,18,25.53,2.72,0,0,0
2888,Pro,99.0,198.0,21,0,6,100.0,112,31,26.2,1.45,1,0,1
2889,Pro,99.0,217.0,2,2,6,66.67,84,22,25.77,2.59,0,0,0
2890,Pro,99.0,198.0,29,0,0,0.0,80,19,18.88,1.75,1,1,1
2891,Basic,29.0,58.0,2,10,12,16.67,203,42,25.56,1.25,0,0,0
2892,Basic,29.0,107.0,8,2,4,50.0,111,30,23.56,2.13,0,0,0
2893,Pro,99.0,217.0,0,8,4,-100.0,198,43,25.51,1.39,0,0,0
2894,Pro,99.0,247.0,0,14,4,-250.0,204,32,24.09,1.35,0,0,0
2895,Basic,29.0,58.0,21,0,8,100.0,133,33,24.5,1.26,1,1,0
2896,Basic,29.0,107.0,0,11,13,15.38,227,51,26.86,1.22,0,0,0
2897,Pro,99.0,198.0,4,3,6,50.0,140,36,22.41,1.79,0,0,0
2898,Basic,29.0,77.0,6,5,3,-66.67,122,27,27.0,1.8,0,0,0
2899,Pro,99.0,198.0,1,11,8,-37.5,196,41,20.88,1.35,0,0,0
2900,Basic,29.0,58.0,6,1,10,90.0,122,24,26.7,2.02,0,0,0
2901,Basic,29.0,58.0,18,0,9,100.0,132,35,28.91,1.32,1,0,0
2902,Pro,99.0,297.0,14,0,9,100.0,115,32,22.11,1.75,1,1,1
2903,Basic,29.0,58.0,5,3,8,62.5,156,40,21.6,1.55,1,1,0
2904,Basic,29.0,256.0,0,12,11,-9.09,195,50,23.6,1.31,1,0,0
2905,Basic,29.0,58.0,0,14,10,-40.0,207,52,25.23,1.15,0,0,0
2906,Pro,99.0,297.0,0,9,6,-50.0,125,35,23.23,2.03,0,0,0
2907,Basic,29.0,77.0,2,7,3,-133.33,135,33,25.47,1.95,0,0,1
2908,Basic,29.0,58.0,1,5,6,16.67,133,30,23.07,2.14,0,0,0
2909,Basic,29.0,58.0,0,2,6,66.67,98,21,20.91,2.68,0,0,0
2910,Pro,99.0,198.0,1,9,6,-50.0,154,28,21.63,1.44,0,0,0
2911,Basic,29.0,58.0,0,10,13,23.08,181,39,29.05,1.45,0,0,0
2912,Pro,99.0,347.0,0,11,10,-10.0,192,49,27.56,1.4,0,0,0
2913,Basic,29.0,107.0,1,11,10,-10.0,212,47,22.06,1.21,0,0,0
2914,Basic,29.0,77.0,0,9,11,18.18,168,46,22.67,1.55,0,0,0
2915,Pro,99.0,365.0,1,8,6,-33.33,135,39,21.12,1.85,1,0,0
2916,Basic,29.0,157.0,0,8,1,-700.0,102,22,27.45,2.79,1,0,0
2917,Pro,99.0,247.0,1,10,8,-25.0,220,50,23.83,1.24,0,0,0
2918,Basic,29.0,58.0,5,5,10,50.0,197,48,25.82,1.39,1,0,0
2919,Enterprise,299.0,598.0,0,11,13,15.38,221,51,23.5,1.15,0,0,0
2920,Enterprise,299.0,598.0,9,2,6,66.67,126,33,23.0,1.98,0,0,0
2921,Pro,99.0,217.0,2,12,8,-50.0,209,51,23.16,1.16,0,0,0
2922,Basic,29.0,58.0,0,11,8,-37.5,186,41,24.4,1.52,0,0,0
2923,Basic,29.0,58.0,4,4,3,-33.33,114,30,21.12,2.38,1,0,0
2924,Enterprise,299.0,647.0,2,2,5,60.0,83,27,25.82,2.69,0,0,0
2925,Pro,99.0,198.0,0,13,9,-44.44,202,55,25.11,1.32,0,0,0
2926,Basic,29.0,58.0,0,11,9,-22.22,208,48,24.91,1.26,0,0,0
2927,Pro,99.0,198.0,28,0,0,0.0,114,28,24.0,1.26,1,0,0
2928,Pro,99.0,198.0,0,11,13,15.38,211,53,26.11,1.29,0,0,0
2929,Basic,29.0,256.0,0,3,6,50.0,84,14,21.45,2.77,0,0,0
2930,Basic,29.0,207.0,21,0,6,100.0,112,28,21.35,1.54,1,1,0
2931,Pro,99.0,297.0,17,0,3,100.0,79,20,25.95,2.33,1,0,0
2932,Basic,29.0,107.0,1,4,13,69.23,189,49,24.11,1.35,0,0,0
2933,Basic,29.0,58.0,1,10,14,28.57,191,49,23.73,1.35,1,1,0
2934,Basic,29.0,58.0,3,4,7,42.86,134,43,25.5,1.83,0,0,0
2935,Pro,99.0,198.0,0,12,8,-50.0,199,49,23.13,1.28,0,0,0
2936,Basic,29.0,157.0,1,13,9,-44.44,191,56,26.88,1.3,0,0,0
2937,Basic,29.0,58.0,12,1,9,88.89,122,32,29.18,1.75,0,0,0
2938,Basic,29.0,58.0,0,11,13,15.38,239,59,26.51,1.14,0,0,0
2939,Basic,29.0,58.0,24,0,6,100.0,141,41,21.97,1.26,2,2,1
2940,Pro,99.0,217.0,0,14,8,-75.0,225,58,23.43,1.23,0,0,0
2941,Pro,99.0,198.0,11,3,7,57.14,109,29,25.71,2.05,0,0,0
2942,Enterprise,299.0,598.0,0,9,11,18.18,217,57,22.59,1.37,0,0,0
2943,Enterprise,299.0,598.0,0,1,10,90.0,187,38,24.17,1.47,1,1,0
2944,Enterprise,299.0,617.0,0,6,2,-200.0,138,31,22.6,1.98,0,0,0
2945,Pro,99.0,198.0,0,13,13,0.0,188,47,20.52,1.38,1,0,0
2946,Pro,99.0,198.0,9,2,4,50.0,76,17,21.33,2.88,0,0,0
2947,Pro,99.0,198.0,0,9,8,-12.5,162,37,22.03,1.51,0,0,0
2948,Pro,99.0,198.0,6,3,2,-50.0,94,19,27.57,2.62,0,0,0
2949,Basic,29.0,58.0,28,0,0,0.0,91,25,24.71,1.54,0,0,1
2950,Pro,99.0,198.0,30,0,0,0.0,82,22,21.89,1.59,1,0,1
2951,Basic,29.0,58.0,0,12,12,0.0,191,53,25.18,1.52,0,0,0
2952,Enterprise,299.0,598.0,0,11,15,26.67,217,46,24.82,1.2,0,0,0
2953,Pro,99.0,297.0,0,13,9,-44.44,230,55,23.38,1.12,0,0,0
2954,Pro,99.0,316.0,0,14,13,-7.69,232,59,24.59,1.02,0,0,0
2955,Pro,99.0,198.0,0,12,15,20.0,282,83,24.54,1.02,1,0,0
2956,Basic,29.0,58.0,0,11,13,15.38,266,60,24.64,1.09,0,0,0
2957,Basic,29.0,58.0,15,0,4,100.0,134,32,25.57,1.64,1,0,0
2958,Enterprise,299.0,598.0,0,5,7,28.57,163,40,25.05,1.6,0,0,0
2959,Pro,99.0,198.0,2,8,11,27.27,230,56,22.44,1.16,0,0,0
2960,Pro,99.0,198.0,0,4,4,0.0,137,32,22.61,2.16,0,0,0
2961,Enterprise,299.0,598.0,0,13,11,-18.18,194,51,23.52,1.2,1,1,0
2962,Pro,99.0,198.0,0,12,7,-71.43,175,52,24.18,1.49,0,0,0
2963,Enterprise,299.0,647.0,0,13,12,-8.33,224,55,25.51,1.23,0,0,0
2964,Pro,99.0,198.0,1,6,5,-20.0,141,36,26.27,2.0,0,0,0
2965,Pro,99.0,347.0,0,11,12,8.33,241,61,22.79,1.19,0,0,0
2966,Enterprise,299.0,647.0,0,11,11,0.0,218,45,23.09,1.27,0,0,0
2967,Pro,99.0,198.0,1,11,8,-37.5,203,45,24.18,1.28,0,0,0
2968,Basic,29.0,58.0,10,2,2,0.0,105,23,23.04,2.24,0,0,0
2969,Basic,29.0,58.0,0,13,10,-30.0,202,53,19.04,1.34,0,0,0
2970,Basic,29.0,157.0,5,3,13,76.92,183,40,25.07,1.25,0,0,0
2971,Pro,99.0,198.0,28,0,0,0.0,78,23,24.76,1.55,1,1,1
2972,Basic,29.0,58.0,1,15,11,-36.36,245,70,25.57,1.1,0,0,0
2973,Basic,29.0,256.0,0,11,9,-22.22,223,62,24.2,1.37,0,0,0
2974,Pro,99.0,217.0,3,3,6,50.0,110,28,22.64,2.3,0,0,0
2975,Basic,29.0,58.0,0,13,9,-44.44,224,53,23.57,1.23,0,0,0
2976,Basic,29.0,107.0,26,0,2,100.0,101,26,22.7,1.73,1,1,1
2977,Enterprise,299.0,598.0,0,9,12,25.0,215,50,27.05,1.38,0,0,0
2978,Basic,29.0,77.0,15,0,7,100.0,124,36,23.78,1.7,1,1,0
2979,Enterprise,299.0,598.0,0,9,9,0.0,179,41,22.8,1.5,0,0,0
2980,Basic,29.0,107.0,0,12,10,-20.0,184,55,19.84,1.37,0,0,0
2981,Pro,99.0,297.0,0,16,11,-45.45,213,59,25.94,1.16,0,0,0
2982,Basic,29.0,58.0,2,6,5,-20.0,123,32,21.38,1.87,0,0,0
2983,Basic,29.0,58.0,9,1,5,80.0,102,31,20.32,2.37,0,0,0
2984,Basic,29.0,58.0,0,13,8,-62.5,184,53,22.2,1.38,0,0,0
2985,Pro,99.0,247.0,0,10,9,-11.11,236,57,24.11,1.14,0,0,0
2986,Enterprise,299.0,598.0,7,2,8,75.0,122,26,23.44,1.99,0,0,0
2987,Basic,29.0,58.0,0,3,7,57.14,146,34,22.81,1.86,0,0,1
2988,Basic,29.0,58.0,5,1,2,50.0,125,31,20.31,2.12,1,1,0
2989,Basic,29.0,58.0,0,2,4,50.0,87,20,23.79,3.3,0,0,0
2990,Basic,29.0,58.0,2,14,14,0.0,206,57,24.23,1.06,0,0,0
2991,Pro,99.0,396.0,5,3,3,0.0,99,25,21.67,2.31,0,0,0
2992,Basic,29.0,58.0,7,4,11,63.64,158,37,24.22,1.49,0,0,0
2993,Pro,99.0,347.0,15,0,7,100.0,110,31,23.74,1.69,1,1,1
2994,Basic,29.0,206.0,0,11,14,21.43,213,52,24.2,1.29,0,0,0
2995,Basic,29.0,58.0,8,1,0,-100.0,76,21,16.41,3.15,1,1,0
2996,Basic,29.0,306.0,0,10,6,-66.67,199,38,23.56,1.48,0,0,0
2997,Pro,99.0,198.0,1,8,12,33.33,181,47,23.28,1.52,0,0,0
2998,Basic,29.0,157.0,1,16,10,-60.0,238,64,26.0,1.1,0,0,0
2999,Basic,29.0,157.0,0,15,15,0.0,271,66,25.77,0.96,0,0,0
3000,Pro,99.0,297.0,0,11,11,0.0,163,35,23.89,1.5,0,0,0
3001,Pro,99.0,347.0,11,1,10,90.0,143,42,20.84,1.52,0,0,0
3002,Pro,99.0,496.0,0,8,14,42.86,233,64,24.59,1.23,0,0,0
3003,Basic,29.0,77.0,0,10,9,-11.11,213,58,21.24,1.31,0,0,0
3004,Basic,29.0,58.0,0,13,8,-62.5,214,58,21.64,1.34,0,0,0
3005,Pro,99.0,198.0,1,14,11,-27.27,225,57,24.84,1.16,0,0,0
3006,Basic,29.0,107.0,3,13,14,7.14,212,46,25.02,1.14,0,0,0
3007,Pro,99.0,198.0,0,13,6,-116.67,193,54,25.91,1.32,0,0,0
3008,Pro,99.0,198.0,0,12,9,-33.33,211,50,23.66,1.28,0,0,0
3009,Enterprise,299.0,896.0,13,1,6,83.33,99,24,18.79,2.23,1,1,1
3010,Basic,29.0,58.0,0,10,10,0.0,202,47,24.5,1.36,0,0,0
3011,Basic,29.0,58.0,2,10,12,16.67,209,51,22.11,1.31,0,0,0
3012,Pro,99.0,247.0,5,2,2,0.0,111,22,22.24,2.72,0,0,1
3013,Pro,99.0,347.0,0,7,3,-133.33,148,36,23.13,1.9,0,0,0
3014,Basic,29.0,58.0,0,16,12,-33.33,244,54,22.93,1.05,0,0,0
3015,Pro,99.0,217.0,0,13,8,-62.5,208,68,25.25,1.37,0,0,0
3016,Pro,99.0,198.0,0,13,11,-18.18,236,58,24.53,1.14,0,0,0
3017,Basic,29.0,58.0,24,0,3,100.0,91,30,27.25,1.77,1,1,1
3018,Basic,29.0,58.0,2,1,8,87.5,134,38,23.61,2.12,0,0,1
3019,Enterprise,299.0,617.0,1,1,6,83.33,109,32,28.57,2.62,0,0,0
3020,Pro,99.0,496.0,0,6,4,-50.0,108,30,25.16,2.43,2,1,0
3021,Enterprise,299.0,697.0,1,10,9,-11.11,172,44,22.49,1.53,0,0,0
3022,Basic,29.0,58.0,1,5,6,16.67,140,36,20.44,1.84,0,0,0
3023,Basic,29.0,58.0,1,8,13,38.46,200,50,22.67,1.3,0,0,0
3024,Basic,29.0,58.0,7,4,2,-100.0,108,22,24.77,2.04,0,0,0
3025,Enterprise,299.0,617.0,1,11,10,-10.0,189,48,28.13,1.3,0,0,0
3026,Enterprise,299.0,598.0,9,2,5,60.0,139,39,24.41,1.78,0,0,0
3027,Pro,99.0,198.0,8,6,4,-50.0,150,32,25.33,1.78,0,0,0
3028,Pro,99.0,198.0,0,10,11,9.09,168,37,24.02,1.47,0,0,0
3029,Pro,99.0,198.0,1,15,12,-25.0,228,57,23.31,1.1,0,0,0
3030,Enterprise,299.0,598.0,23,0,1,100.0,57,9,21.38,2.92,1,1,0
3031,Basic,29.0,77.0,0,11,10,-10.0,156,39,29.11,1.59,0,0,0
3032,Pro,99.0,217.0,0,9,10,10.0,230,58,22.29,1.26,0,0,0
3033,Enterprise,299.0,598.0,0,13,12,-8.33,260,57,23.84,1.07,0,0,0
3034,Basic,29.0,58.0,9,3,3,0.0,111,27,25.36,1.76,1,1,0
3035,Pro,99.0,198.0,11,3,10,70.0,173,30,23.26,1.31,1,1,1
3036,Basic,29.0,58.0,4,3,3,0.0,96,20,23.57,2.76,0,0,0
3037,Pro,99.0,247.0,0,2,5,60.0,105,32,22.0,2.95,0,0,0
3038,Pro,99.0,198.0,0,7,5,-40.0,133,34,21.94,1.75,0,0,0
3039,Basic,29.0,58.0,1,13,7,-85.71,216,46,26.69,1.2,0,0,0
3040,Pro,99.0,198.0,2,8,13,38.46,173,40,23.0,1.4,0,0,0
3041,Pro,99.0,217.0,0,10,12,16.67,238,65,25.53,1.29,0,0,0
3042,Pro,99.0,198.0,3,1,2,50.0,127,28,23.85,2.24,0,0,0
3043,Basic,29.0,157.0,0,12,7,-71.43,215,58,25.41,1.31,0,0,0
3044,Basic,29.0,58.0,4,3,5,40.0,119,26,21.86,2.04,0,0,0
3045,Pro,99.0,217.0,0,12,8,-50.0,200,52,23.36,1.28,0,0,0
3046,Pro,99.0,198.0,2,5,12,58.33,180,41,21.54,1.56,0,0,0
3047,Basic,29.0,58.0,23,0,5,100.0,102,21,27.36,1.49,1,1,1
3048,Basic,29.0,58.0,2,10,11,9.09,230,55,24.06,1.16,1,0,0
3049,Basic,29.0,58.0,0,9,8,-12.5,181,34,25.26,1.57,1,0,0
3050,Basic,29.0,356.0,0,15,11,-36.36,202,55,23.59,1.31,0,0,0
3051,Pro,99.0,217.0,0,12,9,-33.33,189,51,23.16,1.38,0,0,0
3052,Pro,99.0,297.0,1,15,7,-114.29,194,55,27.87,1.32,0,0,0
3053,Basic,29.0,207.0,0,6,9,33.33,153,43,25.4,1.98,0,0,0
3054,Enterprise,299.0,697.0,0,9,14,35.71,213,49,27.29,1.26,0,0,0
3055,Enterprise,299.0,598.0,5,2,4,50.0,93,31,22.73,2.52,0,0,0
3056,Pro,99.0,366.0,1,6,3,-100.0,123,34,25.04,2.24,1,0,0
3057,Basic,29.0,58.0,0,11,9,-22.22,174,36,26.18,1.56,0,0,0
3058,Pro,99.0,198.0,3,9,12,25.0,230,55,25.23,1.08,0,0,0
3059,Enterprise,299.0,598.0,0,11,11,0.0,192,62,26.45,1.38,0,0,0
3060,Basic,29.0,58.0,2,2,3,33.33,119,25,22.75,2.46,0,0,1
3061,Basic,29.0,58.0,5,4,8,50.0,135,39,20.17,1.88,0,0,0
3062,Pro,99.0,198.0,26,0,2,100.0,90,21,21.45,1.76,1,0,0
3063,Pro,99.0,198.0,5,3,5,40.0,120,32,19.74,2.07,0,0,0
3064,Pro,99.0,198.0,0,2,6,66.67,130,31,22.89,2.19,1,1,0
3065,Basic,29.0,58.0,0,14,9,-55.56,231,56,24.4,1.21,0,0,0
3066,Basic,29.0,58.0,0,11,11,0.0,193,50,22.57,1.26,0,0,0
3067,Pro,99.0,198.0,1,2,4,50.0,147,40,23.27,1.94,0,0,1
3068,Pro,99.0,198.0,0,14,15,6.67,247,66,26.45,1.13,0,0,0
3069,Pro,99.0,198.0,1,12,12,0.0,214,57,25.0,1.29,0,0,0
3070,Pro,99.0,347.0,0,5,11,54.55,155,44,20.81,1.91,1,0,0
3071,Basic,29.0,58.0,1,10,13,23.08,206,52,24.81,1.26,0,0,0
3072,Basic,29.0,58.0,23,0,2,100.0,132,27,21.03,1.28,1,1,1
3073,Enterprise,299.0,796.0,5,1,5,80.0,108,23,23.46,2.36,0,0,0
3074,Basic,29.0,58.0,0,13,12,-8.33,215,52,22.69,1.26,0,0,0
3075,Pro,99.0,198.0,1,3,6,50.0,130,33,21.93,1.98,0,0,0
3076,Basic,29.0,157.0,1,11,10,-10.0,210,42,22.89,1.26,0,0,0
3077,Pro,99.0,347.0,0,13,11,-18.18,237,65,24.15,1.25,0,0,0
3078,Basic,29.0,58.0,1,13,7,-85.71,216,53,24.84,1.14,0,0,0
3079,Pro,99.0,198.0,23,0,2,100.0,88,18,23.52,1.78,1,1,0
3080,Enterprise,299.0,598.0,0,5,1,-400.0,81,22,17.52,2.92,0,0,0
3081,Pro,99.0,217.0,2,9,15,40.0,228,54,23.12,1.16,1,0,0
3082,Pro,99.0,198.0,2,8,13,38.46,246,56,23.12,1.12,0,0,0
3083,Pro,99.0,297.0,1,14,14,0.0,236,66,25.5,1.1,0,0,0
3084,Basic,29.0,58.0,0,13,8,-62.5,220,39,22.69,1.2,0,0,0
3085,Basic,29.0,58.0,0,11,12,8.33,174,38,28.9,1.51,1,1,0
3086,Basic,29.0,58.0,22,0,2,100.0,117,28,19.35,1.4,1,1,1
3087,Basic,29.0,58.0,3,4,3,-33.33,92,22,24.86,2.67,0,0,1
3088,Enterprise,299.0,598.0,21,0,7,100.0,84,18,22.43,1.91,1,1,0
3089,Pro,99.0,198.0,0,3,9,66.67,142,25,26.06,1.97,0,0,0
3090,Basic,29.0,157.0,0,15,9,-66.67,229,42,24.06,1.12,1,0,0
3091,Basic,29.0,77.0,15,0,5,100.0,124,42,21.45,1.58,0,0,0
3092,Pro,99.0,198.0,1,15,10,-50.0,213,58,20.35,1.21,0,0,0
3093,Basic,29.0,176.0,3,9,4,-125.0,114,26,21.46,2.16,0,0,0
3094,Basic,29.0,58.0,2,10,5,-100.0,120,32,24.34,1.75,0,0,0
3095,Pro,99.0,198.0,2,6,6,0.0,139,33,20.93,1.96,0,0,0
3096,Pro,99.0,198.0,25,0,2,100.0,109,19,22.21,1.48,1,1,1
3097,Basic,29.0,207.0,0,5,4,-25.0,116,29,25.44,2.43,0,0,0
3098,Pro,99.0,198.0,0,11,9,-22.22,181,38,25.54,1.52,1,0,0
3099,Basic,29.0,58.0,0,13,10,-30.0,209,51,26.66,1.35,1,0,0
3100,Basic,29.0,58.0,5,2,9,77.78,128,34,23.7,1.84,0,0,0
3101,Pro,99.0,198.0,1,6,11,45.45,218,52,24.39,1.29,1,0,0
3102,Basic,29.0,58.0,14,0,9,100.0,137,36,25.85,1.33,2,1,0
3103,Basic,29.0,58.0,0,12,8,-50.0,200,50,22.07,1.3,1,0,0
3104,Pro,99.0,198.0,1,3,5,40.0,142,32,22.84,1.92,0,0,0
3105,Basic,29.0,356.0,2,9,10,10.0,204,57,23.41,1.28,0,0,0
3106,Basic,29.0,58.0,8,1,4,75.0,108,28,26.27,2.0,0,0,0
3107,Pro,99.0,347.0,0,11,12,8.33,209,43,24.09,1.34,0,0,0
3108,Pro,99.0,446.0,0,3,11,72.73,144,36,21.4,2.02,0,0,0
3109,Basic,29.0,58.0,0,10,14,28.57,260,71,26.25,1.08,0,0,0
3110,Pro,99.0,347.0,0,10,9,-11.11,187,51,26.68,1.48,0,0,0
3111,Basic,29.0,58.0,0,5,6,16.67,164,36,24.79,1.8,0,0,0
3112,Enterprise,299.0,598.0,0,4,7,42.86,115,21,19.71,2.56,1,0,0
3113,Pro,99.0,198.0,7,5,7,28.57,93,24,24.29,2.55,0,0,0
3114,Basic,29.0,306.0,4,2,6,66.67,114,22,26.72,2.2,0,0,0
3115,Basic,29.0,58.0,0,13,11,-18.18,265,68,23.53,1.1,2,0,0
3116,Pro,99.0,198.0,5,7,8,12.5,124,30,20.93,2.04,0,0,0
3117,Basic,29.0,58.0,19,0,5,100.0,98,33,22.73,1.78,1,0,1
3118,Basic,29.0,58.0,0,13,11,-18.18,236,68,25.92,1.17,0,0,0
3119,Basic,29.0,58.0,8,2,7,71.43,126,32,27.29,1.85,1,0,0
3120,Pro,99.0,198.0,1,13,11,-18.18,208,51,21.2,1.19,1,0,0
3121,Pro,99.0,198.0,0,12,13,7.69,210,44,22.94,1.23,0,0,0
3122,Pro,99.0,198.0,1,13,8,-62.5,188,45,23.5,1.44,0,0,0
3123,Basic,29.0,58.0,19,0,4,100.0,129,34,27.64,1.48,2,2,0
3124,Basic,29.0,207.0,0,14,8,-75.0,233,43,23.06,1.21,0,0,0
3125,Pro,99.0,198.0,12,2,10,80.0,133,36,23.07,1.62,1,1,0
3126,Basic,29.0,107.0,1,11,10,-10.0,191,43,21.29,1.32,0,0,0
3127,Basic,29.0,58.0,4,3,4,25.0,128,36,23.14,1.98,0,0,0
3128,Basic,29.0,58.0,1,4,6,33.33,94,26,23.86,2.9,1,0,0
3129,Enterprise,299.0,598.0,1,12,8,-50.0,201,49,25.35,1.36,0,0,0
3130,Basic,29.0,58.0,0,8,9,11.11,223,54,25.85,1.13,0,0,0
3131,Basic,29.0,58.0,21,0,3,100.0,140,41,20.81,1.27,1,1,1
3132,Basic,29.0,58.0,0,9,13,30.77,216,44,24.46,1.25,0,0,0
3133,Pro,99.0,198.0,0,8,10,20.0,244,59,28.7,1.29,0,0,0
3134,Pro,99.0,446.0,2,7,10,30.0,183,48,22.82,1.53,1,0,0
3135,Pro,99.0,198.0,20,0,5,100.0,87,16,25.14,1.94,1,0,1
3136,Pro,99.0,198.0,0,2,3,33.33,97,28,24.3,2.64,1,1,0
3137,Basic,29.0,58.0,0,10,8,-25.0,189,46,27.24,1.31,1,0,0
3138,Pro,99.0,198.0,7,3,7,57.14,116,23,22.58,2.21,0,0,0
3139,Basic,29.0,58.0,4,7,14,50.0,201,53,26.98,1.13,0,0,0
3140,Basic,29.0,206.0,0,12,12,0.0,215,56,22.33,1.26,0,0,0
3141,Basic,29.0,58.0,10,3,6,50.0,83,16,23.25,2.61,0,0,0
3142,Basic,29.0,58.0,2,7,10,30.0,164,45,20.37,1.54,1,0,0
3143,Pro,99.0,236.0,0,3,6,50.0,99,24,22.2,2.45,0,0,0
3144,Enterprise,299.0,647.0,5,5,3,-66.67,136,40,24.66,1.94,0,0,0
3145,Basic,29.0,157.0,3,5,2,-150.0,110,31,25.43,2.55,1,1,0
3146,Pro,99.0,347.0,0,12,8,-50.0,219,58,24.17,1.25,0,0,0
3147,Pro,99.0,198.0,24,0,4,100.0,128,33,23.04,1.26,1,1,0
3148,Basic,29.0,157.0,0,14,10,-40.0,252,56,22.79,1.13,0,0,0
3149,Basic,29.0,77.0,0,14,13,-7.69,212,57,24.83,1.27,1,0,0
3150,Basic,29.0,58.0,3,5,7,28.57,126,28,22.19,2.2,0,0,0
3151,Basic,29.0,107.0,13,1,9,88.89,135,40,22.07,1.64,0,0,1
3152,Pro,99.0,247.0,8,3,4,25.0,135,34,22.3,1.97,0,0,0
3153,Pro,99.0,247.0,0,12,14,14.29,224,55,25.31,1.11,0,0,0
3154,Basic,29.0,157.0,0,2,1,-100.0,93,29,22.73,2.77,0,0,0
3155,Pro,99.0,198.0,4,4,4,0.0,115,38,21.27,2.2,0,0,0
3156,Basic,29.0,58.0,17,0,7,100.0,118,27,24.81,1.47,1,1,0
3157,Basic,29.0,58.0,21,0,2,100.0,123,43,23.59,1.36,1,1,1
3158,Enterprise,299.0,647.0,1,9,12,25.0,240,57,25.66,1.21,0,0,0
3159,Pro,99.0,198.0,1,11,14,21.43,259,63,24.18,1.03,0,0,0
3160,Basic,29.0,58.0,4,4,7,42.86,147,36,25.34,1.89,0,0,0
3161,Pro,99.0,296.0,26,0,2,100.0,98,28,25.14,1.53,2,1,0
3162,Pro,99.0,198.0,0,7,14,50.0,201,51,23.02,1.24,0,0,0
3163,Pro,99.0,217.0,8,2,11,81.82,144,45,21.83,1.38,2,2,1
3164,Basic,29.0,58.0,14,0,8,100.0,152,31,24.05,1.24,1,1,0
3165,Basic,29.0,58.0,2,6,5,-20.0,140,31,24.55,1.89,0,0,0
3166,Basic,29.0,58.0,1,14,13,-7.69,291,77,22.64,1.06,0,0,0
3167,Basic,29.0,77.0,6,5,3,-66.67,99,25,24.75,2.55,0,0,0
3168,Basic,29.0,58.0,0,13,7,-85.71,206,55,25.64,1.34,0,0,0
3169,Pro,99.0,198.0,21,0,1,100.0,101,27,27.96,1.63,1,1,0
3170,Basic,29.0,58.0,6,11,13,15.38,233,67,23.2,1.02,0,0,0
3171,Basic,29.0,176.0,3,8,12,33.33,180,47,26.25,1.31,0,0,0
3172,Pro,99.0,198.0,6,5,4,-25.0,126,31,25.04,1.98,0,0,0
3173,Pro,99.0,198.0,0,14,9,-55.56,218,57,27.47,1.33,0,0,0
3174,Pro,99.0,198.0,3,2,8,75.0,99,21,26.39,2.51,0,0,1
3175,Pro,99.0,297.0,1,5,4,-25.0,102,25,24.23,2.24,0,0,0
3176,Pro,99.0,198.0,7,3,3,0.0,87,30,21.25,2.7,0,0,0
3177,Basic,29.0,58.0,27,0,1,100.0,126,32,27.17,1.16,1,1,0
3178,Pro,99.0,198.0,2,4,3,-33.33,89,16,27.85,3.0,0,0,0
3179,Basic,29.0,207.0,3,7,6,-16.67,140,42,23.45,1.91,1,0,0
3180,Pro,99.0,396.0,0,11,13,15.38,208,56,25.81,1.25,0,0,0
3181,Basic,29.0,58.0,4,5,5,0.0,103,32,22.68,2.3,0,0,0
3182,Pro,99.0,247.0,11,1,2,50.0,77,17,22.18,2.93,0,0,0
3183,Basic,29.0,207.0,5,3,6,50.0,95,23,24.8,2.25,0,0,0
3184,Basic,29.0,77.0,0,12,9,-33.33,221,43,22.76,1.26,0,0,0
3185,Basic,29.0,207.0,0,13,13,0.0,254,73,24.52,1.16,0,0,0
3186,Basic,29.0,77.0,0,12,10,-20.0,231,61,23.94,1.19,0,0,0
3187,Basic,29.0,58.0,0,14,12,-16.67,229,64,26.08,1.21,0,0,0
3188,Pro,99.0,297.0,1,11,17,35.29,212,45,24.7,1.2,0,0,0
3189,Basic,29.0,58.0,24,0,1,100.0,135,36,25.77,1.21,2,2,1
3190,Basic,29.0,58.0,14,0,7,100.0,119,38,25.85,1.63,0,0,0
3191,Basic,29.0,58.0,0,10,11,9.09,201,53,26.62,1.34,0,0,0
3192,Pro,99.0,198.0,0,4,7,42.86,102,25,26.54,2.3,0,0,0
3193,Enterprise,299.0,617.0,5,2,1,-100.0,75,19,23.59,3.22,0,0,0
3194,Enterprise,299.0,598.0,1,10,9,-11.11,187,52,23.44,1.23,0,0,0
3195,Basic,29.0,58.0,0,11,10,-10.0,199,44,24.23,1.27,0,0,0
3196,Basic,29.0,58.0,2,3,3,0.0,109,28,21.5,2.48,0,0,0
3197,Pro,99.0,198.0,1,7,12,41.67,167,35,23.23,1.49,0,0,0
3198,Enterprise,299.0,598.0,12,1,8,87.5,149,32,26.03,1.51,0,0,0
3199,Basic,29.0,107.0,3,7,11,36.36,172,41,22.81,1.33,0,0,0
3200,Basic,29.0,157.0,1,10,11,9.09,194,46,25.27,1.31,0,0,0
3201,Basic,29.0,58.0,7,4,4,0.0,121,26,18.88,2.13,1,0,0
3202,Basic,29.0,58.0,0,9,15,40.0,190,44,22.82,1.34,1,0,0
3203,Enterprise,299.0,598.0,5,3,4,25.0,105,24,19.45,2.54,0,0,0
3204,Enterprise,299.0,598.0,1,9,6,-50.0,154,37,26.95,1.6,1,0,0
3205,Basic,29.0,58.0,3,3,5,40.0,87,23,25.67,2.8,0,0,0
3206,Basic,29.0,126.0,0,16,10,-60.0,218,61,23.39,1.18,0,0,0
3207,Pro,99.0,198.0,0,5,7,28.57,142,40,27.59,1.9,0,0,0
3208,Basic,29.0,58.0,2,13,11,-18.18,227,55,23.7,1.06,1,0,0
3209,Basic,29.0,157.0,0,14,13,-7.69,233,58,21.45,1.18,0,0,0
3210,Basic,29.0,58.0,2,10,7,-42.86,166,44,24.53,1.54,0,0,0
3211,Basic,29.0,58.0,21,0,4,100.0,121,30,27.1,1.32,1,0,1
3212,Pro,99.0,297.0,9,2,5,60.0,113,36,23.0,2.08,0,0,0
3213,Basic,29.0,58.0,0,11,9,-22.22,225,64,22.92,1.21,0,0,0
3214,Basic,29.0,58.0,0,9,11,18.18,208,58,23.21,1.28,0,0,0
3215,Basic,29.0,77.0,10,1,1,0.0,103,27,22.7,2.59,0,0,0
3216,Pro,99.0,247.0,3,5,8,37.5,157,45,27.64,1.77,0,0,0
3217,Basic,29.0,107.0,14,0,7,100.0,158,48,24.09,1.3,1,1,1
3218,Basic,29.0,58.0,1,9,11,18.18,224,64,21.84,1.08,0,0,0
3219,Basic,29.0,58.0,4,5,5,0.0,102,25,25.81,2.2,0,0,0
3220,Enterprise,299.0,617.0,2,10,11,9.09,195,58,24.07,1.37,0,0,0
3221,Enterprise,299.0,598.0,19,0,4,100.0,116,33,23.19,1.53,1,1,1
3222,Basic,29.0,157.0,0,11,12,8.33,212,73,22.63,1.17,0,0,0
3223,Basic,29.0,58.0,22,0,8,100.0,140,38,25.67,1.1,0,0,1
3224,Basic,29.0,207.0,10,4,2,-100.0,146,34,21.37,1.66,0,0,0
3225,Basic,29.0,256.0,15,0,10,100.0,117,27,21.52,1.72,0,0,1
3226,Basic,29.0,58.0,8,5,3,-66.67,107,21,22.12,2.18,0,0,0
3227,Pro,99.0,198.0,8,5,4,-25.0,98,28,23.57,2.28,0,0,0
3228,Enterprise,299.0,598.0,1,10,8,-25.0,215,43,22.04,1.28,0,0,0
3229,Pro,99.0,198.0,1,15,11,-36.36,236,56,24.14,1.19,0,0,0
3230,Basic,29.0,58.0,8,3,9,66.67,145,34,25.97,1.59,0,0,0
3231,Basic,29.0,226.0,3,7,8,12.5,130,39,23.03,1.93,0,0,0
3232,Enterprise,299.0,598.0,1,12,12,0.0,240,68,25.0,1.04,0,0,0
3233,Pro,99.0,396.0,0,11,9,-22.22,195,50,25.49,1.27,2,0,0
3234,Basic,29.0,207.0,0,11,11,0.0,203,65,22.82,1.21,0,0,0
3235,Enterprise,299.0,617.0,14,0,11,100.0,159,43,23.79,1.37,0,0,1
3236,Enterprise,299.0,598.0,24,0,3,100.0,82,21,23.29,1.75,1,1,0
3237,Basic,29.0,58.0,2,8,12,33.33,201,47,24.23,1.32,0,0,0
3238,Pro,99.0,198.0,0,10,12,16.67,191,45,22.83,1.31,0,0,0
3239,Basic,29.0,107.0,2,11,10,-10.0,220,49,25.82,1.24,0,0,0
3240,Pro,99.0,198.0,2,2,4,50.0,114,32,21.96,2.61,0,0,0
3241,Basic,29.0,58.0,0,10,8,-25.0,170,44,21.38,1.49,0,0,0
3242,Pro,99.0,347.0,1,4,6,33.33,121,28,21.42,2.17,0,0,0
3243,Basic,29.0,107.0,2,2,7,71.43,119,33,22.74,2.19,0,0,0
3244,Basic,29.0,207.0,0,13,11,-18.18,252,58,24.62,1.17,1,0,0
3245,Pro,99.0,297.0,4,3,3,0.0,109,22,25.95,2.75,0,0,0
3246,Basic,29.0,256.0,4,4,3,-33.33,131,35,23.29,2.05,0,0,0
3247,Pro,99.0,198.0,4,2,3,33.33,96,26,28.14,2.71,0,0,0
3248,Pro,99.0,198.0,5,4,5,20.0,126,35,20.44,2.08,0,0,0
3249,Basic,29.0,256.0,0,13,11,-18.18,208,48,18.18,1.22,0,0,0
3250,Basic,29.0,207.0,0,10,10,0.0,232,55,25.83,1.27,0,0,0
3251,Pro,99.0,198.0,5,4,7,42.86,112,21,24.19,2.7,0,0,0
3252,Basic,29.0,58.0,0,11,12,8.33,213,60,20.42,1.32,0,0,0
3253,Basic,29.0,58.0,2,10,13,23.08,221,56,25.49,1.18,0,0,0
3254,Pro,99.0,396.0,1,10,9,-11.11,171,33,24.36,1.32,0,0,0
3255,Pro,99.0,198.0,23,0,3,100.0,113,27,24.56,1.39,0,0,0
3256,Basic,29.0,58.0,1,11,11,0.0,206,52,23.67,1.29,0,0,0
3257,Basic,29.0,226.0,0,3,5,40.0,95,24,23.79,2.58,0,0,0
3258,Pro,99.0,198.0,1,8,13,38.46,230,60,25.0,1.16,0,0,0
3259,Pro,99.0,297.0,5,2,5,60.0,120,26,23.35,2.41,1,1,0
3260,Basic,29.0,77.0,0,13,11,-18.18,200,53,21.81,1.28,0,0,0
3261,Enterprise,299.0,598.0,3,2,4,50.0,100,23,26.0,2.45,0,0,0
3262,Enterprise,299.0,617.0,8,3,4,25.0,111,26,26.62,2.01,0,0,0
3263,Pro,99.0,198.0,0,15,10,-50.0,229,53,24.47,1.23,0,0,0
3264,Pro,99.0,217.0,27,0,1,100.0,130,27,25.15,1.23,1,1,0
3265,Pro,99.0,198.0,4,8,10,20.0,205,53,24.05,1.26,1,0,0
3266,Basic,29.0,58.0,0,10,11,9.09,196,55,23.82,1.23,0,0,0
3267,Basic,29.0,157.0,0,11,14,21.43,206,55,22.51,1.28,0,0,0
3268,Pro,99.0,247.0,0,4,8,50.0,147,35,24.44,1.8,0,0,0
3269,Basic,29.0,58.0,7,4,0,-100.0,124,35,25.81,2.01,0,0,0
3270,Basic,29.0,58.0,2,12,14,14.29,242,55,22.84,0.99,0,0,0
3271,Basic,29.0,58.0,5,3,4,25.0,102,27,24.96,2.47,0,0,0
3272,Basic,29.0,58.0,0,8,7,-14.29,194,52,25.54,1.49,0,0,0
3273,Basic,29.0,58.0,0,4,5,20.0,111,26,26.96,2.47,0,0,0
3274,Basic,29.0,107.0,1,1,5,80.0,97,25,27.57,2.8,0,0,0
3275,Pro,99.0,217.0,0,6,9,33.33,147,44,24.22,1.85,0,0,0
3276,Enterprise,299.0,598.0,2,11,11,0.0,202,55,26.12,1.36,0,0,0
3277,Basic,29.0,58.0,15,0,8,100.0,152,25,24.68,1.34,1,1,1
3278,Basic,29.0,58.0,0,6,8,25.0,166,34,25.08,1.7,0,0,0
3279,Pro,99.0,198.0,14,0,3,100.0,63,15,26.0,3.47,0,0,0
3280,Enterprise,299.0,598.0,20,0,7,100.0,117,27,23.24,1.56,1,1,0
3281,Pro,99.0,347.0,0,11,11,0.0,200,44,23.7,1.32,0,0,0
3282,Enterprise,299.0,598.0,1,12,14,14.29,215,65,25.7,1.26,0,0,0
3283,Basic,29.0,207.0,10,1,15,93.33,129,29,24.2,1.66,1,1,1
3284,Basic,29.0,176.0,0,13,11,-18.18,238,71,19.87,1.14,0,0,0
3285,Basic,29.0,58.0,23,0,3,100.0,122,33,24.68,1.51,0,0,1
3286,Pro,99.0,198.0,5,2,1,-100.0,88,21,30.89,3.05,0,0,0
3287,Basic,29.0,58.0,0,8,10,20.0,171,46,22.79,1.54,0,0,0
3288,Pro,99.0,198.0,0,15,7,-114.29,167,38,24.57,1.46,0,0,0
3289,Basic,29.0,107.0,0,14,11,-27.27,239,61,24.88,1.19,0,0,0
3290,Enterprise,299.0,598.0,1,4,0,-100.0,118,30,24.5,2.48,0,0,0
3291,Enterprise,299.0,598.0,0,13,11,-18.18,202,48,19.74,1.34,0,0,0
3292,Pro,99.0,247.0,5,2,6,66.67,98,24,24.82,2.52,0,0,0
3293,Pro,99.0,198.0,23,0,1,100.0,110,25,26.08,1.57,1,0,1
3294,Basic,29.0,207.0,0,14,10,-40.0,195,54,25.98,1.25,0,0,0
3295,Pro,99.0,297.0,4,3,4,25.0,113,27,25.75,2.89,0,0,0
3296,Pro,99.0,198.0,1,7,10,30.0,172,47,26.0,1.57,0,0,0
3297,Pro,99.0,198.0,0,16,6,-166.67,195,49,20.91,1.28,0,0,0
3298,Basic,29.0,58.0,8,1,7,85.71,128,30,26.59,1.89,0,0,0
3299,Pro,99.0,247.0,0,8,12,33.33,253,65,21.02,1.06,1,0,0
3300,Basic,29.0,58.0,0,13,12,-8.33,276,62,25.16,1.04,0,0,0
3301,Basic,29.0,58.0,4,3,6,50.0,115,36,24.26,2.08,1,1,0
3302,Enterprise,299.0,598.0,1,10,13,23.08,231,51,23.02,1.29,0,0,0
3303,Pro,99.0,198.0,13,2,8,75.0,126,38,19.79,1.71,2,1,1
3304,Pro,99.0,198.0,1,9,8,-12.5,159,39,21.9,1.53,0,0,0
3305,Enterprise,299.0,636.0,0,9,16,43.75,241,79,23.21,1.15,0,0,0
3306,Basic,29.0,157.0,0,11,9,-22.22,227,60,24.48,1.26,1,1,0
3307,Basic,29.0,226.0,0,12,11,-9.09,239,59,27.41,1.15,0,0,0
3308,Basic,29.0,107.0,0,11,5,-120.0,185,40,24.9,1.47,0,0,0
3309,Pro,99.0,198.0,20,0,5,100.0,121,28,28.96,1.55,1,0,1
3310,Basic,29.0,58.0,5,2,9,77.78,145,28,27.45,1.66,1,1,1
3311,Enterprise,299.0,598.0,0,3,6,50.0,82,18,25.5,3.11,0,0,0
3312,Basic,29.0,126.0,0,7,5,-40.0,138,35,22.57,2.02,0,0,0
3313,Enterprise,299.0,598.0,22,0,4,100.0,105,29,22.74,1.69,0,0,0
3314,Basic,29.0,58.0,0,4,5,20.0,128,35,24.97,1.95,0,0,0
3315,Pro,99.0,247.0,0,2,5,60.0,131,31,21.68,2.15,0,0,0
3316,Basic,29.0,58.0,1,16,9,-77.78,228,66,24.63,1.2,0,0,0
3317,Pro,99.0,198.0,9,2,6,66.67,119,28,21.96,1.93,1,0,0
3318,Basic,29.0,58.0,11,2,4,50.0,124,36,24.45,1.69,2,1,1
3319,Basic,29.0,58.0,0,5,0,-100.0,93,22,23.95,3.12,0,0,0
3320,Pro,99.0,297.0,13,1,3,66.67,106,19,23.22,1.95,0,0,0
3321,Enterprise,299.0,598.0,1,10,9,-11.11,204,54,22.51,1.21,0,0,0
3322,Enterprise,299.0,598.0,1,8,14,42.86,205,45,25.75,1.34,0,0,0
3323,Pro,99.0,247.0,4,2,3,33.33,50,15,22.71,3.76,0,0,0
3324,Pro,99.0,198.0,0,10,12,16.67,251,55,21.63,1.17,0,0,0
3325,Enterprise,299.0,598.0,0,9,13,30.77,233,79,24.49,1.16,0,0,0
3326,Basic,29.0,157.0,13,1,7,85.71,96,23,25.25,1.95,0,0,0
3327,Basic,29.0,107.0,23,0,5,100.0,89,27,22.45,1.73,1,1,1
3328,Basic,29.0,58.0,3,9,9,0.0,183,39,25.36,1.39,0,0,0
3329,Pro,99.0,198.0,0,2,4,50.0,98,23,21.45,2.77,1,0,0
3330,Basic,29.0,207.0,11,3,3,0.0,94,27,26.05,2.41,0,0,0
3331,Pro,99.0,297.0,1,6,7,14.29,129,28,23.38,1.86,0,0,0
3332,Basic,29.0,58.0,0,5,3,-66.67,121,27,20.75,2.17,0,0,0
3333,Pro,99.0,198.0,10,2,6,66.67,144,35,23.28,1.69,0,0,0
3334,Basic,29.0,58.0,13,1,6,83.33,118,33,25.54,1.72,2,2,1
3335,Pro,99.0,297.0,4,5,9,44.44,136,33,18.9,1.81,0,0,0
3336,Basic,29.0,58.0,30,0,0,0.0,106,32,25.23,1.34,1,1,0
3337,Pro,99.0,217.0,0,12,14,14.29,266,57,23.85,1.12,0,0,0
3338,Basic,29.0,107.0,17,0,6,100.0,89,20,24.67,1.97,1,0,1
3339,Basic,29.0,58.0,10,3,10,70.0,170,56,24.82,1.33,1,1,0
3340,Pro,99.0,297.0,5,4,4,0.0,121,43,25.33,2.1,0,0,0
3341,Basic,29.0,58.0,4,10,9,-11.11,207,50,23.91,1.28,0,0,0
3342,Enterprise,299.0,598.0,1,6,13,53.85,174,37,24.15,1.45,0,0,0
3343,Pro,99.0,198.0,0,9,6,-50.0,174,40,24.41,1.59,0,0,0
3344,Basic,29.0,58.0,0,12,14,14.29,202,65,22.88,1.26,0,0,0
3345,Pro,99.0,198.0,6,1,3,66.67,96,23,26.1,2.47,1,1,1
3346,Basic,29.0,77.0,1,10,9,-11.11,194,43,24.71,1.39,0,0,0
3347,Basic,29.0,58.0,3,4,4,0.0,145,17,22.79,2.0,0,0,0
3348,Basic,29.0,77.0,4,1,1,0.0,88,25,27.61,3.2,1,1,0
3349,Pro,99.0,198.0,2,4,4,0.0,109,25,25.16,2.39,0,0,0
3350,Basic,29.0,58.0,30,0,0,0.0,98,31,20.76,1.32,2,0,1
3351,Basic,29.0,58.0,0,14,10,-40.0,214,47,22.46,1.27,0,0,0
3352,Pro,99.0,198.0,1,5,5,0.0,142,38,22.45,1.93,0,0,0
3353,Basic,29.0,225.0,0,12,10,-20.0,204,52,22.29,1.26,0,0,0
3354,Pro,99.0,347.0,0,11,11,0.0,199,43,24.67,1.29,0,0,0
3355,Pro,99.0,198.0,2,6,6,0.0,140,41,26.73,1.96,0,0,0
3356,Basic,29.0,58.0,0,9,9,0.0,172,47,26.4,1.42,0,0,0
3357,Basic,29.0,157.0,6,2,7,71.43,98,29,22.86,2.47,1,0,0
3358,Pro,99.0,347.0,0,10,10,0.0,208,58,24.81,1.23,0,0,0
3359,Pro,99.0,198.0,18,0,10,100.0,145,40,19.3,1.25,1,0,1
3360,Basic,29.0,77.0,17,0,8,100.0,134,30,26.16,1.33,2,1,1
3361,Basic,29.0,58.0,0,12,11,-9.09,199,50,27.06,1.27,0,0,0
3362,Basic,29.0,107.0,1,11,11,0.0,215,42,23.33,1.23,0,0,0
3363,Basic,29.0,58.0,0,11,13,15.38,242,54,23.08,1.14,0,0,0
3364,Enterprise,299.0,598.0,27,0,1,100.0,121,24,22.52,1.22,1,1,1
3365,Pro,99.0,198.0,1,9,13,30.77,212,60,24.06,1.27,1,0,0
3366,Basic,29.0,77.0,1,10,13,23.08,224,65,23.96,1.21,0,0,0
3367,Pro,99.0,198.0,31,0,0,0.0,67,14,21.88,1.77,1,1,0
3368,Basic,29.0,77.0,0,12,10,-20.0,219,59,22.71,1.21,0,0,0
3369,Pro,99.0,297.0,2,12,12,0.0,252,75,25.23,1.09,0,0,0
3370,Basic,29.0,58.0,0,2,7,71.43,86,24,26.6,3.06,0,0,0
3371,Pro,99.0,198.0,1,10,6,-66.67,176,45,23.4,1.5,0,0,0
3372,Basic,29.0,58.0,28,0,0,0.0,61,12,23.64,2.47,1,1,0
3373,Basic,29.0,58.0,0,15,11,-36.36,208,42,23.69,1.19,0,0,0
3374,Basic,29.0,157.0,1,11,11,0.0,186,43,25.79,1.39,0,0,0
3375,Basic,29.0,157.0,4,2,1,-100.0,97,26,24.65,2.89,0,0,0
3376,Basic,29.0,207.0,0,10,11,9.09,195,49,24.87,1.29,0,0,0
3377,Pro,99.0,198.0,1,10,1,-900.0,133,26,21.79,2.1,0,0,0
3378,Enterprise,299.0,598.0,30,0,0,0.0,96,24,23.45,1.55,1,1,1
3379,Basic,29.0,58.0,14,0,4,100.0,117,31,18.96,1.95,0,0,0
3380,Basic,29.0,58.0,28,0,0,0.0,97,28,21.71,1.55,1,0,0
3381,Basic,29.0,58.0,14,0,10,100.0,151,44,23.39,1.42,1,1,0
3382,Pro,99.0,198.0,0,9,14,35.71,215,56,24.42,1.16,0,0,0
3383,Pro,99.0,297.0,19,0,2,100.0,89,26,23.05,2.1,1,0,1
3384,Enterprise,299.0,598.0,0,9,15,40.0,229,61,23.45,1.19,0,0,0
3385,Pro,99.0,247.0,1,11,13,15.38,228,71,25.48,1.24,0,0,0
3386,Basic,29.0,77.0,1,15,7,-114.29,210,61,20.92,1.22,0,0,0
3387,Basic,29.0,58.0,8,2,8,75.0,138,34,25.48,1.83,0,0,0
3388,Basic,29.0,58.0,4,3,1,-200.0,102,35,27.55,2.89,0,0,0
3389,Basic,29.0,58.0,0,9,9,0.0,196,55,24.88,1.45,0,0,0
3390,Basic,29.0,58.0,1,9,8,-12.5,199,47,20.79,1.26,0,0,0
3391,Basic,29.0,157.0,0,9,11,18.18,198,52,24.78,1.33,0,0,0
3392,Pro,99.0,446.0,1,8,12,33.33,211,66,26.02,1.23,0,0,0
3393,Basic,29.0,58.0,1,14,10,-40.0,204,60,28.49,1.31,1,0,0
3394,Enterprise,299.0,647.0,19,0,7,100.0,109,25,24.76,1.62,1,1,1
3395,Basic,29.0,126.0,0,14,10,-40.0,244,59,24.76,1.09,1,0,0
3396,Basic,29.0,58.0,17,0,6,100.0,117,33,24.07,1.38,1,1,1
3397,Basic,29.0,58.0,0,12,10,-20.0,219,68,24.44,1.19,0,0,0
3398,Basic,29.0,58.0,1,3,9,66.67,188,46,24.31,1.38,0,0,0
3399,Basic,29.0,176.0,0,1,4,75.0,112,18,24.52,2.45,0,0,0
3400,Basic,29.0,58.0,13,1,5,80.0,105,28,26.29,1.98,0,0,0
3401,Basic,29.0,58.0,0,11,12,8.33,218,44,24.22,1.34,0,0,0
3402,Enterprise,299.0,598.0,1,14,12,-16.67,205,55,22.05,1.39,0,0,0
3403,Pro,99.0,198.0,13,1,3,66.67,79,21,21.5,2.92,0,0,0
3404,Basic,29.0,58.0,18,0,5,100.0,120,30,25.5,1.27,2,0,1
3405,Basic,29.0,157.0,19,0,7,100.0,128,25,27.3,1.25,1,0,0
3406,Basic,29.0,58.0,13,1,13,92.31,197,54,25.68,1.17,1,1,0
3407,Basic,29.0,157.0,5,1,9,88.89,112,28,22.85,2.09,0,0,1
3408,Pro,99.0,198.0,25,0,2,100.0,108,23,25.42,1.47,2,0,1
3409,Enterprise,299.0,598.0,0,5,4,-25.0,104,23,24.09,2.62,0,0,0
3410,Enterprise,299.0,598.0,0,8,12,33.33,193,44,26.28,1.48,1,0,0
3411,Basic,29.0,207.0,0,13,16,18.75,229,62,23.18,1.08,0,0,0
3412,Basic,29.0,245.0,0,10,10,0.0,206,41,28.29,1.31,0,0,0
3413,Pro,99.0,198.0,0,13,11,-18.18,200,51,24.41,1.37,0,0,0
3414,Pro,99.0,217.0,0,10,9,-11.11,217,45,21.61,1.38,0,0,0
3415,Basic,29.0,58.0,7,4,7,42.86,117,22,22.96,2.0,0,0,0
3416,Pro,99.0,198.0,14,0,3,100.0,139,37,21.8,1.56,0,0,0
3417,Pro,99.0,198.0,0,10,12,16.67,227,52,24.69,1.13,0,0,0
3418,Pro,99.0,198.0,0,10,9,-11.11,211,45,24.51,1.23,0,0,0
3419,Basic,29.0,58.0,0,11,11,0.0,243,66,23.82,1.18,0,0,0
3420,Basic,29.0,157.0,3,11,6,-83.33,160,42,21.78,1.39,0,0,0
3421,Enterprise,299.0,598.0,4,1,9,88.89,126,43,22.94,1.85,1,1,0
3422,Basic,29.0,58.0,2,10,10,0.0,175,52,25.46,1.5,0,0,0
3423,Basic,29.0,207.0,0,12,7,-71.43,234,51,24.17,1.12,0,0,0
3424,Enterprise,299.0,647.0,1,6,14,57.14,240,51,24.0,1.2,0,0,0
3425,Pro,99.0,247.0,0,11,7,-57.14,207,50,24.1,1.43,0,0,0
3426,Enterprise,299.0,617.0,1,5,9,44.44,174,55,22.7,1.48,0,0,0
3427,Pro,99.0,297.0,1,13,10,-30.0,207,60,24.08,1.23,0,0,0
3428,Pro,99.0,198.0,0,15,11,-36.36,224,62,22.11,1.31,0,0,0
3429,Basic,29.0,58.0,3,4,3,-33.33,95,22,25.14,2.66,1,1,0
3430,Enterprise,299.0,647.0,5,1,11,90.91,143,39,22.78,1.73,1,1,0
3431,Pro,99.0,198.0,10,1,7,85.71,93,22,28.24,2.48,0,0,0
3432,Basic,29.0,58.0,0,8,13,38.46,210,55,25.4,1.25,0,0,0
3433,Basic,29.0,107.0,0,4,4,0.0,119,26,22.12,2.35,0,0,0
3434,Basic,29.0,77.0,0,10,11,9.09,185,41,24.47,1.4,2,1,0
3435,Pro,99.0,198.0,0,4,2,-100.0,126,25,25.44,2.26,0,0,0
3436,Basic,29.0,58.0,0,13,8,-62.5,233,63,25.2,1.21,1,0,0
3437,Basic,29.0,207.0,0,11,13,15.38,235,67,21.73,1.23,0,0,0
3438,Basic,29.0,58.0,14,0,6,100.0,139,38,26.17,1.55,0,0,0
3439,Pro,99.0,247.0,5,5,6,16.67,110,32,22.22,2.09,0,0,0
3440,Basic,29.0,107.0,1,4,7,42.86,148,38,25.77,1.99,0,0,0
3441,Basic,29.0,107.0,2,14,9,-55.56,205,51,22.19,1.35,0,0,0
3442,Pro,99.0,198.0,2,5,8,37.5,161,38,25.68,1.49,0,0,0
3443,Basic,29.0,226.0,11,1,8,87.5,127,34,23.12,1.94,0,0,1
3444,Basic,29.0,77.0,13,2,8,75.0,156,40,20.91,1.49,0,0,0
3445,Basic,29.0,157.0,7,4,1,-300.0,94,29,24.0,2.19,0,0,0
3446,Basic,29.0,96.0,0,7,16,56.25,232,65,25.39,1.22,0,0,0
3447,Pro,99.0,247.0,0,13,13,0.0,239,61,23.82,1.06,1,0,0
3448,Basic,29.0,157.0,0,11,9,-22.22,208,40,23.96,1.34,1,0,0
3449,Basic,29.0,77.0,0,11,15,26.67,237,61,23.48,1.2,0,0,0
3450,Basic,29.0,157.0,6,2,3,33.33,131,42,27.73,1.76,1,0,0
3451,Basic,29.0,58.0,0,10,10,0.0,202,54,24.23,1.36,0,0,0
3452,Basic,29.0,77.0,0,11,11,0.0,229,53,22.27,1.26,0,0,0
3453,Enterprise,299.0,617.0,1,9,8,-12.5,168,45,22.11,1.58,0,0,0
3454,Enterprise,299.0,598.0,3,8,5,-60.0,161,48,22.92,1.56,0,0,0
3455,Pro,99.0,297.0,5,2,7,71.43,98,22,23.16,2.92,0,0,0
3456,Enterprise,299.0,617.0,3,5,3,-66.67,86,20,30.23,2.6,0,0,0
3457,Pro,99.0,198.0,0,13,12,-8.33,227,55,26.5,1.2,0,0,0
3458,Basic,29.0,58.0,0,2,0,-100.0,82,18,27.15,3.1,1,0,0
3459,Basic,29.0,58.0,0,7,12,41.67,165,41,18.93,1.44,1,0,0
3460,Pro,99.0,198.0,0,11,15,26.67,223,52,23.96,1.25,0,0,0
3461,Enterprise,299.0,598.0,4,4,6,33.33,107,23,24.36,2.28,0,0,1
3462,Pro,99.0,347.0,14,0,11,100.0,133,33,24.87,1.47,1,0,0
3463,Basic,29.0,207.0,0,11,12,8.33,207,47,21.98,1.23,0,0,0
3464,Basic,29.0,58.0,0,12,11,-9.09,225,51,23.52,1.23,0,0,0
3465,Pro,99.0,347.0,5,2,4,50.0,116,34,20.76,1.86,0,0,1
3466,Basic,29.0,157.0,0,8,11,27.27,237,69,25.73,1.16,0,0,0
3467,Enterprise,299.0,598.0,1,14,8,-75.0,234,68,26.39,1.21,0,0,0
3468,Basic,29.0,58.0,0,18,12,-50.0,258,63,26.96,1.11,0,0,0
3469,Enterprise,299.0,598.0,2,5,8,37.5,100,27,23.16,2.38,0,0,0
3470,Pro,99.0,297.0,1,1,7,85.71,148,25,20.41,1.88,0,0,0
3471,Basic,29.0,58.0,0,12,8,-50.0,193,42,26.77,1.36,0,0,0
3472,Pro,99.0,198.0,3,9,9,0.0,204,50,24.0,1.3,0,0,0
3473,Pro,99.0,198.0,8,1,4,75.0,111,25,23.76,2.12,1,1,1
3474,Pro,99.0,198.0,3,4,3,-33.33,132,33,25.07,1.93,0,0,1
3475,Pro,99.0,198.0,15,0,11,100.0,170,40,26.35,1.32,1,1,0
3476,Basic,29.0,58.0,1,13,10,-30.0,209,61,22.98,1.29,0,0,0
3477,Basic,29.0,107.0,6,2,5,60.0,96,24,21.87,2.36,0,0,0
3478,Basic,29.0,207.0,0,3,5,40.0,126,34,24.33,2.27,0,0,0
3479,Basic,29.0,58.0,0,5,6,16.67,156,37,28.5,1.92,1,0,0
3480,Basic,29.0,207.0,12,2,2,0.0,111,27,23.46,2.07,0,0,0
3481,Pro,99.0,198.0,1,14,8,-75.0,192,51,26.0,1.31,0,0,0
3482,Basic,29.0,107.0,7,3,4,25.0,137,26,26.25,1.68,0,0,0
3483,Basic,29.0,77.0,1,8,14,42.86,244,62,23.57,1.06,0,0,0
3484,Enterprise,299.0,598.0,1,3,7,57.14,147,38,23.17,1.97,0,0,0
3485,Enterprise,299.0,747.0,2,9,11,18.18,192,53,25.46,1.27,0,0,0
3486,Basic,29.0,77.0,13,1,6,83.33,127,37,23.28,1.64,1,0,1
3487,Pro,99.0,198.0,0,1,5,80.0,75,19,20.63,3.26,0,0,0
3488,Basic,29.0,58.0,2,5,10,50.0,177,41,27.8,1.65,0,0,0
3489,Basic,29.0,58.0,0,11,12,8.33,223,45,26.29,1.15,0,0,0
3490,Basic,29.0,58.0,0,12,9,-33.33,203,52,24.84,1.34,0,0,0
3491,Enterprise,299.0,598.0,2,11,13,15.38,240,54,21.81,1.09,0,0,0
3492,Pro,99.0,198.0,22,0,1,100.0,114,31,24.37,1.43,1,1,1
3493,Pro,99.0,496.0,2,8,10,20.0,198,55,24.04,1.23,1,0,0
3494,Pro,99.0,198.0,15,0,3,100.0,102,29,23.57,2.0,0,0,0
3495,Pro,99.0,198.0,0,5,6,16.67,119,22,26.46,2.19,0,0,0
3496,Enterprise,299.0,598.0,7,3,3,0.0,123,27,24.69,2.03,0,0,0
3497,Basic,29.0,58.0,2,4,2,-100.0,122,29,22.62,2.25,0,0,0
3498,Basic,29.0,58.0,1,1,4,75.0,131,42,22.38,2.07,1,1,1
3499,Basic,29.0,58.0,0,10,10,0.0,231,62,24.31,1.16,0,0,0
3500,Pro,99.0,347.0,1,3,5,40.0,116,37,24.92,2.42,1,0,0
3501,Basic,29.0,58.0,2,10,12,16.67,196,48,21.37,1.36,0,0,0
3502,Enterprise,299.0,598.0,0,13,11,-18.18,198,51,24.8,1.16,0,0,0
3503,Enterprise,299.0,598.0,1,11,12,8.33,226,49,20.37,1.27,0,0,0
3504,Pro,99.0,198.0,27,0,1,100.0,84,24,24.17,1.89,1,1,1
3505,Basic,29.0,58.0,1,11,10,-10.0,185,49,23.51,1.3,1,0,0
3506,Basic,29.0,58.0,3,3,4,25.0,94,23,22.45,2.96,1,1,0
3507,Pro,99.0,198.0,6,2,3,33.33,125,38,20.08,2.18,1,0,0
3508,Basic,29.0,58.0,0,10,10,0.0,212,63,25.55,1.28,0,0,0
3509,Basic,29.0,58.0,0,13,11,-18.18,213,54,22.96,1.25,0,0,0
3510,Pro,99.0,198.0,23,0,5,100.0,117,32,23.43,1.34,2,1,1
3511,Pro,99.0,347.0,0,12,9,-33.33,229,65,22.78,1.2,0,0,0
3512,Enterprise,299.0,747.0,0,1,4,75.0,89,18,27.91,2.7,0,0,0
3513,Enterprise,299.0,598.0,3,7,4,-75.0,137,47,23.03,1.82,0,0,0
3514,Basic,29.0,58.0,0,12,12,0.0,240,65,23.33,1.12,0,0,0
3515,Pro,99.0,198.0,0,14,11,-27.27,231,59,25.69,1.23,0,0,0
3516,Basic,29.0,58.0,5,3,7,57.14,105,27,26.24,2.25,0,0,0
3517,Pro,99.0,296.0,5,6,6,0.0,133,27,24.45,1.76,0,0,0
3518,Basic,29.0,107.0,1,10,14,28.57,197,50,24.3,1.34,0,0,0
3519,Pro,99.0,198.0,3,1,1,0.0,119,28,20.48,2.32,1,0,0
3520,Pro,99.0,297.0,16,0,12,100.0,147,41,25.13,1.44,1,1,1
3521,Pro,99.0,198.0,3,2,5,60.0,129,42,24.1,1.95,0,0,0
3522,Basic,29.0,107.0,9,2,4,50.0,115,22,23.32,1.87,1,1,0
3523,Pro,99.0,297.0,14,0,6,100.0,89,20,22.75,2.4,0,0,0
3524,Basic,29.0,157.0,0,7,2,-250.0,115,28,22.59,2.27,0,0,0
3525,Basic,29.0,58.0,2,2,4,50.0,100,29,23.73,2.64,0,0,0
3526,Basic,29.0,58.0,7,5,6,16.67,128,37,21.67,1.8,0,0,0
3527,Basic,29.0,58.0,0,14,7,-100.0,167,39,24.72,1.38,0,0,0
3528,Basic,29.0,58.0,1,3,8,62.5,137,30,23.61,2.03,0,0,0
3529,Basic,29.0,58.0,1,11,9,-22.22,173,45,24.9,1.44,0,0,0
3530,Pro,99.0,198.0,1,8,10,20.0,156,42,24.71,1.42,0,0,0
3531,Enterprise,299.0,598.0,1,1,3,66.67,173,47,23.51,1.67,1,1,1
3532,Pro,99.0,198.0,2,9,9,0.0,186,53,22.29,1.43,0,0,0
3533,Pro,99.0,198.0,0,9,10,10.0,194,42,23.0,1.47,0,0,0
3534,Basic,29.0,58.0,1,10,10,0.0,169,33,25.22,1.44,0,0,0
3535,Enterprise,299.0,598.0,1,15,14,-7.14,222,58,24.62,1.16,0,0,0
3536,Pro,99.0,198.0,8,3,5,40.0,117,25,23.86,1.85,0,0,0
3537,Basic,29.0,107.0,1,9,8,-12.5,194,42,27.09,1.26,0,0,0
3538,Enterprise,299.0,598.0,10,2,5,60.0,79,19,23.75,2.55,0,0,0
3539,Pro,99.0,198.0,1,9,13,30.77,185,37,25.9,1.36,0,0,0
3540,Basic,29.0,58.0,0,11,9,-22.22,186,45,25.0,1.37,0,0,0
3541,Basic,29.0,107.0,0,11,14,21.43,260,71,21.64,1.14,0,0,0
3542,Pro,99.0,198.0,1,9,9,0.0,187,51,22.89,1.27,0,0,0
3543,Basic,29.0,356.0,1,1,3,66.67,90,22,26.95,2.71,1,1,0
3544,Pro,99.0,198.0,0,9,8,-12.5,205,60,23.33,1.23,0,0,0
3545,Pro,99.0,198.0,0,13,9,-44.44,213,54,28.89,1.22,1,0,0
3546,Basic,29.0,58.0,0,10,7,-42.86,216,53,26.56,1.42,0,0,0
3547,Pro,99.0,198.0,0,14,10,-40.0,263,75,26.32,1.08,0,0,0
3548,Basic,29.0,58.0,2,14,14,0.0,213,62,25.27,1.12,0,0,0
3549,Pro,99.0,198.0,1,11,9,-22.22,200,57,26.23,1.37,0,0,0
3550,Basic,29.0,207.0,0,10,15,33.33,206,49,20.47,1.17,0,0,0
3551,Basic,29.0,58.0,6,3,8,62.5,136,36,23.21,1.88,0,0,0
3552,Pro,99.0,247.0,0,13,15,13.33,239,63,26.04,1.11,0,0,0
3553,Basic,29.0,355.0,0,10,13,23.08,213,55,25.14,1.21,0,0,0
3554,Basic,29.0,157.0,2,9,11,18.18,198,47,24.95,1.39,1,1,0
3555,Pro,99.0,297.0,21,0,4,100.0,109,23,24.08,1.57,1,0,0
3556,Enterprise,299.0,598.0,30,0,0,0.0,99,32,23.41,1.35,1,1,0
3557,Pro,99.0,198.0,6,2,6,66.67,110,30,22.2,2.17,0,0,0
3558,Basic,29.0,58.0,16,0,3,100.0,81,18,24.05,2.15,0,0,0
3559,Basic,29.0,306.0,1,10,12,16.67,203,45,24.15,1.24,0,0,0
3560,Pro,99.0,198.0,2,6,13,53.85,223,55,21.71,1.3,0,0,0
3561,Basic,29.0,107.0,7,1,0,-100.0,98,17,26.83,2.32,1,1,1
3562,Basic,29.0,77.0,0,10,7,-42.86,198,43,25.79,1.44,0,0,0
3563,Enterprise,299.0,598.0,4,4,6,33.33,120,28,26.15,2.14,0,0,0
3564,Pro,99.0,198.0,0,9,14,35.71,191,48,21.37,1.41,0,0,0
3565,Basic,29.0,157.0,27,0,1,100.0,105,24,25.9,1.63,1,1,1
3566,Pro,99.0,198.0,8,1,4,75.0,125,33,21.0,1.82,0,0,0
3567,Basic,29.0,58.0,1,9,11,18.18,200,51,20.91,1.31,0,0,0
3568,Enterprise,299.0,647.0,0,13,10,-30.0,224,53,23.89,1.35,0,0,0
3569,Pro,99.0,217.0,0,12,9,-33.33,186,44,26.52,1.35,0,0,0
3570,Pro,99.0,198.0,21,0,5,100.0,134,34,27.86,1.37,1,0,0
3571,Pro,99.0,198.0,0,10,12,16.67,188,48,24.76,1.29,0,0,0
3572,Pro,99.0,198.0,3,5,7,28.57,107,21,21.54,2.22,0,0,0
3573,Basic,29.0,58.0,30,0,0,0.0,89,24,23.65,1.54,0,0,1
3574,Pro,99.0,198.0,14,0,9,100.0,139,37,23.66,1.42,1,1,1
3575,Pro,99.0,198.0,1,10,11,9.09,218,58,26.53,1.27,0,0,0
3576,Basic,29.0,58.0,0,8,13,38.46,210,49,25.02,1.27,0,0,0
3577,Enterprise,299.0,598.0,0,6,8,25.0,169,44,27.11,1.66,0,0,0
3578,Pro,99.0,198.0,2,7,14,50.0,194,54,22.17,1.42,0,0,0
3579,Basic,29.0,77.0,0,2,9,77.78,126,35,24.65,2.3,0,0,0
3580,Basic,29.0,107.0,0,11,11,0.0,209,52,25.21,1.28,0,0,0
3581,Pro,99.0,198.0,0,9,14,35.71,213,63,27.09,1.32,0,0,0
3582,Basic,29.0,156.0,1,11,16,31.25,239,58,25.78,1.16,0,0,0
3583,Basic,29.0,107.0,13,1,8,87.5,119,31,19.22,2.02,1,1,1
3584,Basic,29.0,207.0,2,9,12,25.0,201,49,22.73,1.33,0,0,0
3585,Basic,29.0,375.0,1,2,5,60.0,110,23,22.84,2.42,0,0,0
3586,Basic,29.0,207.0,1,1,6,83.33,104,29,25.86,2.9,1,0,0
3587,Basic,29.0,58.0,1,13,13,0.0,247,60,27.27,1.21,0,0,0
3588,Basic,29.0,58.0,2,5,12,58.33,118,32,22.48,1.97,0,0,0
3589,Enterprise,299.0,598.0,0,11,7,-57.14,213,54,22.66,1.38,0,0,0
3590,Pro,99.0,198.0,23,0,1,100.0,139,33,29.55,1.27,1,1,1
3591,Basic,29.0,58.0,7,7,2,-250.0,100,31,21.0,2.33,0,0,0
3592,Basic,29.0,58.0,10,1,8,87.5,113,34,25.54,2.1,0,0,1
3593,Pro,99.0,198.0,15,0,10,100.0,153,32,26.03,1.37,1,1,1
3594,Pro,99.0,297.0,1,9,11,18.18,224,49,21.02,1.12,0,0,0
3595,Enterprise,299.0,598.0,0,12,12,0.0,232,71,24.31,1.09,1,0,0
3596,Basic,29.0,58.0,5,1,3,66.67,105,31,28.09,2.45,0,0,0
3597,Pro,99.0,198.0,28,0,0,0.0,109,28,25.35,1.4,1,1,1
3598,Basic,29.0,157.0,1,4,1,-300.0,120,30,25.17,2.5,0,0,0
3599,Pro,99.0,198.0,1,8,11,27.27,216,53,23.59,1.28,0,0,0
3600,Basic,29.0,58.0,0,8,12,33.33,208,42,23.51,1.23,0,0,0
3601,Basic,29.0,58.0,23,0,4,100.0,78,21,24.28,2.15,1,1,0
3602,Pro,99.0,198.0,9,1,5,80.0,111,23,23.87,2.23,0,0,0
3603,Enterprise,299.0,696.0,0,8,14,42.86,197,48,21.85,1.27,0,0,0
3604,Pro,99.0,198.0,0,13,8,-62.5,206,52,24.28,1.29,0,0,0
3605,Enterprise,299.0,598.0,0,10,12,16.67,217,47,21.87,1.34,0,0,0
3606,Enterprise,299.0,598.0,2,12,14,14.29,229,40,23.46,1.07,0,0,0
3607,Basic,29.0,58.0,0,6,3,-100.0,128,35,20.62,2.37,0,0,0
3608,Basic,29.0,58.0,10,2,6,66.67,101,23,17.32,2.35,0,0,0
3609,Basic,29.0,58.0,12,1,5,80.0,93,23,24.43,2.14,0,0,0
3610,Basic,29.0,58.0,0,12,9,-33.33,238,65,22.75,1.12,0,0,0
3611,Basic,29.0,58.0,3,7,7,0.0,148,27,22.73,1.7,0,0,0
3612,Basic,29.0,58.0,2,11,8,-37.5,206,49,25.8,1.3,0,0,0
3613,Basic,29.0,58.0,0,13,16,18.75,283,71,21.55,1.03,0,0,0
3614,Pro,99.0,366.0,2,1,0,-100.0,119,29,26.35,2.2,1,1,0
3615,Basic,29.0,58.0,3,2,3,33.33,102,26,22.29,2.75,0,0,0
3616,Pro,99.0,247.0,1,9,11,18.18,196,58,24.67,1.3,0,0,0
3617,Pro,99.0,198.0,0,12,6,-100.0,162,37,21.67,1.51,0,0,0
3618,Pro,99.0,198.0,0,14,8,-75.0,172,31,24.93,1.39,0,0,0
3619,Pro,99.0,198.0,7,3,4,25.0,138,34,21.07,1.86,0,0,0
3620,Basic,29.0,176.0,1,8,9,11.11,226,56,25.64,1.27,1,0,0
3621,Enterprise,299.0,747.0,0,13,11,-18.18,193,45,24.41,1.36,1,0,0
3622,Pro,99.0,217.0,13,1,10,90.0,142,40,24.03,1.39,2,1,1
3623,Pro,99.0,198.0,0,7,3,-133.33,84,16,22.18,2.79,0,0,0
3624,Pro,99.0,198.0,25,0,2,100.0,116,37,20.88,1.4,1,1,1
3625,Basic,29.0,58.0,0,15,9,-66.67,217,50,23.38,1.1,0,0,0
3626,Basic,29.0,58.0,11,1,4,75.0,118,41,28.17,1.55,1,1,1
3627,Pro,99.0,198.0,0,11,11,0.0,240,52,24.6,1.18,1,0,0
3628,Enterprise,299.0,598.0,0,12,11,-9.09,226,65,25.28,1.19,0,0,0
3629,Basic,29.0,58.0,3,4,7,42.86,140,41,22.7,1.84,0,0,0
3630,Basic,29.0,58.0,11,1,5,80.0,100,17,25.05,2.37,1,1,0
3631,Basic,29.0,58.0,4,3,3,0.0,116,19,27.92,2.42,0,0,0
3632,Pro,99.0,198.0,0,8,10,20.0,185,52,26.28,1.41,0,0,0
3633,Enterprise,299.0,598.0,7,5,3,-66.67,123,25,24.0,2.05,0,0,1
3634,Basic,29.0,206.0,1,10,10,0.0,205,39,25.48,1.29,0,0,0
3635,Enterprise,299.0,598.0,3,9,14,35.71,217,63,25.54,1.19,0,0,0
3636,Basic,29.0,58.0,4,9,9,0.0,174,51,25.11,1.52,1,0,0
3637,Basic,29.0,58.0,0,5,5,0.0,103,29,23.85,2.22,0,0,0
3638,Basic,29.0,58.0,0,10,10,0.0,208,55,26.04,1.27,0,0,0
3639,Basic,29.0,58.0,1,12,10,-20.0,219,55,22.8,1.25,0,0,0
3640,Enterprise,299.0,598.0,1,12,15,20.0,236,63,23.74,1.12,0,0,0
3641,Enterprise,299.0,697.0,0,8,13,38.46,196,51,24.87,1.27,0,0,0
3642,Basic,29.0,207.0,30,0,0,0.0,83,24,23.11,1.55,1,1,0
3643,Basic,29.0,58.0,12,2,4,50.0,98,20,24.92,2.04,1,0,1
3644,Enterprise,299.0,598.0,0,13,12,-8.33,213,50,23.84,1.21,1,0,0
3645,Basic,29.0,306.0,12,1,2,50.0,69,19,23.47,3.31,0,0,0
3646,Basic,29.0,77.0,1,10,10,0.0,147,38,25.25,1.62,1,0,0
3647,Basic,29.0,58.0,1,12,14,14.29,263,74,21.48,1.1,0,0,0
3648,Pro,99.0,198.0,0,10,10,0.0,237,52,22.43,1.23,0,0,0
3649,Basic,29.0,58.0,2,6,4,-50.0,108,25,23.52,2.2,0,0,0
3650,Basic,29.0,176.0,0,13,11,-18.18,214,46,22.71,1.18,0,0,0
3651,Pro,99.0,198.0,0,13,11,-18.18,245,74,20.42,1.16,0,0,0
3652,Pro,99.0,198.0,10,1,8,87.5,147,48,24.57,1.45,1,1,1
3653,Basic,29.0,58.0,6,3,6,50.0,114,24,21.0,2.23,0,0,0
3654,Basic,29.0,58.0,0,12,12,0.0,197,55,22.87,1.31,0,0,0
3655,Enterprise,299.0,598.0,12,1,8,87.5,120,28,24.18,1.75,1,1,0
3656,Basic,29.0,58.0,5,3,6,50.0,129,35,27.6,2.27,0,0,0
3657,Enterprise,299.0,598.0,15,0,7,100.0,97,26,18.57,1.98,1,1,0
3658,Pro,99.0,217.0,1,10,6,-66.67,196,40,19.72,1.39,0,0,0
3659,Basic,29.0,58.0,15,0,9,100.0,151,32,23.03,1.4,1,1,0
3660,Basic,29.0,58.0,9,1,4,75.0,79,24,23.41,3.1,1,0,0
3661,Basic,29.0,157.0,0,14,10,-40.0,249,51,25.11,1.12,0,0,0
3662,Basic,29.0,58.0,3,2,6,66.67,130,29,28.33,1.94,2,2,0
3663,Basic,29.0,107.0,3,4,1,-300.0,99,26,22.6,2.79,0,0,1
3664,Basic,29.0,58.0,0,12,14,14.29,230,57,27.58,1.1,0,0,0
3665,Basic,29.0,157.0,8,3,4,25.0,96,22,26.59,2.45,0,0,0
3666,Basic,29.0,58.0,2,11,12,8.33,227,58,25.02,1.14,0,0,0
3667,Basic,29.0,157.0,1,7,11,36.36,201,51,25.27,1.32,0,0,0
3668,Enterprise,299.0,647.0,12,1,3,66.67,101,31,27.17,2.1,1,1,1
3669,Basic,29.0,58.0,9,3,8,62.5,115,31,24.08,2.0,1,0,0
3670,Enterprise,299.0,647.0,2,10,14,28.57,244,65,24.52,1.14,0,0,0
3671,Pro,99.0,198.0,21,0,6,100.0,132,40,23.74,1.44,1,1,1
3672,Basic,29.0,157.0,1,12,10,-20.0,194,50,25.16,1.31,0,0,0
3673,Enterprise,299.0,697.0,14,0,5,100.0,92,27,24.48,2.26,0,0,0
3674,Basic,29.0,58.0,0,13,12,-8.33,184,53,24.51,1.32,0,0,0
3675,Basic,29.0,58.0,3,3,6,50.0,134,29,24.79,2.08,0,0,1
3676,Pro,99.0,198.0,13,2,7,71.43,115,34,24.33,1.64,1,1,1
3677,Basic,29.0,58.0,7,3,6,50.0,105,23,25.08,2.13,0,0,0
3678,Pro,99.0,347.0,0,12,2,-500.0,173,47,24.58,1.57,0,0,0
3679,Basic,29.0,58.0,21,0,6,100.0,110,22,22.62,1.49,1,0,0
3680,Enterprise,299.0,598.0,1,7,9,22.22,188,51,30.05,1.38,0,0,0
3681,Pro,99.0,198.0,0,13,14,7.14,247,57,22.13,1.11,0,0,0
3682,Pro,99.0,198.0,0,1,2,50.0,63,10,25.36,4.55,1,0,0
3683,Pro,99.0,198.0,26,0,1,100.0,93,26,20.1,1.65,1,1,1
3684,Pro,99.0,198.0,0,8,11,27.27,189,50,24.95,1.46,0,0,0
3685,Pro,99.0,247.0,1,7,8,12.5,167,37,26.66,1.58,1,1,0
3686,Basic,29.0,107.0,1,12,9,-33.33,204,57,27.0,1.33,0,0,0
3687,Basic,29.0,58.0,15,0,9,100.0,133,27,26.07,1.52,0,0,0
3688,Basic,29.0,58.0,0,5,5,0.0,124,35,23.75,2.2,1,0,0
3689,Pro,99.0,217.0,0,8,11,27.27,225,52,23.0,1.29,0,0,0
3690,Pro,99.0,347.0,2,7,14,50.0,204,62,23.4,1.27,0,0,0
3691,Basic,29.0,58.0,1,5,5,0.0,130,38,23.92,2.34,0,0,0
3692,Basic,29.0,58.0,0,17,12,-41.67,271,63,27.25,1.06,0,0,0
3693,Pro,99.0,347.0,4,2,6,66.67,132,32,22.31,1.68,0,0,0
3694,Basic,29.0,157.0,23,0,5,100.0,102,20,23.82,1.72,1,1,1
3695,Pro,99.0,198.0,21,0,7,100.0,96,20,25.82,1.75,1,1,1
3696,Basic,29.0,58.0,3,4,4,0.0,116,26,22.3,2.13,1,0,0
3697,Enterprise,299.0,598.0,0,7,6,-16.67,127,34,23.69,2.0,0,0,0
3698,Pro,99.0,198.0,1,14,12,-16.67,224,50,26.0,1.23,0,0,0
3699,Basic,29.0,58.0,0,8,16,50.0,200,40,23.08,1.22,0,0,0
3700,Basic,29.0,58.0,17,0,6,100.0,145,29,20.96,1.45,1,1,1
3701,Basic,29.0,207.0,28,0,0,0.0,80,17,20.0,1.84,1,1,1
3702,Enterprise,299.0,598.0,0,11,12,8.33,210,47,24.31,1.26,0,0,0
3703,Basic,29.0,58.0,28,0,0,0.0,74,15,23.18,1.69,1,1,1
3704,Enterprise,299.0,598.0,1,8,6,-33.33,181,50,25.82,1.57,0,0,0
3705,Basic,29.0,157.0,4,3,3,0.0,112,27,25.24,2.31,0,0,0
3706,Pro,99.0,198.0,1,11,16,31.25,258,60,25.6,1.02,0,0,0
3707,Pro,99.0,198.0,0,13,10,-30.0,200,49,21.22,1.31,0,0,0
3708,Basic,29.0,58.0,0,13,10,-30.0,211,42,24.48,1.26,0,0,0
3709,Basic,29.0,207.0,0,14,11,-27.27,245,69,22.57,1.12,0,0,0
3710,Basic,29.0,207.0,1,10,5,-100.0,131,31,25.97,1.74,0,0,0
3711,Basic,29.0,77.0,0,16,11,-45.45,203,45,22.42,1.32,0,0,0
3712,Enterprise,299.0,598.0,0,12,12,0.0,233,57,24.94,1.15,0,0,0
3713,Basic,29.0,58.0,2,2,7,71.43,128,31,24.84,1.81,1,0,0
3714,Enterprise,299.0,598.0,0,12,12,0.0,199,53,26.38,1.34,0,0,0
3715,Pro,99.0,347.0,2,5,2,-150.0,113,33,28.81,2.27,0,0,0
3716,Pro,99.0,198.0,1,13,12,-8.33,248,61,23.96,1.11,0,0,0
3717,Pro,99.0,198.0,0,9,9,0.0,191,56,25.47,1.35,0,0,0
3718,Pro,99.0,297.0,3,4,11,63.64,159,44,27.26,1.65,0,0,0
3719,Basic,29.0,58.0,25,0,4,100.0,101,25,23.43,1.54,1,1,0
3720,Basic,29.0,58.0,21,0,5,100.0,145,29,24.75,1.23,2,1,0
3721,Basic,29.0,58.0,2,10,15,33.33,231,63,24.15,1.12,0,0,0
3722,Basic,29.0,58.0,16,0,11,100.0,129,23,23.1,1.4,1,1,1
3723,Basic,29.0,207.0,0,13,11,-18.18,247,59,23.31,1.21,0,0,0
3724,Basic,29.0,58.0,2,1,5,80.0,77,21,23.22,3.24,0,0,0
3725,Pro,99.0,247.0,0,12,13,7.69,223,45,24.9,1.2,0,0,0
3726,Basic,29.0,58.0,0,9,12,25.0,197,48,23.09,1.4,0,0,0
3727,Basic,29.0,157.0,0,12,11,-9.09,167,32,23.28,1.55,0,0,0
3728,Pro,99.0,198.0,0,15,12,-25.0,242,54,24.81,1.13,0,0,0
3729,Basic,29.0,58.0,1,9,12,25.0,194,48,23.43,1.42,0,0,0
3730,Enterprise,299.0,647.0,29,0,0,0.0,129,39,24.1,1.0,1,1,1
3731,Pro,99.0,198.0,0,14,10,-40.0,237,55,24.17,1.11,0,0,0
3732,Basic,29.0,107.0,0,12,9,-33.33,202,53,27.84,1.31,0,0,0
3733,Basic,29.0,58.0,1,6,4,-50.0,133,34,24.91,1.76,0,0,0
3734,Pro,99.0,198.0,17,0,7,100.0,144,36,24.75,1.36,1,1,1
3735,Pro,99.0,198.0,1,10,16,37.5,245,59,26.13,1.12,0,0,0
3736,Pro,99.0,198.0,0,10,12,16.67,214,50,25.33,1.3,0,0,0
3737,Basic,29.0,58.0,11,2,5,60.0,101,26,21.91,2.29,0,0,0
3738,Basic,29.0,58.0,0,12,10,-20.0,212,64,24.48,1.2,0,0,0
3739,Basic,29.0,58.0,9,1,5,80.0,92,23,23.45,2.52,0,0,0
3740,Pro,99.0,198.0,0,12,11,-9.09,201,56,26.72,1.29,0,0,0
3741,Pro,99.0,198.0,0,11,14,21.43,229,56,26.75,1.19,0,0,0
3742,Basic,29.0,77.0,4,2,7,71.43,133,25,19.58,2.2,0,0,0
3743,Pro,99.0,346.0,7,1,5,80.0,121,30,25.47,1.8,1,1,1
3744,Basic,29.0,58.0,1,7,4,-75.0,128,37,21.69,2.07,0,0,0
3745,Pro,99.0,198.0,11,2,11,81.82,150,42,24.32,1.47,2,1,1
3746,Basic,29.0,58.0,4,3,3,0.0,111,30,22.25,2.39,0,0,0
3747,Pro,99.0,247.0,0,14,12,-16.67,236,49,23.0,1.16,0,0,0
3748,Basic,29.0,77.0,1,11,10,-10.0,189,47,20.72,1.25,0,0,0
3749,Pro,99.0,198.0,17,0,2,100.0,94,23,18.76,2.09,1,1,0
3750,Pro,99.0,347.0,6,3,4,25.0,99,28,21.6,2.71,0,0,0
3751,Pro,99.0,198.0,0,13,13,0.0,205,59,23.92,1.24,0,0,0
3752,Basic,29.0,107.0,1,12,13,7.69,251,72,24.73,1.01,0,0,0
3753,Basic,29.0,77.0,0,11,13,15.38,220,53,23.86,1.22,0,0,0
3754,Pro,99.0,198.0,0,14,13,-7.69,225,54,23.96,1.23,0,0,0
3755,Basic,29.0,157.0,0,8,14,42.86,217,51,24.4,1.28,0,0,0
3756,Basic,29.0,58.0,33,0,0,0.0,88,25,21.72,1.52,1,1,1
3757,Enterprise,299.0,598.0,2,5,2,-150.0,142,40,26.13,1.87,0,0,0
3758,Basic,29.0,58.0,2,4,5,20.0,120,30,20.27,2.28,0,0,0
3759,Pro,99.0,198.0,0,8,5,-60.0,142,37,27.09,1.75,0,0,0
3760,Basic,29.0,58.0,6,4,6,33.33,123,33,20.56,2.13,0,0,0
3761,Pro,99.0,198.0,3,1,4,75.0,97,27,22.91,2.69,0,0,0
3762,Pro,99.0,247.0,0,8,7,-14.29,167,45,25.26,1.53,0,0,0
3763,Pro,99.0,347.0,3,10,14,28.57,253,77,22.26,1.07,0,0,0
3764,Pro,99.0,198.0,0,15,10,-50.0,227,62,26.72,1.21,0,0,0
3765,Basic,29.0,58.0,2,9,11,18.18,209,58,27.67,1.19,0,0,0
3766,Pro,99.0,198.0,0,9,12,25.0,216,52,22.02,1.25,0,0,0
3767,Pro,99.0,198.0,1,5,3,-66.67,121,36,23.72,2.43,0,0,0
3768,Basic,29.0,58.0,0,11,10,-10.0,233,53,19.28,1.14,0,0,0
3769,Basic,29.0,58.0,9,3,1,-200.0,144,35,23.9,1.61,1,1,1
3770,Pro,99.0,198.0,0,12,7,-71.43,159,30,23.66,1.73,0,0,0
3771,Basic,29.0,58.0,17,0,5,100.0,75,20,21.42,2.33,0,0,0
3772,Enterprise,299.0,598.0,11,3,5,40.0,130,38,23.5,1.79,0,0,0
3773,Pro,99.0,347.0,0,9,13,30.77,241,62,22.6,1.08,0,0,0
3774,Basic,29.0,58.0,0,16,13,-23.08,248,61,24.09,1.12,0,0,0
3775,Basic,29.0,107.0,0,10,13,23.08,208,59,23.13,1.32,0,0,0
3776,Basic,29.0,77.0,0,9,13,30.77,197,47,23.64,1.33,0,0,0
3777,Enterprise,299.0,598.0,4,7,2,-250.0,122,26,24.69,2.2,0,0,0
3778,Pro,99.0,297.0,1,3,8,62.5,144,35,22.19,1.94,0,0,0
3779,Basic,29.0,226.0,3,4,5,20.0,107,28,26.42,2.24,0,0,0
3780,Basic,29.0,207.0,9,1,4,75.0,120,26,25.52,1.93,0,0,0
3781,Basic,29.0,58.0,9,1,12,91.67,158,38,25.26,1.5,1,1,1
3782,Basic,29.0,58.0,0,13,7,-85.71,218,61,24.28,1.29,0,0,0
3783,Enterprise,299.0,598.0,2,7,14,50.0,209,51,22.2,1.29,0,0,0
3784,Pro,99.0,198.0,2,3,8,62.5,161,38,23.44,1.72,0,0,0
3785,Pro,99.0,247.0,13,1,14,92.86,172,44,25.0,1.28,1,1,0
3786,Enterprise,299.0,598.0,0,14,12,-16.67,212,54,23.19,1.23,0,0,0
3787,Pro,99.0,198.0,2,5,5,0.0,110,27,25.67,2.2,0,0,0
3788,Pro,99.0,198.0,1,10,7,-42.86,188,42,24.88,1.42,0,0,0
3789,Pro,99.0,198.0,20,0,7,100.0,107,22,25.33,1.6,1,1,1
3790,Enterprise,299.0,896.0,0,10,9,-11.11,185,57,24.76,1.44,0,0,0
3791,Basic,29.0,77.0,1,12,8,-50.0,205,50,20.38,1.23,0,0,0
3792,Pro,99.0,198.0,5,3,4,25.0,115,44,24.3,2.0,1,0,1
3793,Basic,29.0,126.0,0,8,17,52.94,224,72,24.28,1.12,0,0,0
3794,Basic,29.0,58.0,0,10,13,23.08,212,58,26.82,1.18,1,0,0
3795,Enterprise,299.0,617.0,4,2,5,60.0,114,34,23.67,2.1,0,0,0
3796,Basic,29.0,58.0,5,4,4,0.0,131,31,25.48,2.21,0,0,0
3797,Basic,29.0,58.0,16,0,11,100.0,127,36,26.59,1.52,1,1,1
3798,Basic,29.0,107.0,0,12,12,0.0,203,56,25.42,1.33,0,0,0
3799,Basic,29.0,58.0,3,3,7,57.14,145,34,22.42,1.87,0,0,0
3800,Pro,99.0,247.0,5,4,3,-33.33,116,25,25.77,2.51,0,0,0
3801,Basic,29.0,58.0,0,10,11,9.09,205,46,23.85,1.23,0,0,0
3802,Basic,29.0,157.0,1,6,5,-20.0,114,28,25.82,2.12,0,0,0
3803,Basic,29.0,157.0,1,4,6,33.33,120,36,23.81,2.23,1,0,0
3804,Enterprise,299.0,598.0,30,0,0,0.0,88,16,22.76,1.77,1,1,1
3805,Basic,29.0,58.0,0,9,10,10.0,190,40,22.77,1.35,0,0,0
3806,Basic,29.0,58.0,1,6,6,0.0,151,46,29.71,1.94,0,0,0
3807,Pro,99.0,198.0,2,14,12,-16.67,213,55,24.78,1.18,0,0,0
3808,Basic,29.0,207.0,21,0,4,100.0,93,20,22.67,1.9,1,0,0
3809,Enterprise,299.0,598.0,1,11,16,31.25,204,62,23.51,1.32,0,0,0
3810,Pro,99.0,198.0,0,9,17,47.06,221,69,23.02,1.21,1,0,0
3811,Basic,29.0,58.0,1,1,0,-100.0,91,26,25.1,2.92,0,0,0
3812,Pro,99.0,446.0,0,4,2,-100.0,100,22,24.74,2.59,0,0,0
3813,Basic,29.0,58.0,18,0,6,100.0,129,39,24.92,1.63,0,0,0
3814,Basic,29.0,77.0,0,9,10,10.0,210,60,21.09,1.34,0,0,0
3815,Pro,99.0,198.0,0,16,15,-6.67,250,62,23.33,1.1,0,0,0
3816,Pro,99.0,217.0,2,1,2,50.0,103,22,23.86,2.79,0,0,0
3817,Basic,29.0,58.0,2,7,11,36.36,189,43,23.39,1.44,0,0,0
3818,Basic,29.0,58.0,0,10,10,0.0,200,46,18.96,1.27,1,0,0
3819,Pro,99.0,365.0,28,0,0,0.0,87,16,23.06,2.03,1,0,1
3820,Basic,29.0,58.0,0,9,8,-12.5,178,45,26.47,1.51,0,0,0
3821,Pro,99.0,247.0,0,5,3,-66.67,106,30,22.48,2.66,0,0,0
3822,Basic,29.0,58.0,4,9,10,10.0,186,50,23.66,1.28,0,0,0
3823,Pro,99.0,198.0,0,16,12,-33.33,213,66,21.34,1.21,0,0,0
3824,Basic,29.0,58.0,11,2,13,84.62,128,31,25.73,1.65,0,0,0
3825,Pro,99.0,198.0,0,3,3,0.0,106,22,20.57,2.7,0,0,0
3826,Pro,99.0,198.0,4,4,6,33.33,104,22,22.79,2.37,0,0,0
3827,Basic,29.0,58.0,0,10,10,0.0,197,45,26.7,1.36,0,0,0
3828,Basic,29.0,58.0,0,12,10,-20.0,214,49,24.41,1.37,0,0,0
3829,Pro,99.0,198.0,17,0,5,100.0,123,35,26.39,1.52,1,1,0
3830,Enterprise,299.0,598.0,6,3,7,57.14,158,35,22.24,1.66,0,0,0
3831,Basic,29.0,107.0,0,11,11,0.0,210,52,27.21,1.44,0,0,0
3832,Pro,99.0,198.0,0,5,2,-150.0,142,30,24.21,2.08,0,0,0
3833,Pro,99.0,198.0,1,3,5,40.0,120,31,26.75,2.16,1,0,0
3834,Pro,99.0,247.0,2,2,5,60.0,162,48,24.47,1.69,1,0,1
3835,Basic,29.0,58.0,0,4,4,0.0,102,22,24.33,2.54,0,0,0
3836,Enterprise,299.0,598.0,0,10,18,44.44,209,50,22.82,1.2,0,0,0
3837,Pro,99.0,217.0,1,10,13,23.08,192,40,25.98,1.22,0,0,0
3838,Enterprise,299.0,598.0,0,14,8,-75.0,218,51,26.62,1.25,0,0,0
3839,Pro,99.0,236.0,0,8,14,42.86,199,47,25.55,1.28,0,0,0
3840,Pro,99.0,396.0,2,10,16,37.5,234,58,20.1,1.16,1,0,0
3841,Basic,29.0,256.0,2,9,16,43.75,228,71,23.6,1.11,0,0,0
3842,Enterprise,299.0,598.0,0,10,12,16.67,243,67,23.04,1.12,0,0,0
3843,Basic,29.0,58.0,0,2,8,75.0,153,47,25.09,1.73,1,0,0
3844,Pro,99.0,198.0,9,1,0,-100.0,108,24,24.35,1.96,1,1,1
3845,Basic,29.0,157.0,10,3,5,40.0,125,28,24.73,1.84,0,0,1
3846,Basic,29.0,207.0,0,11,9,-22.22,183,49,22.49,1.46,0,0,0
3847,Pro,99.0,198.0,2,2,7,71.43,137,37,23.21,2.11,0,0,0
3848,Pro,99.0,198.0,0,10,13,23.08,210,52,23.04,1.26,0,0,0
3849,Basic,29.0,157.0,2,6,9,33.33,204,54,27.33,1.24,1,0,0
3850,Enterprise,299.0,598.0,0,13,13,0.0,265,60,21.94,1.1,0,0,0
3851,Basic,29.0,107.0,0,12,13,7.69,219,56,23.66,1.27,1,0,0
3852,Pro,99.0,198.0,0,14,11,-27.27,221,71,22.14,1.16,1,0,0
3853,Enterprise,299.0,598.0,1,7,12,41.67,231,60,25.76,1.32,0,0,0
3854,Enterprise,299.0,598.0,6,5,7,28.57,183,46,22.71,1.32,0,0,0
3855,Pro,99.0,198.0,19,0,7,100.0,128,38,22.73,1.27,2,1,1
3856,Basic,29.0,58.0,18,0,5,100.0,137,48,23.77,1.34,1,1,1
3857,Basic,29.0,58.0,19,0,5,100.0,183,47,20.34,1.06,1,0,1
3858,Pro,99.0,198.0,0,13,13,0.0,238,63,23.71,1.13,1,0,0
3859,Basic,29.0,58.0,0,8,10,20.0,205,39,26.81,1.28,0,0,0
3860,Basic,29.0,157.0,0,12,8,-50.0,223,56,22.39,1.32,0,0,0
3861,Basic,29.0,77.0,0,11,3,-266.67,189,40,25.13,1.56,0,0,0
3862,Pro,99.0,247.0,0,7,15,53.33,272,72,22.55,1.07,0,0,0
3863,Basic,29.0,58.0,5,5,2,-150.0,89,17,23.9,2.81,0,0,0
3864,Basic,29.0,58.0,0,10,9,-11.11,238,58,24.94,1.23,0,0,0
3865,Basic,29.0,77.0,3,1,5,80.0,134,41,21.81,1.88,2,1,1
3866,Pro,99.0,198.0,0,10,7,-42.86,245,61,22.68,1.14,0,0,0
3867,Pro,99.0,297.0,2,5,7,28.57,133,35,26.69,2.02,0,0,0
3868,Pro,99.0,198.0,1,5,6,16.67,138,30,25.52,2.03,0,0,0
3869,Pro,99.0,198.0,2,6,11,45.45,189,53,22.86,1.35,0,0,0
3870,Basic,29.0,58.0,0,11,11,0.0,217,50,22.09,1.27,0,0,0
3871,Enterprise,299.0,598.0,1,1,5,80.0,86,34,23.76,3.39,0,0,0
3872,Pro,99.0,198.0,15,0,8,100.0,132,35,24.48,1.43,0,0,0
3873,Basic,29.0,156.0,5,4,4,0.0,113,35,25.13,2.46,0,0,0
3874,Pro,99.0,198.0,19,0,4,100.0,114,20,28.63,1.73,1,1,1
3875,Enterprise,299.0,647.0,4,5,6,16.67,159,41,23.23,1.62,3,0,0
3876,Basic,29.0,58.0,2,1,3,66.67,111,19,17.62,2.47,0,0,0
3877,Basic,29.0,58.0,9,1,10,90.0,126,37,21.31,1.75,0,0,0
3878,Enterprise,299.0,598.0,0,13,12,-8.33,227,60,22.78,1.17,0,0,0
3879,Pro,99.0,297.0,0,11,8,-37.5,227,56,22.11,1.27,0,0,0
3880,Basic,29.0,58.0,0,11,11,0.0,188,59,23.2,1.37,0,0,0
3881,Pro,99.0,198.0,14,0,16,100.0,160,41,26.71,1.32,1,1,1
3882,Enterprise,299.0,598.0,1,11,13,15.38,240,49,24.87,1.08,0,0,0
3883,Enterprise,299.0,697.0,0,6,4,-50.0,112,22,25.82,2.17,0,0,0
3884,Basic,29.0,77.0,0,13,7,-85.71,225,68,24.48,1.25,1,0,0
3885,Basic,29.0,58.0,20,0,5,100.0,116,27,24.3,1.33,1,0,1
3886,Pro,99.0,198.0,5,4,1,-300.0,98,17,23.09,2.59,0,0,0
3887,Basic,29.0,58.0,9,2,1,-100.0,83,24,21.42,2.79,0,0,0
3888,Basic,29.0,126.0,1,12,10,-20.0,190,44,22.62,1.33,0,0,0
3889,Pro,99.0,198.0,1,9,11,18.18,224,54,24.79,1.15,0,0,0
3890,Pro,99.0,446.0,0,11,12,8.33,203,39,23.02,1.34,0,0,0
3891,Pro,99.0,198.0,0,8,11,27.27,180,56,24.4,1.48,0,0,0
3892,Pro,99.0,198.0,0,12,11,-9.09,238,64,26.48,1.21,0,0,0
3893,Basic,29.0,58.0,22,0,7,100.0,115,16,20.0,1.42,1,1,0
3894,Basic,29.0,207.0,0,6,6,0.0,113,33,26.29,2.19,0,0,0
3895,Enterprise,299.0,747.0,0,8,12,33.33,211,45,23.52,1.3,0,0,0
3896,Basic,29.0,58.0,1,7,4,-75.0,155,40,21.78,1.88,1,0,0
3897,Enterprise,299.0,617.0,14,0,13,100.0,157,38,27.33,1.36,1,1,1
3898,Pro,99.0,446.0,0,5,2,-150.0,99,28,23.61,2.62,0,0,0
3899,Basic,29.0,58.0,19,0,6,100.0,150,33,24.21,1.25,0,0,0
3900,Enterprise,299.0,747.0,0,12,11,-9.09,223,59,25.81,1.26,0,0,0
3901,Basic,29.0,58.0,1,13,13,0.0,253,74,23.02,1.07,0,0,0
3902,Basic,29.0,58.0,16,0,5,100.0,122,33,21.31,1.67,0,0,0
3903,Basic,29.0,157.0,0,14,12,-16.67,215,48,24.15,1.19,0,0,0
3904,Basic,29.0,58.0,15,0,10,100.0,136,37,22.13,1.49,1,1,0
3905,Pro,99.0,297.0,0,12,10,-20.0,209,44,25.53,1.2,0,0,0
3906,Basic,29.0,58.0,19,0,6,100.0,95,22,23.24,1.99,1,1,1
3907,Pro,99.0,198.0,0,12,9,-33.33,219,52,26.2,1.29,0,0,0
3908,Basic,29.0,58.0,0,7,8,12.5,216,56,23.09,1.38,1,0,0
3909,Basic,29.0,58.0,9,2,7,71.43,99,18,24.88,1.99,0,0,0
3910,Enterprise,299.0,746.0,0,11,14,21.43,240,58,22.94,1.11,0,0,0
3911,Pro,99.0,198.0,1,10,12,16.67,271,69,22.95,1.06,0,0,0
3912,Pro,99.0,198.0,1,2,9,77.78,147,37,24.74,1.71,0,0,0
3913,Basic,29.0,306.0,1,8,15,46.67,183,41,20.76,1.43,0,0,0
3914,Pro,99.0,198.0,2,10,11,9.09,215,49,21.57,1.15,0,0,0
3915,Basic,29.0,58.0,2,5,8,37.5,137,28,21.61,1.78,0,0,0
3916,Enterprise,299.0,598.0,0,13,14,7.14,278,65,23.02,1.08,0,0,0
3917,Pro,99.0,198.0,1,7,10,30.0,186,37,24.03,1.49,0,0,0
3918,Pro,99.0,198.0,3,3,2,-50.0,89,21,23.36,2.68,0,0,0
3919,Enterprise,299.0,716.0,0,12,9,-33.33,204,55,24.39,1.38,0,0,0
3920,Pro,99.0,198.0,0,4,2,-100.0,105,29,24.11,2.28,0,0,0
3921,Basic,29.0,58.0,0,13,12,-8.33,232,53,27.76,1.18,0,0,0
3922,Basic,29.0,77.0,0,9,10,10.0,184,59,26.25,1.49,0,0,0
3923,Enterprise,299.0,598.0,0,5,11,54.55,180,43,24.25,1.52,0,0,0
3924,Basic,29.0,58.0,0,5,6,16.67,104,26,22.64,2.44,0,0,0
3925,Basic,29.0,107.0,0,3,6,50.0,130,36,24.82,2.19,0,0,0
3926,Basic,29.0,58.0,13,1,12,91.67,187,44,21.95,1.18,1,1,1
3927,Enterprise,299.0,598.0,26,0,3,100.0,97,26,20.65,1.75,1,1,0
3928,Basic,29.0,58.0,2,7,5,-40.0,136,35,22.03,1.9,0,0,0
3929,Basic,29.0,58.0,0,13,11,-18.18,264,84,23.89,1.06,0,0,0
3930,Basic,29.0,58.0,1,5,4,-25.0,122,28,23.25,2.15,0,0,0
3931,Basic,29.0,206.0,1,2,4,50.0,127,23,24.23,2.32,0,0,0
3932,Basic,29.0,77.0,0,11,12,8.33,195,41,22.43,1.35,0,0,0
3933,Pro,99.0,198.0,0,10,11,9.09,212,56,26.48,1.25,0,0,0
3934,Pro,99.0,217.0,0,11,9,-22.22,178,51,24.79,1.4,0,0,0
3935,Pro,99.0,198.0,2,2,10,80.0,126,32,25.54,2.12,0,0,0
3936,Basic,29.0,207.0,2,8,12,33.33,195,56,23.8,1.26,0,0,0
3937,Pro,99.0,198.0,0,4,7,42.86,126,40,23.69,1.92,1,0,0
3938,Basic,29.0,58.0,0,9,15,40.0,199,56,18.89,1.36,1,0,0
3939,Enterprise,299.0,598.0,12,1,4,75.0,95,17,23.24,2.24,2,1,0
3940,Basic,29.0,58.0,1,8,15,46.67,193,48,22.02,1.33,0,0,0
3941,Basic,29.0,58.0,1,4,5,20.0,114,30,25.07,2.13,0,0,0
3942,Basic,29.0,58.0,5,2,9,77.78,156,33,26.16,1.79,1,1,1
3943,Basic,29.0,58.0,0,9,15,40.0,234,63,21.58,1.16,0,0,0
3944,Pro,99.0,198.0,19,0,10,100.0,132,31,21.39,1.44,1,1,0
3945,Pro,99.0,198.0,1,11,11,0.0,182,46,20.87,1.52,1,1,0
3946,Pro,99.0,297.0,4,3,8,62.5,127,34,23.91,1.72,0,0,0
3947,Basic,29.0,107.0,0,12,9,-33.33,193,37,22.96,1.35,0,0,0
3948,Basic,29.0,107.0,1,11,9,-22.22,223,57,22.44,1.15,1,0,0
3949,Enterprise,299.0,617.0,0,13,9,-44.44,188,38,23.29,1.25,0,0,0
3950,Enterprise,299.0,766.0,3,2,5,60.0,82,22,25.8,2.86,0,0,0
3951,Pro,99.0,198.0,1,3,5,40.0,84,17,27.05,3.03,0,0,0
3952,Basic,29.0,156.0,0,12,11,-9.09,209,55,21.96,1.28,0,0,0
3953,Basic,29.0,58.0,16,0,5,100.0,95,24,22.95,2.23,0,0,0
3954,Basic,29.0,58.0,3,5,6,16.67,109,21,22.71,2.07,0,0,1
3955,Basic,29.0,77.0,2,10,10,0.0,183,45,25.07,1.3,1,1,0
3956,Basic,29.0,107.0,10,1,3,66.67,110,28,24.77,2.32,1,1,1
3957,Pro,99.0,297.0,1,11,10,-10.0,160,38,27.79,1.5,0,0,0
3958,Pro,99.0,247.0,0,10,13,23.08,229,59,25.16,1.17,0,0,0
3959,Enterprise,299.0,598.0,6,2,3,33.33,83,28,26.0,3.06,0,0,0
3960,Basic,29.0,58.0,7,2,3,33.33,73,16,24.0,3.72,1,1,0
3961,Basic,29.0,58.0,31,0,0,0.0,78,18,23.0,1.76,1,1,1
3962,Basic,29.0,176.0,11,2,6,66.67,111,24,20.4,2.01,0,0,0
3963,Basic,29.0,107.0,8,4,7,42.86,116,27,20.46,2.03,0,0,0
3964,Pro,99.0,198.0,0,7,5,-40.0,152,42,23.27,2.02,0,0,0
3965,Pro,99.0,198.0,4,5,5,0.0,140,35,22.5,1.74,1,1,1
3966,Basic,29.0,115.0,0,11,10,-10.0,225,54,22.25,1.16,0,0,0
3967,Basic,29.0,58.0,27,0,1,100.0,111,26,22.87,1.46,1,1,1
3968,Basic,29.0,207.0,12,1,3,66.67,84,26,21.53,2.86,0,0,0
3969,Pro,99.0,198.0,0,7,11,36.36,166,49,24.28,1.45,0,0,0
3970,Basic,29.0,58.0,0,16,11,-45.45,201,56,25.58,1.24,0,0,0
3971,Basic,29.0,58.0,0,13,11,-18.18,272,64,21.33,1.06,0,0,0
3972,Basic,29.0,58.0,13,1,10,90.0,152,39,21.43,1.36,0,0,1
3973,Enterprise,299.0,598.0,1,14,10,-40.0,226,69,23.06,1.15,0,0,0
3974,Basic,29.0,58.0,0,7,12,41.67,183,51,23.19,1.44,0,0,0
3975,Pro,99.0,198.0,8,3,3,0.0,102,29,20.87,2.32,0,0,0
3976,Basic,29.0,207.0,1,9,10,10.0,183,48,25.95,1.45,0,0,0
3977,Pro,99.0,198.0,1,4,5,20.0,96,31,29.67,2.81,0,0,0
3978,Basic,29.0,58.0,7,3,5,40.0,91,19,26.52,2.55,0,0,0
3979,Basic,29.0,58.0,1,12,9,-33.33,226,57,24.91,1.26,0,0,0
3980,Pro,99.0,198.0,3,5,6,16.67,126,35,23.0,1.98,0,0,0
3981,Basic,29.0,58.0,18,0,5,100.0,92,19,22.0,1.94,1,1,0
3982,Basic,29.0,58.0,0,3,6,50.0,127,28,23.41,2.26,0,0,0
3983,Basic,29.0,107.0,15,0,5,100.0,143,42,23.77,1.44,1,1,1
3984,Enterprise,299.0,598.0,2,11,11,0.0,248,61,24.2,1.17,0,0,0
3985,Enterprise,299.0,617.0,0,4,6,33.33,120,33,24.04,2.13,0,0,0
3986,Pro,99.0,198.0,0,11,11,0.0,226,42,23.88,1.18,0,0,0
3987,Pro,99.0,198.0,17,0,7,100.0,149,36,26.0,1.45,1,1,1
3988,Basic,29.0,207.0,28,0,0,0.0,108,30,23.0,1.47,1,0,0
3989,Basic,29.0,325.0,0,13,12,-8.33,233,58,24.87,1.15,0,0,0
3990,Pro,99.0,346.0,2,6,1,-500.0,166,41,21.9,1.91,0,0,0
3991,Pro,99.0,198.0,0,10,10,0.0,205,50,24.8,1.35,0,0,0
3992,Enterprise,299.0,647.0,3,12,8,-50.0,190,45,22.26,1.33,0,0,0
3993,Basic,29.0,58.0,0,6,12,50.0,170,46,24.74,1.59,0,0,0
3994,Pro,99.0,198.0,19,0,11,100.0,173,44,26.41,1.07,1,0,0
3995,Pro,99.0,217.0,16,0,4,100.0,105,33,22.78,1.95,0,0,0
3996,Basic,29.0,58.0,3,9,5,-80.0,155,38,22.17,1.63,0,0,0
3997,Basic,29.0,58.0,2,8,11,27.27,213,50,23.06,1.25,0,0,0
3998,Basic,29.0,58.0,1,4,7,42.86,136,37,19.43,1.97,0,0,0
3999,Pro,99.0,198.0,5,3,10,70.0,157,43,23.33,1.52,0,0,1
4000,Basic,29.0,58.0,0,11,9,-22.22,224,47,26.67,1.24,0,0,0
