user_id,actual_churn,churn_probability,predicted_class,driver_1_feature,driver_1_shap,driver_1_text,driver_2_feature,driver_2_shap,driver_2_text,driver_3_feature,driver_3_shap,driver_3_text
3222,0,0.0005,0,sessions_recent_14d,-4.26853084564209,High recent activity with 11 sessions in last 14d (pulled churn risk DOWN by -4.27),days_since_last_session,-0.40385761857032776,Recent session logged 0 days ago (pulled churn risk DOWN by -0.40),total_events_60d,-0.380282461643219,"High overall engagement depth (212 total events, pulled churn risk DOWN by -0.38)"
2328,0,0.0035,0,sessions_recent_14d,-2.453395128250122,High recent activity with 7 sessions in last 14d (pulled churn risk DOWN by -2.45),days_since_last_session,-0.6045273542404175,Recent session logged 0 days ago (pulled churn risk DOWN by -0.60),total_events_60d,-0.37018734216690063,"High overall engagement depth (189 total events, pulled churn risk DOWN by -0.37)"
1967,0,0.1235,0,sessions_recent_14d,-0.4416697919368744,High recent activity with 3 sessions in last 14d (pulled churn risk DOWN by -0.44),days_since_last_session,0.34657183289527893,Inactive for 1 consecutive days (pushed churn risk UP by +0.35),support_ticket_count,0.25217732787132263,Filed 1 support tickets in 60d (pushed churn risk UP by +0.25)
1625,0,0.0344,0,sessions_recent_14d,0.8561270236968994,Recent 14-day activity dropped to 2 sessions (pushed churn risk UP by +0.86),support_ticket_count,-0.7939568758010864,Low support friction with 0 tickets (pulled churn risk DOWN by -0.79),total_events_60d,-0.6924434900283813,"High overall engagement depth (194 total events, pulled churn risk DOWN by -0.69)"
2618,0,0.0004,0,sessions_recent_14d,-4.672327518463135,High recent activity with 13 sessions in last 14d (pulled churn risk DOWN by -4.67),total_events_60d,-0.38605353236198425,"High overall engagement depth (261 total events, pulled churn risk DOWN by -0.39)",support_ticket_count,-0.32587921619415283,Low support friction with 0 tickets (pulled churn risk DOWN by -0.33)
3891,0,0.0002,0,sessions_recent_14d,-4.272135257720947,High recent activity with 8 sessions in last 14d (pulled churn risk DOWN by -4.27),total_events_60d,-0.5356059670448303,"High overall engagement depth (180 total events, pulled churn risk DOWN by -0.54)",days_since_last_session,-0.5010145306587219,Recent session logged 0 days ago (pulled churn risk DOWN by -0.50)
2732,0,0.0293,0,sessions_recent_14d,-2.052361011505127,High recent activity with 6 sessions in last 14d (pulled churn risk DOWN by -2.05),unresolved_tickets,0.3285396099090576,Has 1 unresolved support tickets (pushed churn risk UP by +0.33),days_since_last_session,-0.21971502900123596,Recent session logged 2 days ago (pulled churn risk DOWN by -0.22)
3850,0,0.0008,0,sessions_recent_14d,-4.26653528213501,High recent activity with 13 sessions in last 14d (pulled churn risk DOWN by -4.27),days_since_last_session,-0.4549426734447479,Recent session logged 0 days ago (pulled churn risk DOWN by -0.45),avg_session_gap_days,0.4456700384616852,High average session gap of 1.1 days (pushed churn risk UP by +0.45)
3374,0,0.0004,0,sessions_recent_14d,-4.3477983474731445,High recent activity with 11 sessions in last 14d (pulled churn risk DOWN by -4.35),total_events_60d,-0.5341647863388062,"High overall engagement depth (186 total events, pulled churn risk DOWN by -0.53)",support_ticket_count,-0.3938126862049103,Low support friction with 0 tickets (pulled churn risk DOWN by -0.39)
2334,0,0.0689,0,support_ticket_count,-1.103654146194458,Low support friction with 0 tickets (pulled churn risk DOWN by -1.10),sessions_recent_14d,0.7970423102378845,Recent 14-day activity dropped to 2 sessions (pushed churn risk UP by +0.80),days_since_last_session,-0.33817699551582336,Recent session logged 7 days ago (pulled churn risk DOWN by -0.34)
3808,0,0.5758,1,sessions_recent_14d,1.0672526359558105,Recent 14-day activity dropped to 0 sessions (pushed churn risk UP by +1.07),days_since_last_session,0.722690761089325,Inactive for 21 consecutive days (pushed churn risk UP by +0.72),support_ticket_count,0.382654070854187,Filed 1 support tickets in 60d (pushed churn risk UP by +0.38)
1110,0,0.5602,1,sessions_recent_14d,1.2414250373840332,Recent 14-day activity dropped to 2 sessions (pushed churn risk UP by +1.24),unresolved_tickets,0.6031185388565063,Has 1 unresolved support tickets (pushed churn risk UP by +0.60),core_feature_usage_count,0.3982384502887726,"Low adoption of core features (43 events, pushed churn risk UP by +0.40)"
3669,0,0.1404,0,session_drop_pct,0.3669965863227844,Session volume dropped by 62.5% in final 14d (pushed churn risk UP by +0.37),days_since_last_session,-0.228238046169281,Recent session logged 9 days ago (pulled churn risk DOWN by -0.23),support_ticket_count,0.14911164343357086,Filed 1 support tickets in 60d (pushed churn risk UP by +0.15)
2564,0,0.0002,0,sessions_recent_14d,-4.254936695098877,High recent activity with 14 sessions in last 14d (pulled churn risk DOWN by -4.25),total_events_60d,-0.5919925570487976,"High overall engagement depth (262 total events, pulled churn risk DOWN by -0.59)",days_since_last_session,-0.4862763285636902,Recent session logged 0 days ago (pulled churn risk DOWN by -0.49)
2293,0,0.0679,0,support_ticket_count,-0.9655117988586426,Low support friction with 0 tickets (pulled churn risk DOWN by -0.97),sessions_recent_14d,0.7858558893203735,Recent 14-day activity dropped to 2 sessions (pushed churn risk UP by +0.79),days_since_last_session,-0.32244783639907837,Recent session logged 3 days ago (pulled churn risk DOWN by -0.32)
2609,0,0.0005,0,sessions_recent_14d,-4.505210876464844,High recent activity with 8 sessions in last 14d (pulled churn risk DOWN by -4.51),days_since_last_session,-0.5590476989746094,Recent session logged 0 days ago (pulled churn risk DOWN by -0.56),support_ticket_count,-0.3053702712059021,Low support friction with 0 tickets (pulled churn risk DOWN by -0.31)
3368,0,0.0005,0,sessions_recent_14d,-4.150566101074219,High recent activity with 12 sessions in last 14d (pulled churn risk DOWN by -4.15),days_since_last_session,-0.37208816409111023,Recent session logged 0 days ago (pulled churn risk DOWN by -0.37),support_ticket_count,-0.3255324065685272,Low support friction with 0 tickets (pulled churn risk DOWN by -0.33)
1559,0,0.6477,1,sessions_recent_14d,1.1951545476913452,Recent 14-day activity dropped to 1 sessions (pushed churn risk UP by +1.20),avg_session_gap_days,0.3340502083301544,High average session gap of 1.3 days (pushed churn risk UP by +0.33),core_feature_usage_count,0.3124135434627533,"Low adoption of core features (39 events, pushed churn risk UP by +0.31)"
1882,0,0.0004,0,sessions_recent_14d,-4.356126308441162,High recent activity with 10 sessions in last 14d (pulled churn risk DOWN by -4.36),total_events_60d,-0.5574408769607544,"High overall engagement depth (176 total events, pulled churn risk DOWN by -0.56)",support_ticket_count,-0.32400980591773987,Low support friction with 0 tickets (pulled churn risk DOWN by -0.32)
3277,1,0.5487,1,sessions_recent_14d,1.0548478364944458,Recent 14-day activity dropped to 0 sessions (pushed churn risk UP by +1.05),avg_session_gap_days,0.39400947093963623,High average session gap of 1.3 days (pushed churn risk UP by +0.39),days_since_last_session,0.30845364928245544,Inactive for 15 consecutive days (pushed churn risk UP by +0.31)
3917,0,0.0033,0,sessions_recent_14d,-2.686513900756836,High recent activity with 7 sessions in last 14d (pulled churn risk DOWN by -2.69),support_ticket_count,-0.3661026656627655,Low support friction with 0 tickets (pulled churn risk DOWN by -0.37),core_feature_usage_count,-0.18880367279052734,"Strong adoption of core features (37 events, pulled churn risk DOWN by -0.19)"
1876,0,0.0066,0,sessions_recent_14d,-1.9363582134246826,High recent activity with 6 sessions in last 14d (pulled churn risk DOWN by -1.94),core_feature_usage_count,-0.4951034486293793,"Strong adoption of core features (57 events, pulled churn risk DOWN by -0.50)",support_ticket_count,-0.4089280962944031,Low support friction with 0 tickets (pulled churn risk DOWN by -0.41)
1042,0,0.0003,0,sessions_recent_14d,-4.657392978668213,High recent activity with 10 sessions in last 14d (pulled churn risk DOWN by -4.66),total_events_60d,-0.5994670391082764,"High overall engagement depth (203 total events, pulled churn risk DOWN by -0.60)",core_feature_usage_count,-0.3245559632778168,"Strong adoption of core features (57 events, pulled churn risk DOWN by -0.32)"
3474,1,0.043,0,support_ticket_count,-0.5307900309562683,Low support friction with 0 tickets (pulled churn risk DOWN by -0.53),days_since_last_session,-0.20629872381687164,Recent session logged 3 days ago (pulled churn risk DOWN by -0.21),sessions_recent_14d,-0.2047724723815918,High recent activity with 4 sessions in last 14d (pulled churn risk DOWN by -0.20)
3043,0,0.0002,0,sessions_recent_14d,-4.191089630126953,High recent activity with 12 sessions in last 14d (pulled churn risk DOWN by -4.19),days_since_last_session,-0.4823514223098755,Recent session logged 0 days ago (pulled churn risk DOWN by -0.48),total_events_60d,-0.47516995668411255,"High overall engagement depth (215 total events, pulled churn risk DOWN by -0.48)"
3784,0,0.1461,0,support_ticket_count,-0.6083152294158936,Low support friction with 0 tickets (pulled churn risk DOWN by -0.61),session_drop_pct,0.44101768732070923,Session volume dropped by 62.5% in final 14d (pushed churn risk UP by +0.44),sessions_recent_14d,0.28267815709114075,Recent 14-day activity dropped to 3 sessions (pushed churn risk UP by +0.28)
1212,0,0.0007,0,sessions_recent_14d,-4.203218936920166,High recent activity with 14 sessions in last 14d (pulled churn risk DOWN by -4.20),days_since_last_session,-0.4603632688522339,Recent session logged 0 days ago (pulled churn risk DOWN by -0.46),total_events_60d,-0.39716485142707825,"High overall engagement depth (217 total events, pulled churn risk DOWN by -0.40)"
2208,0,0.4939,0,sessions_recent_14d,1.1462684869766235,Recent 14-day activity dropped to 0 sessions (pushed churn risk UP by +1.15),days_since_last_session,0.6709277033805847,Inactive for 17 consecutive days (pushed churn risk UP by +0.67),avg_session_duration_minutes,-0.38345447182655334,avg_session_duration_minutes = 22.46 (pushed churn risk DOWN (-) by -0.38)
2745,0,0.0004,0,sessions_recent_14d,-4.4809441566467285,High recent activity with 14 sessions in last 14d (pulled churn risk DOWN by -4.48),days_since_last_session,-0.5156262516975403,Recent session logged 0 days ago (pulled churn risk DOWN by -0.52),support_ticket_count,-0.33462172746658325,Low support friction with 0 tickets (pulled churn risk DOWN by -0.33)
1585,0,0.0009,0,sessions_recent_14d,-4.453579425811768,High recent activity with 12 sessions in last 14d (pulled churn risk DOWN by -4.45),days_since_last_session,-0.43636354804039,Recent session logged 0 days ago (pulled churn risk DOWN by -0.44),avg_session_duration_minutes,0.24974185228347778,avg_session_duration_minutes = 21.96 (pushed churn risk UP (+) by +0.25)
3343,0,0.0004,0,sessions_recent_14d,-4.0628180503845215,High recent activity with 9 sessions in last 14d (pulled churn risk DOWN by -4.06),support_ticket_count,-0.4560003876686096,Low support friction with 0 tickets (pulled churn risk DOWN by -0.46),days_since_last_session,-0.41560181975364685,Recent session logged 0 days ago (pulled churn risk DOWN by -0.42)
2492,0,0.0265,0,support_ticket_count,-1.0681936740875244,Low support friction with 0 tickets (pulled churn risk DOWN by -1.07),avg_session_gap_days,-0.8764913082122803,Frequent logins with average gap of 3.2 days (pulled churn risk DOWN by -0.88),days_since_last_session,0.570597231388092,Inactive for 17 consecutive days (pushed churn risk UP by +0.57)
2896,0,0.0002,0,sessions_recent_14d,-4.138477325439453,High recent activity with 11 sessions in last 14d (pulled churn risk DOWN by -4.14),total_events_60d,-0.5847567319869995,"High overall engagement depth (227 total events, pulled churn risk DOWN by -0.58)",days_since_last_session,-0.5089511871337891,Recent session logged 0 days ago (pulled churn risk DOWN by -0.51)
2923,0,0.0265,0,sessions_recent_14d,-0.3475147485733032,High recent activity with 4 sessions in last 14d (pulled churn risk DOWN by -0.35),days_since_last_session,-0.32830819487571716,Recent session logged 4 days ago (pulled churn risk DOWN by -0.33),session_drop_pct,-0.2838152348995209,"Stable/increasing activity trend (-33.3% drop, pulled churn risk DOWN by -0.28)"
1980,0,0.0237,0,support_ticket_count,-1.147017478942871,Low support friction with 0 tickets (pulled churn risk DOWN by -1.15),avg_session_gap_days,-1.016821265220642,Frequent logins with average gap of 2.9 days (pulled churn risk DOWN by -1.02),sessions_recent_14d,0.572696328163147,Recent 14-day activity dropped to 2 sessions (pushed churn risk UP by +0.57)
1167,0,0.0007,0,sessions_recent_14d,-4.172747611999512,High recent activity with 10 sessions in last 14d (pulled churn risk DOWN by -4.17),support_ticket_count,-0.34333816170692444,Low support friction with 0 tickets (pulled churn risk DOWN by -0.34),days_since_last_session,-0.25696370005607605,Recent session logged 0 days ago (pulled churn risk DOWN by -0.26)
1258,0,0.0008,0,sessions_recent_14d,-4.333536624908447,High recent activity with 9 sessions in last 14d (pulled churn risk DOWN by -4.33),support_ticket_count,-0.34510862827301025,Low support friction with 0 tickets (pulled churn risk DOWN by -0.35),total_events_60d,-0.26915132999420166,"High overall engagement depth (194 total events, pulled churn risk DOWN by -0.27)"
2461,0,0.0526,0,support_ticket_count,-1.157464623451233,Low support friction with 0 tickets (pulled churn risk DOWN by -1.16),sessions_recent_14d,0.7395299673080444,Recent 14-day activity dropped to 0 sessions (pushed churn risk UP by +0.74),core_feature_usage_count,-0.5444245338439941,"Strong adoption of core features (35 events, pulled churn risk DOWN by -0.54)"
3760,0,0.0404,0,support_ticket_count,-0.439110666513443,Low support friction with 0 tickets (pulled churn risk DOWN by -0.44),days_since_last_session,-0.2750374972820282,Recent session logged 6 days ago (pulled churn risk DOWN by -0.28),total_spend_60d,-0.14673501253128052,total_spend_60d = 58.0 (pushed churn risk DOWN (-) by -0.15)
3795,0,0.1111,0,support_ticket_count,-0.8690627813339233,Low support friction with 0 tickets (pulled churn risk DOWN by -0.87),sessions_recent_14d,0.6949704885482788,Recent 14-day activity dropped to 2 sessions (pushed churn risk UP by +0.69),avg_session_gap_days,0.387094110250473,High average session gap of 2.1 days (pushed churn risk UP by +0.39)
2389,0,0.0005,0,sessions_recent_14d,-4.219883441925049,High recent activity with 11 sessions in last 14d (pulled churn risk DOWN by -4.22),days_since_last_session,-0.5063185095787048,Recent session logged 0 days ago (pulled churn risk DOWN by -0.51),support_ticket_count,-0.32399094104766846,Low support friction with 0 tickets (pulled churn risk DOWN by -0.32)
2320,0,0.122,0,support_ticket_count,-1.2020071744918823,Low support friction with 0 tickets (pulled churn risk DOWN by -1.20),sessions_recent_14d,0.649125337600708,Recent 14-day activity dropped to 0 sessions (pushed churn risk UP by +0.65),days_since_last_session,0.27473747730255127,Inactive for 15 consecutive days (pushed churn risk UP by +0.27)
3014,0,0.0003,0,sessions_recent_14d,-4.471551418304443,High recent activity with 16 sessions in last 14d (pulled churn risk DOWN by -4.47),days_since_last_session,-0.5445727705955505,Recent session logged 0 days ago (pulled churn risk DOWN by -0.54),total_events_60d,-0.39716485142707825,"High overall engagement depth (244 total events, pulled churn risk DOWN by -0.40)"
1383,0,0.0134,0,avg_session_gap_days,-0.8627756834030151,Frequent logins with average gap of 2.8 days (pulled churn risk DOWN by -0.86),support_ticket_count,-0.5172762870788574,Low support friction with 0 tickets (pulled churn risk DOWN by -0.52),days_since_last_session,-0.46548667550086975,Recent session logged 0 days ago (pulled churn risk DOWN by -0.47)
2791,0,0.7247,1,sessions_recent_14d,1.1113873720169067,Recent 14-day activity dropped to 0 sessions (pushed churn risk UP by +1.11),days_since_last_session,0.49932026863098145,Inactive for 25 consecutive days (pushed churn risk UP by +0.50),avg_session_gap_days,0.41651779413223267,High average session gap of 1.3 days (pushed churn risk UP by +0.42)
2229,0,0.0971,0,sessions_recent_14d,0.8938282132148743,Recent 14-day activity dropped to 2 sessions (pushed churn risk UP by +0.89),support_ticket_count,-0.8433791995048523,Low support friction with 0 tickets (pulled churn risk DOWN by -0.84),avg_session_gap_days,0.1461174488067627,High average session gap of 2.0 days (pushed churn risk UP by +0.15)
2719,1,0.0486,0,support_ticket_count,-0.9388807415962219,Low support friction with 0 tickets (pulled churn risk DOWN by -0.94),sessions_recent_14d,0.6687073707580566,Recent 14-day activity dropped to 2 sessions (pushed churn risk UP by +0.67),days_since_last_session,-0.24474063515663147,Recent session logged 9 days ago (pulled churn risk DOWN by -0.24)
1228,0,0.0002,0,sessions_recent_14d,-4.271175384521484,High recent activity with 15 sessions in last 14d (pulled churn risk DOWN by -4.27),total_events_60d,-0.6135411262512207,"High overall engagement depth (250 total events, pulled churn risk DOWN by -0.61)",days_since_last_session,-0.5039713382720947,Recent session logged 0 days ago (pulled churn risk DOWN by -0.50)
3725,0,0.0003,0,sessions_recent_14d,-4.205107688903809,High recent activity with 12 sessions in last 14d (pulled churn risk DOWN by -4.21),total_events_60d,-0.6038858890533447,"High overall engagement depth (223 total events, pulled churn risk DOWN by -0.60)",days_since_last_session,-0.4610135853290558,Recent session logged 0 days ago (pulled churn risk DOWN by -0.46)
3347,0,0.0733,0,support_ticket_count,-0.475035697221756,Low support friction with 0 tickets (pulled churn risk DOWN by -0.48),total_events_60d,0.33743226528167725,"Low overall engagement depth (145 total events, pushed churn risk UP by +0.34)",days_since_last_session,-0.21941407024860382,Recent session logged 3 days ago (pulled churn risk DOWN by -0.22)
3353,0,0.0005,0,sessions_recent_14d,-4.212301731109619,High recent activity with 12 sessions in last 14d (pulled churn risk DOWN by -4.21),days_since_last_session,-0.36742472648620605,Recent session logged 0 days ago (pulled churn risk DOWN by -0.37),support_ticket_count,-0.3419232964515686,Low support friction with 0 tickets (pulled churn risk DOWN by -0.34)
1711,0,0.0239,0,avg_session_gap_days,-0.7200452089309692,Frequent logins with average gap of 2.8 days (pulled churn risk DOWN by -0.72),support_ticket_count,-0.5288251042366028,Low support friction with 0 tickets (pulled churn risk DOWN by -0.53),sessions_recent_14d,0.4435751140117645,Recent 14-day activity dropped to 3 sessions (pushed churn risk UP by +0.44)
1577,0,0.0249,0,sessions_recent_14d,-0.6283853054046631,High recent activity with 5 sessions in last 14d (pulled churn risk DOWN by -0.63),support_ticket_count,-0.5219468474388123,Low support friction with 0 tickets (pulled churn risk DOWN by -0.52),avg_session_duration_minutes,0.21071887016296387,avg_session_duration_minutes = 21.25 (pushed churn risk UP (+) by +0.21)
2038,1,0.8241,1,sessions_recent_14d,1.1832871437072754,Recent 14-day activity dropped to 0 sessions (pushed churn risk UP by +1.18),days_since_last_session,0.7825421690940857,Inactive for 21 consecutive days (pushed churn risk UP by +0.78),avg_session_gap_days,0.6117904186248779,High average session gap of 1.0 days (pushed churn risk UP by +0.61)
1776,0,0.1196,0,support_ticket_count,-0.5708552598953247,Low support friction with 0 tickets (pulled churn risk DOWN by -0.57),total_events_60d,0.4365553855895996,"Low overall engagement depth (140 total events, pushed churn risk UP by +0.44)",core_feature_usage_count,0.2662714123725891,"Low adoption of core features (25 events, pushed churn risk UP by +0.27)"
2311,1,0.6152,1,sessions_recent_14d,1.145525336265564,Recent 14-day activity dropped to 0 sessions (pushed churn risk UP by +1.15),support_ticket_count,0.9361487627029419,Filed 2 support tickets in 60d (pushed churn risk UP by +0.94),core_feature_usage_count,-0.39931735396385193,"Strong adoption of core features (35 events, pulled churn risk DOWN by -0.40)"
3962,0,0.1222,0,support_ticket_count,-1.0545154809951782,Low support friction with 0 tickets (pulled churn risk DOWN by -1.05),sessions_recent_14d,0.6856005787849426,Recent 14-day activity dropped to 2 sessions (pushed churn risk UP by +0.69),days_since_last_session,0.45062094926834106,Inactive for 11 consecutive days (pushed churn risk UP by +0.45)
2049,0,0.0422,0,support_ticket_count,-0.606631875038147,Low support friction with 0 tickets (pulled churn risk DOWN by -0.61),avg_session_duration_minutes,-0.2700195908546448,avg_session_duration_minutes = 28.54 (pushed churn risk DOWN (-) by -0.27),session_drop_pct,-0.2115841954946518,"Stable/increasing activity trend (25.0% drop, pulled churn risk DOWN by -0.21)"
1454,0,0.0003,0,sessions_recent_14d,-4.312392234802246,High recent activity with 9 sessions in last 14d (pulled churn risk DOWN by -4.31),days_since_last_session,-0.5091153979301453,Recent session logged 0 days ago (pulled churn risk DOWN by -0.51),core_feature_usage_count,-0.38527417182922363,"Strong adoption of core features (51 events, pulled churn risk DOWN by -0.39)"
1147,0,0.0009,0,sessions_recent_14d,-4.225951671600342,High recent activity with 10 sessions in last 14d (pulled churn risk DOWN by -4.23),total_events_60d,-0.45491138100624084,"High overall engagement depth (217 total events, pulled churn risk DOWN by -0.45)",days_since_last_session,-0.4280902147293091,Recent session logged 0 days ago (pulled churn risk DOWN by -0.43)
3510,1,0.8351,1,sessions_recent_14d,1.1199290752410889,Recent 14-day activity dropped to 0 sessions (pushed churn risk UP by +1.12),support_ticket_count,0.7479341626167297,Filed 2 support tickets in 60d (pushed churn risk UP by +0.75),days_since_last_session,0.6896798610687256,Inactive for 23 consecutive days (pushed churn risk UP by +0.69)
1535,0,0.0005,0,sessions_recent_14d,-4.185734748840332,High recent activity with 12 sessions in last 14d (pulled churn risk DOWN by -4.19),days_since_last_session,-0.37208816409111023,Recent session logged 0 days ago (pulled churn risk DOWN by -0.37),support_ticket_count,-0.3089979887008667,Low support friction with 0 tickets (pulled churn risk DOWN by -0.31)
2333,0,0.0005,0,sessions_recent_14d,-4.618129253387451,High recent activity with 10 sessions in last 14d (pulled churn risk DOWN by -4.62),days_since_last_session,-0.4996456801891327,Recent session logged 0 days ago (pulled churn risk DOWN by -0.50),total_events_60d,-0.2555668354034424,"High overall engagement depth (236 total events, pulled churn risk DOWN by -0.26)"
1660,0,0.0003,0,sessions_recent_14d,-4.141896724700928,High recent activity with 13 sessions in last 14d (pulled churn risk DOWN by -4.14),days_since_last_session,-0.4927402436733246,Recent session logged 0 days ago (pulled churn risk DOWN by -0.49),total_events_60d,-0.47955530881881714,"High overall engagement depth (227 total events, pulled churn risk DOWN by -0.48)"
2033,1,0.0057,0,sessions_recent_14d,-1.7706602811813354,High recent activity with 6 sessions in last 14d (pulled churn risk DOWN by -1.77),support_ticket_count,-0.4572243094444275,Low support friction with 0 tickets (pulled churn risk DOWN by -0.46),core_feature_usage_count,-0.25205597281455994,"Strong adoption of core features (38 events, pulled churn risk DOWN by -0.25)"
1902,0,0.0003,0,sessions_recent_14d,-4.273731708526611,High recent activity with 12 sessions in last 14d (pulled churn risk DOWN by -4.27),days_since_last_session,-0.5275738835334778,Recent session logged 0 days ago (pulled churn risk DOWN by -0.53),core_feature_usage_count,-0.4769209027290344,"Strong adoption of core features (49 events, pulled churn risk DOWN by -0.48)"
2210,0,0.0002,0,sessions_recent_14d,-4.184906959533691,High recent activity with 12 sessions in last 14d (pulled churn risk DOWN by -4.18),core_feature_usage_count,-0.504652202129364,"Strong adoption of core features (59 events, pulled churn risk DOWN by -0.50)",days_since_last_session,-0.4873650372028351,Recent session logged 0 days ago (pulled churn risk DOWN by -0.49)
2738,0,0.0329,0,sessions_recent_14d,-1.326579213142395,High recent activity with 6 sessions in last 14d (pulled churn risk DOWN by -1.33),sessions_previous_14d,0.6367915272712708,sessions_previous_14d = 3.0 (pushed churn risk UP (+) by +0.64),support_ticket_count,-0.4490545392036438,Low support friction with 0 tickets (pulled churn risk DOWN by -0.45)
3080,0,0.0247,0,support_ticket_count,-0.6405547857284546,Low support friction with 0 tickets (pulled churn risk DOWN by -0.64),total_events_60d,-0.44854292273521423,"High overall engagement depth (81 total events, pulled churn risk DOWN by -0.45)",sessions_previous_14d,0.40028420090675354,sessions_previous_14d = 1.0 (pushed churn risk UP (+) by +0.40)
2009,1,0.0924,0,total_events_60d,-0.641010582447052,"High overall engagement depth (183 total events, pulled churn risk DOWN by -0.64)",session_drop_pct,0.4982929825782776,Session volume dropped by 69.2% in final 14d (pushed churn risk UP by +0.50),avg_session_duration_minutes,-0.373845636844635,avg_session_duration_minutes = 26.71 (pushed churn risk DOWN (-) by -0.37)
3268,0,0.0689,0,support_ticket_count,-0.5121986269950867,Low support friction with 0 tickets (pulled churn risk DOWN by -0.51),days_since_last_session,-0.1917223483324051,Recent session logged 0 days ago (pulled churn risk DOWN by -0.19),avg_session_gap_days,-0.15414682030677795,Frequent logins with average gap of 1.8 days (pulled churn risk DOWN by -0.15)
1175,0,0.0902,0,support_ticket_count,-0.4146767556667328,Low support friction with 0 tickets (pulled churn risk DOWN by -0.41),session_drop_pct,0.39657795429229736,Session volume dropped by 62.5% in final 14d (pushed churn risk UP by +0.40),sessions_recent_14d,0.2517324984073639,Recent 14-day activity dropped to 3 sessions (pushed churn risk UP by +0.25)
2654,0,0.0003,0,sessions_recent_14d,-4.486001014709473,High recent activity with 10 sessions in last 14d (pulled churn risk DOWN by -4.49),days_since_last_session,-0.5469903349876404,Recent session logged 0 days ago (pulled churn risk DOWN by -0.55),core_feature_usage_count,-0.509604275226593,"Strong adoption of core features (51 events, pulled churn risk DOWN by -0.51)"
2175,0,0.0002,0,sessions_recent_14d,-4.2056732177734375,High recent activity with 10 sessions in last 14d (pulled churn risk DOWN by -4.21),core_feature_usage_count,-0.5630672574043274,"Strong adoption of core features (53 events, pulled churn risk DOWN by -0.56)",total_events_60d,-0.5486801266670227,"High overall engagement depth (194 total events, pulled churn risk DOWN by -0.55)"
1250,1,0.5513,1,sessions_recent_14d,1.0478373765945435,Recent 14-day activity dropped to 2 sessions (pushed churn risk UP by +1.05),sessions_previous_14d,0.49344688653945923,sessions_previous_14d = 0.0 (pushed churn risk UP (+) by +0.49),avg_session_gap_days,-0.42794063687324524,Frequent logins with average gap of 2.7 days (pulled churn risk DOWN by -0.43)
3576,0,0.0002,0,sessions_recent_14d,-4.178521633148193,High recent activity with 8 sessions in last 14d (pulled churn risk DOWN by -4.18),total_events_60d,-0.6070634722709656,"High overall engagement depth (210 total events, pulled churn risk DOWN by -0.61)",days_since_last_session,-0.5063523650169373,Recent session logged 0 days ago (pulled churn risk DOWN by -0.51)
3001,0,0.2403,0,support_ticket_count,-0.9960852861404419,Low support friction with 0 tickets (pulled churn risk DOWN by -1.00),sessions_recent_14d,0.9059162735939026,Recent 14-day activity dropped to 1 sessions (pushed churn risk UP by +0.91),days_since_last_session,0.3699154853820801,Inactive for 11 consecutive days (pushed churn risk UP by +0.37)
2004,0,0.0578,0,support_ticket_count,-0.8387029767036438,Low support friction with 0 tickets (pulled churn risk DOWN by -0.84),sessions_recent_14d,0.6959879994392395,Recent 14-day activity dropped to 1 sessions (pushed churn risk UP by +0.70),days_since_last_session,-0.43965256214141846,Recent session logged 0 days ago (pulled churn risk DOWN by -0.44)
1203,0,0.695,1,sessions_recent_14d,1.0982937812805176,Recent 14-day activity dropped to 0 sessions (pushed churn risk UP by +1.10),support_ticket_count,0.6421689391136169,Filed 2 support tickets in 60d (pushed churn risk UP by +0.64),days_since_last_session,0.55864417552948,Inactive for 20 consecutive days (pushed churn risk UP by +0.56)
1395,1,0.3456,0,sessions_recent_14d,1.0258958339691162,Recent 14-day activity dropped to 0 sessions (pushed churn risk UP by +1.03),days_since_last_session,0.5770419239997864,Inactive for 25 consecutive days (pushed churn risk UP by +0.58),support_ticket_count,0.37215739488601685,Filed 1 support tickets in 60d (pushed churn risk UP by +0.37)
3361,0,0.0002,0,sessions_recent_14d,-4.153382301330566,High recent activity with 12 sessions in last 14d (pulled churn risk DOWN by -4.15),total_events_60d,-0.5776343941688538,"High overall engagement depth (199 total events, pulled churn risk DOWN by -0.58)",days_since_last_session,-0.5126537680625916,Recent session logged 0 days ago (pulled churn risk DOWN by -0.51)
1353,1,0.5058,1,days_since_last_session,0.611459493637085,Inactive for 11 consecutive days (pushed churn risk UP by +0.61),session_drop_pct,0.5210303068161011,Session volume dropped by 78.6% in final 14d (pushed churn risk UP by +0.52),core_feature_usage_count,0.389080673456192,"Low adoption of core features (42 events, pushed churn risk UP by +0.39)"
3436,0,0.0002,0,sessions_recent_14d,-4.4971747398376465,High recent activity with 13 sessions in last 14d (pulled churn risk DOWN by -4.50),total_events_60d,-0.49462732672691345,"High overall engagement depth (233 total events, pulled churn risk DOWN by -0.49)",days_since_last_session,-0.48266708850860596,Recent session logged 0 days ago (pulled churn risk DOWN by -0.48)
3454,0,0.0026,0,sessions_recent_14d,-3.764838933944702,High recent activity with 8 sessions in last 14d (pulled churn risk DOWN by -3.76),support_ticket_count,-0.40039363503456116,Low support friction with 0 tickets (pulled churn risk DOWN by -0.40),sessions_previous_14d,0.348809152841568,sessions_previous_14d = 5.0 (pushed churn risk UP (+) by +0.35)
3608,0,0.0437,0,support_ticket_count,-0.8232237696647644,Low support friction with 0 tickets (pulled churn risk DOWN by -0.82),sessions_recent_14d,0.6562259793281555,Recent 14-day activity dropped to 2 sessions (pushed churn risk UP by +0.66),avg_session_gap_days,-0.2481537014245987,Frequent logins with average gap of 2.4 days (pulled churn risk DOWN by -0.25)
2748,0,0.0009,0,sessions_recent_14d,-4.299893379211426,High recent activity with 12 sessions in last 14d (pulled churn risk DOWN by -4.30),support_ticket_count,-0.356433629989624,Low support friction with 0 tickets (pulled churn risk DOWN by -0.36),days_since_last_session,-0.3096095025539398,Recent session logged 0 days ago (pulled churn risk DOWN by -0.31)
1996,0,0.0003,0,sessions_recent_14d,-4.235204219818115,High recent activity with 11 sessions in last 14d (pulled churn risk DOWN by -4.24),total_events_60d,-0.5006154775619507,"High overall engagement depth (258 total events, pulled churn risk DOWN by -0.50)",days_since_last_session,-0.4699898958206177,Recent session logged 0 days ago (pulled churn risk DOWN by -0.47)
1969,0,0.0295,0,sessions_recent_14d,-0.5117554068565369,High recent activity with 5 sessions in last 14d (pulled churn risk DOWN by -0.51),support_ticket_count,-0.3734903335571289,Low support friction with 0 tickets (pulled churn risk DOWN by -0.37),days_since_last_session,-0.17624464631080627,Recent session logged 2 days ago (pulled churn risk DOWN by -0.18)
2588,0,0.013,0,sessions_recent_14d,-2.1856307983398438,High recent activity with 6 sessions in last 14d (pulled churn risk DOWN by -2.19),total_events_60d,-0.294198215007782,"High overall engagement depth (172 total events, pulled churn risk DOWN by -0.29)",core_feature_usage_count,-0.21840789914131165,"Strong adoption of core features (35 events, pulled churn risk DOWN by -0.22)"
1641,0,0.109,0,support_ticket_count,-0.511274516582489,Low support friction with 0 tickets (pulled churn risk DOWN by -0.51),total_events_60d,0.1742635816335678,"Low overall engagement depth (104 total events, pushed churn risk UP by +0.17)",sessions_recent_14d,0.1733156442642212,Recent 14-day activity dropped to 3 sessions (pushed churn risk UP by +0.17)
1936,0,0.0004,0,sessions_recent_14d,-4.53936243057251,High recent activity with 10 sessions in last 14d (pulled churn risk DOWN by -4.54),days_since_last_session,-0.5436179041862488,Recent session logged 0 days ago (pulled churn risk DOWN by -0.54),total_events_60d,-0.36642706394195557,"High overall engagement depth (241 total events, pulled churn risk DOWN by -0.37)"
2974,0,0.0993,0,support_ticket_count,-0.4124442934989929,Low support friction with 0 tickets (pulled churn risk DOWN by -0.41),sessions_recent_14d,0.3214850425720215,Recent 14-day activity dropped to 3 sessions (pushed churn risk UP by +0.32),total_spend_60d,0.12983086705207825,total_spend_60d = 217.0 (pushed churn risk UP (+) by +0.13)
1966,0,0.102,0,days_since_last_session,-0.5774614810943604,Recent session logged 0 days ago (pulled churn risk DOWN by -0.58),session_drop_pct,0.4044225811958313,Session volume dropped by 57.1% in final 14d (pushed churn risk UP by +0.40),sessions_recent_14d,0.31701675057411194,Recent 14-day activity dropped to 3 sessions (pushed churn risk UP by +0.32)
2216,0,0.0253,0,support_ticket_count,-0.48988208174705505,Low support friction with 0 tickets (pulled churn risk DOWN by -0.49),sessions_recent_14d,-0.28981146216392517,High recent activity with 5 sessions in last 14d (pulled churn risk DOWN by -0.29),total_events_60d,-0.25527462363243103,"High overall engagement depth (128 total events, pulled churn risk DOWN by -0.26)"
3689,0,0.0003,0,sessions_recent_14d,-4.390639305114746,High recent activity with 8 sessions in last 14d (pulled churn risk DOWN by -4.39),days_since_last_session,-0.5106990337371826,Recent session logged 0 days ago (pulled churn risk DOWN by -0.51),total_events_60d,-0.36803677678108215,"High overall engagement depth (225 total events, pulled churn risk DOWN by -0.37)"
1989,0,0.0003,0,sessions_recent_14d,-4.146699905395508,High recent activity with 14 sessions in last 14d (pulled churn risk DOWN by -4.15),total_events_60d,-0.5989760160446167,"High overall engagement depth (212 total events, pulled churn risk DOWN by -0.60)",days_since_last_session,-0.4915342926979065,Recent session logged 0 days ago (pulled churn risk DOWN by -0.49)
2413,1,0.0934,0,support_ticket_count,-1.0453574657440186,Low support friction with 0 tickets (pulled churn risk DOWN by -1.05),sessions_recent_14d,0.6678186655044556,Recent 14-day activity dropped to 1 sessions (pushed churn risk UP by +0.67),days_since_last_session,0.32228711247444153,Inactive for 12 consecutive days (pushed churn risk UP by +0.32)
3845,1,0.0524,0,support_ticket_count,-0.4556973874568939,Low support friction with 0 tickets (pulled churn risk DOWN by -0.46),days_since_last_session,-0.21833781898021698,Recent session logged 10 days ago (pulled churn risk DOWN by -0.22),sessions_recent_14d,0.0899837389588356,Recent 14-day activity dropped to 3 sessions (pushed churn risk UP by +0.09)
3434,0,0.0006,0,sessions_recent_14d,-5.009912014007568,High recent activity with 10 sessions in last 14d (pulled churn risk DOWN by -5.01),days_since_last_session,-0.4810236394405365,Recent session logged 0 days ago (pulled churn risk DOWN by -0.48),total_events_60d,-0.46971169114112854,"High overall engagement depth (185 total events, pulled churn risk DOWN by -0.47)"
2299,0,0.0003,0,sessions_recent_14d,-4.396928310394287,High recent activity with 10 sessions in last 14d (pulled churn risk DOWN by -4.40),total_events_60d,-0.5477864742279053,"High overall engagement depth (180 total events, pulled churn risk DOWN by -0.55)",support_ticket_count,-0.3416016399860382,Low support friction with 0 tickets (pulled churn risk DOWN by -0.34)
1699,0,0.0003,0,sessions_recent_14d,-4.657108783721924,High recent activity with 13 sessions in last 14d (pulled churn risk DOWN by -4.66),total_events_60d,-0.5204151272773743,"High overall engagement depth (238 total events, pulled churn risk DOWN by -0.52)",support_ticket_count,-0.2879616916179657,Low support friction with 0 tickets (pulled churn risk DOWN by -0.29)
3614,0,0.6955,1,sessions_recent_14d,1.239121913909912,Recent 14-day activity dropped to 1 sessions (pushed churn risk UP by +1.24),unresolved_tickets,0.5748761296272278,Has 1 unresolved support tickets (pushed churn risk UP by +0.57),support_ticket_count,0.49134770035743713,Filed 1 support tickets in 60d (pushed churn risk UP by +0.49)
2054,1,0.289,0,sessions_recent_14d,0.9996943473815918,Recent 14-day activity dropped to 1 sessions (pushed churn risk UP by +1.00),support_ticket_count,0.7728455662727356,Filed 2 support tickets in 60d (pushed churn risk UP by +0.77),days_since_last_session,0.42560526728630066,Inactive for 13 consecutive days (pushed churn risk UP by +0.43)
1721,0,0.0011,0,sessions_recent_14d,-4.557402610778809,High recent activity with 11 sessions in last 14d (pulled churn risk DOWN by -4.56),avg_session_duration_minutes,0.47630417346954346,avg_session_duration_minutes = 20.9 (pushed churn risk UP (+) by +0.48),days_since_last_session,-0.45617184042930603,Recent session logged 0 days ago (pulled churn risk DOWN by -0.46)
3112,0,0.0979,0,avg_session_gap_days,0.640958845615387,High average session gap of 2.6 days (pushed churn risk UP by +0.64),days_since_last_session,-0.34661948680877686,Recent session logged 0 days ago (pulled churn risk DOWN by -0.35),core_feature_usage_count,-0.2815978229045868,"Strong adoption of core features (21 events, pulled churn risk DOWN by -0.28)"
2589,1,0.2075,0,support_ticket_count,-0.9524465203285217,Low support friction with 0 tickets (pulled churn risk DOWN by -0.95),sessions_recent_14d,0.7695745825767517,Recent 14-day activity dropped to 0 sessions (pushed churn risk UP by +0.77),days_since_last_session,0.653549313545227,Inactive for 19 consecutive days (pushed churn risk UP by +0.65)
3256,0,0.0003,0,sessions_recent_14d,-4.622134685516357,High recent activity with 11 sessions in last 14d (pulled churn risk DOWN by -4.62),core_feature_usage_count,-0.4624660015106201,"Strong adoption of core features (52 events, pulled churn risk DOWN by -0.46)",total_events_60d,-0.3528132438659668,"High overall engagement depth (206 total events, pulled churn risk DOWN by -0.35)"
3862,0,0.0029,0,sessions_recent_14d,-2.5556118488311768,High recent activity with 7 sessions in last 14d (pulled churn risk DOWN by -2.56),days_since_last_session,-0.5425260066986084,Recent session logged 0 days ago (pulled churn risk DOWN by -0.54),total_events_60d,-0.40917056798934937,"High overall engagement depth (272 total events, pulled churn risk DOWN by -0.41)"
3228,0,0.001,0,sessions_recent_14d,-4.2494049072265625,High recent activity with 10 sessions in last 14d (pulled churn risk DOWN by -4.25),support_ticket_count,-0.33775097131729126,Low support friction with 0 tickets (pulled churn risk DOWN by -0.34),total_events_60d,-0.2705407738685608,"High overall engagement depth (215 total events, pulled churn risk DOWN by -0.27)"
2114,0,0.1415,0,support_ticket_count,-0.8463964462280273,Low support friction with 0 tickets (pulled churn risk DOWN by -0.85),sessions_recent_14d,0.7651846408843994,Recent 14-day activity dropped to 2 sessions (pushed churn risk UP by +0.77),sessions_previous_14d,0.2597910165786743,sessions_previous_14d = 8.0 (pushed churn risk UP (+) by +0.26)
2874,0,0.0005,0,sessions_recent_14d,-4.342372417449951,High recent activity with 12 sessions in last 14d (pulled churn risk DOWN by -4.34),total_events_60d,-0.47142285108566284,"High overall engagement depth (195 total events, pulled churn risk DOWN by -0.47)",days_since_last_session,-0.46756672859191895,Recent session logged 0 days ago (pulled churn risk DOWN by -0.47)
1542,1,0.7112,1,sessions_recent_14d,1.0362898111343384,Recent 14-day activity dropped to 0 sessions (pushed churn risk UP by +1.04),days_since_last_session,0.7770121097564697,Inactive for 25 consecutive days (pushed churn risk UP by +0.78),avg_session_gap_days,0.45797282457351685,High average session gap of 1.3 days (pushed churn risk UP by +0.46)
2318,0,0.2843,0,sessions_recent_14d,1.149458646774292,Recent 14-day activity dropped to 2 sessions (pushed churn risk UP by +1.15),support_ticket_count,0.39958733320236206,Filed 1 support tickets in 60d (pushed churn risk UP by +0.40),avg_session_gap_days,-0.21866562962532043,Frequent logins with average gap of 2.3 days (pulled churn risk DOWN by -0.22)
3580,0,0.0002,0,sessions_recent_14d,-4.152248859405518,High recent activity with 11 sessions in last 14d (pulled churn risk DOWN by -4.15),total_events_60d,-0.5899662375450134,"High overall engagement depth (209 total events, pulled churn risk DOWN by -0.59)",days_since_last_session,-0.5077517628669739,Recent session logged 0 days ago (pulled churn risk DOWN by -0.51)
1376,1,0.3253,0,sessions_recent_14d,1.2000350952148438,Recent 14-day activity dropped to 1 sessions (pushed churn risk UP by +1.20),unresolved_tickets,0.6205499768257141,Has 1 unresolved support tickets (pushed churn risk UP by +0.62),support_ticket_count,0.35291802883148193,Filed 1 support tickets in 60d (pushed churn risk UP by +0.35)
3773,0,0.0006,0,sessions_recent_14d,-4.316852569580078,High recent activity with 9 sessions in last 14d (pulled churn risk DOWN by -4.32),days_since_last_session,-0.38342633843421936,Recent session logged 0 days ago (pulled churn risk DOWN by -0.38),total_events_60d,-0.383028119802475,"High overall engagement depth (241 total events, pulled churn risk DOWN by -0.38)"
1455,0,0.0419,0,sessions_recent_14d,-0.7200070023536682,High recent activity with 5 sessions in last 14d (pulled churn risk DOWN by -0.72),total_events_60d,-0.3574198782444,"High overall engagement depth (205 total events, pulled churn risk DOWN by -0.36)",core_feature_usage_count,-0.3533819615840912,"Strong adoption of core features (57 events, pulled churn risk DOWN by -0.35)"
3963,0,0.0346,0,support_ticket_count,-0.42144128680229187,Low support friction with 0 tickets (pulled churn risk DOWN by -0.42),days_since_last_session,-0.3246244788169861,Recent session logged 8 days ago (pulled churn risk DOWN by -0.32),sessions_recent_14d,-0.13200730085372925,High recent activity with 4 sessions in last 14d (pulled churn risk DOWN by -0.13)
3251,0,0.0168,0,avg_session_gap_days,-0.8555593490600586,Frequent logins with average gap of 2.7 days (pulled churn risk DOWN by -0.86),support_ticket_count,-0.5371382236480713,Low support friction with 0 tickets (pulled churn risk DOWN by -0.54),sessions_previous_14d,-0.26234468817710876,sessions_previous_14d = 7.0 (pushed churn risk DOWN (-) by -0.26)
1041,0,0.3381,0,sessions_recent_14d,-1.4117788076400757,High recent activity with 7 sessions in last 14d (pulled churn risk DOWN by -1.41),total_spend_60d,0.8169100880622864,total_spend_60d = 697.0 (pushed churn risk UP (+) by +0.82),sessions_previous_14d,0.49987393617630005,sessions_previous_14d = 2.0 (pushed churn risk UP (+) by +0.50)
3480,0,0.1266,0,support_ticket_count,-1.1072248220443726,Low support friction with 0 tickets (pulled churn risk DOWN by -1.11),sessions_recent_14d,0.7298842668533325,Recent 14-day activity dropped to 2 sessions (pushed churn risk UP by +0.73),days_since_last_session,0.3376811444759369,Inactive for 12 consecutive days (pushed churn risk UP by +0.34)
2433,0,0.0942,0,sessions_recent_14d,-0.8642869591712952,High recent activity with 5 sessions in last 14d (pulled churn risk DOWN by -0.86),sessions_previous_14d,0.5571072697639465,sessions_previous_14d = 1.0 (pushed churn risk UP (+) by +0.56),support_ticket_count,0.5568869113922119,Filed 2 support tickets in 60d (pushed churn risk UP by +0.56)
3615,0,0.0173,0,avg_session_gap_days,-1.0904806852340698,Frequent logins with average gap of 2.8 days (pulled churn risk DOWN by -1.09),support_ticket_count,-0.9457224011421204,Low support friction with 0 tickets (pulled churn risk DOWN by -0.95),sessions_recent_14d,0.6107852458953857,Recent 14-day activity dropped to 2 sessions (pushed churn risk UP by +0.61)
2899,0,0.0011,0,sessions_recent_14d,-4.342656135559082,High recent activity with 11 sessions in last 14d (pulled churn risk DOWN by -4.34),support_ticket_count,-0.4000292718410492,Low support friction with 0 tickets (pulled churn risk DOWN by -0.40),total_events_60d,-0.27489519119262695,"High overall engagement depth (196 total events, pulled churn risk DOWN by -0.27)"
3597,1,0.7664,1,sessions_recent_14d,1.2113147974014282,Recent 14-day activity dropped to 0 sessions (pushed churn risk UP by +1.21),days_since_last_session,0.5761828422546387,Inactive for 28 consecutive days (pushed churn risk UP by +0.58),support_ticket_count,0.36509156227111816,Filed 1 support tickets in 60d (pushed churn risk UP by +0.37)
2319,0,0.0095,0,sessions_recent_14d,-2.0471725463867188,High recent activity with 7 sessions in last 14d (pulled churn risk DOWN by -2.05),support_ticket_count,-0.4033079445362091,Low support friction with 0 tickets (pulled churn risk DOWN by -0.40),total_events_60d,0.30484500527381897,"Low overall engagement depth (138 total events, pushed churn risk UP by +0.30)"
2534,1,0.5503,1,sessions_recent_14d,1.1643973588943481,Recent 14-day activity dropped to 0 sessions (pushed churn risk UP by +1.16),days_since_last_session,0.617405891418457,Inactive for 18 consecutive days (pushed churn risk UP by +0.62),sessions_previous_14d,0.3669406473636627,sessions_previous_14d = 11.0 (pushed churn risk UP (+) by +0.37)
1593,1,0.4531,0,sessions_recent_14d,1.0115933418273926,Recent 14-day activity dropped to 0 sessions (pushed churn risk UP by +1.01),days_since_last_session,0.7649776935577393,Inactive for 24 consecutive days (pushed churn risk UP by +0.76),core_feature_usage_count,-0.2848661541938782,"Strong adoption of core features (23 events, pulled churn risk DOWN by -0.28)"
3656,0,0.025,0,support_ticket_count,-0.4825284481048584,Low support friction with 0 tickets (pulled churn risk DOWN by -0.48),core_feature_usage_count,-0.4587148129940033,"Strong adoption of core features (35 events, pulled churn risk DOWN by -0.46)",days_since_last_session,-0.3281634747982025,Recent session logged 5 days ago (pulled churn risk DOWN by -0.33)
2199,0,0.0003,0,sessions_recent_14d,-4.149042129516602,High recent activity with 15 sessions in last 14d (pulled churn risk DOWN by -4.15),days_since_last_session,-0.4702644348144531,Recent session logged 0 days ago (pulled churn risk DOWN by -0.47),total_events_60d,-0.45823296904563904,"High overall engagement depth (213 total events, pulled churn risk DOWN by -0.46)"
2800,0,0.0109,0,sessions_recent_14d,-0.6498705148696899,High recent activity with 5 sessions in last 14d (pulled churn risk DOWN by -0.65),support_ticket_count,-0.4359707534313202,Low support friction with 0 tickets (pulled churn risk DOWN by -0.44),core_feature_usage_count,-0.39504334330558777,"Strong adoption of core features (49 events, pulled churn risk DOWN by -0.40)"
3186,0,0.0004,0,sessions_recent_14d,-4.217095851898193,High recent activity with 12 sessions in last 14d (pulled churn risk DOWN by -4.22),days_since_last_session,-0.5291977524757385,Recent session logged 0 days ago (pulled churn risk DOWN by -0.53),support_ticket_count,-0.3125697672367096,Low support friction with 0 tickets (pulled churn risk DOWN by -0.31)
1746,0,0.0002,0,sessions_recent_14d,-4.120983123779297,High recent activity with 14 sessions in last 14d (pulled churn risk DOWN by -4.12),total_events_60d,-0.610993504524231,"High overall engagement depth (215 total events, pulled churn risk DOWN by -0.61)",days_since_last_session,-0.5075003504753113,Recent session logged 0 days ago (pulled churn risk DOWN by -0.51)
1952,0,0.0003,0,sessions_recent_14d,-4.217799186706543,High recent activity with 9 sessions in last 14d (pulled churn risk DOWN by -4.22),total_events_60d,-0.6282325983047485,"High overall engagement depth (209 total events, pulled churn risk DOWN by -0.63)",support_ticket_count,-0.32862770557403564,Low support friction with 0 tickets (pulled churn risk DOWN by -0.33)
3195,0,0.0003,0,sessions_recent_14d,-4.201900005340576,High recent activity with 11 sessions in last 14d (pulled churn risk DOWN by -4.20),days_since_last_session,-0.48066312074661255,Recent session logged 0 days ago (pulled churn risk DOWN by -0.48),total_events_60d,-0.4579809010028839,"High overall engagement depth (199 total events, pulled churn risk DOWN by -0.46)"
3652,1,0.6508,1,sessions_recent_14d,1.2953931093215942,Recent 14-day activity dropped to 1 sessions (pushed churn risk UP by +1.30),core_feature_usage_count,0.5913005471229553,"Low adoption of core features (48 events, pushed churn risk UP by +0.59)",unresolved_tickets,0.5310155153274536,Has 1 unresolved support tickets (pushed churn risk UP by +0.53)
1832,0,0.001,0,sessions_recent_14d,-4.317750453948975,High recent activity with 11 sessions in last 14d (pulled churn risk DOWN by -4.32),total_events_60d,-0.41855868697166443,"High overall engagement depth (203 total events, pulled churn risk DOWN by -0.42)",avg_session_duration_minutes,0.37954339385032654,avg_session_duration_minutes = 20.04 (pushed churn risk UP (+) by +0.38)
2731,0,0.0049,0,sessions_recent_14d,-2.56052827835083,High recent activity with 6 sessions in last 14d (pulled churn risk DOWN by -2.56),total_events_60d,-0.7406274676322937,"High overall engagement depth (202 total events, pulled churn risk DOWN by -0.74)",avg_session_duration_minutes,-0.38443922996520996,avg_session_duration_minutes = 25.18 (pushed churn risk DOWN (-) by -0.38)
1884,0,0.0005,0,sessions_recent_14d,-4.696655750274658,High recent activity with 13 sessions in last 14d (pulled churn risk DOWN by -4.70),total_events_60d,-0.3947000503540039,"High overall engagement depth (241 total events, pulled churn risk DOWN by -0.39)",support_ticket_count,-0.33277010917663574,Low support friction with 0 tickets (pulled churn risk DOWN by -0.33)
3945,0,0.001,0,sessions_recent_14d,-5.00929069519043,High recent activity with 11 sessions in last 14d (pulled churn risk DOWN by -5.01),core_feature_usage_count,-0.5041162371635437,"Strong adoption of core features (46 events, pulled churn risk DOWN by -0.50)",unresolved_tickets,0.40084999799728394,Has 1 unresolved support tickets (pushed churn risk UP by +0.40)
1570,0,0.0283,0,support_ticket_count,-0.38795894384384155,Low support friction with 0 tickets (pulled churn risk DOWN by -0.39),days_since_last_session,-0.2949431538581848,Recent session logged 5 days ago (pulled churn risk DOWN by -0.29),sessions_recent_14d,-0.18581250309944153,High recent activity with 4 sessions in last 14d (pulled churn risk DOWN by -0.19)
3650,0,0.0004,0,sessions_recent_14d,-4.277252197265625,High recent activity with 13 sessions in last 14d (pulled churn risk DOWN by -4.28),days_since_last_session,-0.3864406943321228,Recent session logged 0 days ago (pulled churn risk DOWN by -0.39),total_events_60d,-0.37905940413475037,"High overall engagement depth (214 total events, pulled churn risk DOWN by -0.38)"
1113,0,0.0003,0,sessions_recent_14d,-4.90860652923584,High recent activity with 9 sessions in last 14d (pulled churn risk DOWN by -4.91),total_events_60d,-0.5580555200576782,"High overall engagement depth (195 total events, pulled churn risk DOWN by -0.56)",session_drop_pct,-0.1683867871761322,"Stable/increasing activity trend (35.7% drop, pulled churn risk DOWN by -0.17)"
2475,1,0.708,1,sessions_recent_14d,1.1327810287475586,Recent 14-day activity dropped to 0 sessions (pushed churn risk UP by +1.13),days_since_last_session,0.8504362106323242,Inactive for 19 consecutive days (pushed churn risk UP by +0.85),support_ticket_count,0.6361594200134277,Filed 2 support tickets in 60d (pushed churn risk UP by +0.64)
2708,0,0.1469,0,support_ticket_count,-0.44652414321899414,Low support friction with 0 tickets (pulled churn risk DOWN by -0.45),avg_session_gap_days,0.3940604329109192,High average session gap of 2.1 days (pushed churn risk UP by +0.39),core_feature_usage_count,0.18828050792217255,"Low adoption of core features (23 events, pushed churn risk UP by +0.19)"
2955,0,0.0002,0,sessions_recent_14d,-4.676586627960205,High recent activity with 12 sessions in last 14d (pulled churn risk DOWN by -4.68),total_events_60d,-0.585240364074707,"High overall engagement depth (282 total events, pulled churn risk DOWN by -0.59)",days_since_last_session,-0.4876612722873688,Recent session logged 0 days ago (pulled churn risk DOWN by -0.49)
3475,0,0.5402,1,sessions_recent_14d,1.2092164754867554,Recent 14-day activity dropped to 0 sessions (pushed churn risk UP by +1.21),total_events_60d,-0.6651211977005005,"High overall engagement depth (170 total events, pulled churn risk DOWN by -0.67)",avg_session_duration_minutes,-0.44150954484939575,avg_session_duration_minutes = 26.35 (pushed churn risk DOWN (-) by -0.44)
1446,1,0.4442,0,sessions_recent_14d,1.1964590549468994,Recent 14-day activity dropped to 2 sessions (pushed churn risk UP by +1.20),unresolved_tickets,0.5608765482902527,Has 1 unresolved support tickets (pushed churn risk UP by +0.56),support_ticket_count,0.3264288008213043,Filed 1 support tickets in 60d (pushed churn risk UP by +0.33)
3871,0,0.0279,0,support_ticket_count,-0.9592844247817993,Low support friction with 0 tickets (pulled churn risk DOWN by -0.96),avg_session_gap_days,-0.7554083466529846,Frequent logins with average gap of 3.4 days (pulled churn risk DOWN by -0.76),sessions_recent_14d,0.5966189503669739,Recent 14-day activity dropped to 1 sessions (pushed churn risk UP by +0.60)
2867,0,0.0281,0,support_ticket_count,-0.5687812566757202,Low support friction with 0 tickets (pulled churn risk DOWN by -0.57),sessions_previous_14d,0.39132267236709595,sessions_previous_14d = 1.0 (pushed churn risk UP (+) by +0.39),total_events_60d,-0.309253066778183,"High overall engagement depth (84 total events, pulled churn risk DOWN by -0.31)"
2481,0,0.0002,0,sessions_recent_14d,-4.20931339263916,High recent activity with 15 sessions in last 14d (pulled churn risk DOWN by -4.21),total_events_60d,-0.5796638131141663,"High overall engagement depth (250 total events, pulled churn risk DOWN by -0.58)",days_since_last_session,-0.5031826496124268,Recent session logged 0 days ago (pulled churn risk DOWN by -0.50)
2919,0,0.0004,0,sessions_recent_14d,-4.360922813415527,High recent activity with 11 sessions in last 14d (pulled churn risk DOWN by -4.36),days_since_last_session,-0.5505292415618896,Recent session logged 0 days ago (pulled churn risk DOWN by -0.55),total_events_60d,-0.35850122570991516,"High overall engagement depth (221 total events, pulled churn risk DOWN by -0.36)"
3932,0,0.0008,0,sessions_recent_14d,-4.28826904296875,High recent activity with 11 sessions in last 14d (pulled churn risk DOWN by -4.29),days_since_last_session,-0.3833674490451813,Recent session logged 0 days ago (pulled churn risk DOWN by -0.38),support_ticket_count,-0.33817124366760254,Low support friction with 0 tickets (pulled churn risk DOWN by -0.34)
3967,1,0.4956,0,sessions_recent_14d,1.0498849153518677,Recent 14-day activity dropped to 0 sessions (pushed churn risk UP by +1.05),days_since_last_session,0.5418083071708679,Inactive for 27 consecutive days (pushed churn risk UP by +0.54),avg_session_gap_days,0.2210896760225296,High average session gap of 1.5 days (pushed churn risk UP by +0.22)
2101,0,0.0009,0,sessions_recent_14d,-4.295287609100342,High recent activity with 9 sessions in last 14d (pulled churn risk DOWN by -4.30),total_spend_60d,0.5443236231803894,total_spend_60d = 647.0 (pushed churn risk UP (+) by +0.54),days_since_last_session,-0.5044241547584534,Recent session logged 0 days ago (pulled churn risk DOWN by -0.50)
2207,0,0.0004,0,sessions_recent_14d,-4.518158435821533,High recent activity with 13 sessions in last 14d (pulled churn risk DOWN by -4.52),days_since_last_session,-0.5622622966766357,Recent session logged 0 days ago (pulled churn risk DOWN by -0.56),total_events_60d,-0.3583064675331116,"High overall engagement depth (244 total events, pulled churn risk DOWN by -0.36)"
2400,0,0.0004,0,sessions_recent_14d,-4.455903053283691,High recent activity with 13 sessions in last 14d (pulled churn risk DOWN by -4.46),days_since_last_session,-0.5572722554206848,Recent session logged 0 days ago (pulled churn risk DOWN by -0.56),total_events_60d,-0.35831692814826965,"High overall engagement depth (232 total events, pulled churn risk DOWN by -0.36)"
1799,0,0.002,0,sessions_recent_14d,-2.7877817153930664,High recent activity with 7 sessions in last 14d (pulled churn risk DOWN by -2.79),core_feature_usage_count,-0.49310964345932007,"Strong adoption of core features (51 events, pulled churn risk DOWN by -0.49)",total_events_60d,-0.347227543592453,"High overall engagement depth (186 total events, pulled churn risk DOWN by -0.35)"
3140,0,0.0005,0,sessions_recent_14d,-4.267861366271973,High recent activity with 12 sessions in last 14d (pulled churn risk DOWN by -4.27),days_since_last_session,-0.40048927068710327,Recent session logged 0 days ago (pulled churn risk DOWN by -0.40),total_events_60d,-0.37645629048347473,"High overall engagement depth (215 total events, pulled churn risk DOWN by -0.38)"
2060,0,0.6853,1,sessions_recent_14d,1.0412952899932861,Recent 14-day activity dropped to 0 sessions (pushed churn risk UP by +1.04),days_since_last_session,0.5832140445709229,Inactive for 21 consecutive days (pushed churn risk UP by +0.58),support_ticket_count,0.42520737648010254,Filed 1 support tickets in 60d (pushed churn risk UP by +0.43)
3703,1,0.7337,1,sessions_recent_14d,1.1231108903884888,Recent 14-day activity dropped to 0 sessions (pushed churn risk UP by +1.12),core_feature_usage_count,0.8042924404144287,"Low adoption of core features (15 events, pushed churn risk UP by +0.80)",days_since_last_session,0.4285590946674347,Inactive for 28 consecutive days (pushed churn risk UP by +0.43)
2477,0,0.0123,0,sessions_recent_14d,-1.9255383014678955,High recent activity with 6 sessions in last 14d (pulled churn risk DOWN by -1.93),support_ticket_count,-0.38200464844703674,Low support friction with 0 tickets (pulled churn risk DOWN by -0.38),sessions_previous_14d,0.15321581065654755,sessions_previous_14d = 12.0 (pushed churn risk UP (+) by +0.15)
2610,0,0.0536,0,sessions_recent_14d,-1.1292887926101685,High recent activity with 6 sessions in last 14d (pulled churn risk DOWN by -1.13),support_ticket_count,-0.38085559010505676,Low support friction with 0 tickets (pulled churn risk DOWN by -0.38),avg_session_gap_days,0.292263925075531,High average session gap of 2.1 days (pushed churn risk UP by +0.29)
3464,0,0.0003,0,sessions_recent_14d,-4.4451518058776855,High recent activity with 12 sessions in last 14d (pulled churn risk DOWN by -4.45),days_since_last_session,-0.5555192828178406,Recent session logged 0 days ago (pulled churn risk DOWN by -0.56),total_events_60d,-0.35849082469940186,"High overall engagement depth (225 total events, pulled churn risk DOWN by -0.36)"
1024,0,0.0428,0,sessions_recent_14d,-0.45359182357788086,High recent activity with 4 sessions in last 14d (pulled churn risk DOWN by -0.45),session_drop_pct,-0.25659942626953125,"Stable/increasing activity trend (20.0% drop, pulled churn risk DOWN by -0.26)",total_events_60d,-0.21597141027450562,"High overall engagement depth (131 total events, pulled churn risk DOWN by -0.22)"
1675,0,0.0005,0,sessions_recent_14d,-4.924232006072998,High recent activity with 11 sessions in last 14d (pulled churn risk DOWN by -4.92),total_events_60d,-0.3776782155036926,"High overall engagement depth (229 total events, pulled churn risk DOWN by -0.38)",days_since_last_session,-0.24345523118972778,Recent session logged 2 days ago (pulled churn risk DOWN by -0.24)
3523,0,0.0945,0,support_ticket_count,-1.0795658826828003,Low support friction with 0 tickets (pulled churn risk DOWN by -1.08),sessions_recent_14d,0.6516529321670532,Recent 14-day activity dropped to 0 sessions (pushed churn risk UP by +0.65),days_since_last_session,0.2524363100528717,Inactive for 14 consecutive days (pushed churn risk UP by +0.25)
1737,0,0.0004,0,sessions_recent_14d,-4.298552989959717,High recent activity with 11 sessions in last 14d (pulled churn risk DOWN by -4.30),days_since_last_session,-0.5395827293395996,Recent session logged 0 days ago (pulled churn risk DOWN by -0.54),total_events_60d,-0.3972201943397522,"High overall engagement depth (242 total events, pulled churn risk DOWN by -0.40)"
1666,0,0.0249,0,sessions_recent_14d,-1.473293662071228,High recent activity with 6 sessions in last 14d (pulled churn risk DOWN by -1.47),support_ticket_count,-0.38807812333106995,Low support friction with 0 tickets (pulled churn risk DOWN by -0.39),avg_session_duration_minutes,0.22345510125160217,avg_session_duration_minutes = 25.26 (pushed churn risk UP (+) by +0.22)
3770,0,0.001,0,sessions_recent_14d,-3.854804515838623,High recent activity with 12 sessions in last 14d (pulled churn risk DOWN by -3.85),support_ticket_count,-0.43261194229125977,Low support friction with 0 tickets (pulled churn risk DOWN by -0.43),days_since_last_session,-0.39309167861938477,Recent session logged 0 days ago (pulled churn risk DOWN by -0.39)
2390,0,0.0003,0,sessions_recent_14d,-4.107971668243408,High recent activity with 15 sessions in last 14d (pulled churn risk DOWN by -4.11),days_since_last_session,-0.42113107442855835,Recent session logged 0 days ago (pulled churn risk DOWN by -0.42),core_feature_usage_count,-0.4110370874404907,"Strong adoption of core features (56 events, pulled churn risk DOWN by -0.41)"
1075,0,0.0005,0,sessions_recent_14d,-4.38785982131958,High recent activity with 14 sessions in last 14d (pulled churn risk DOWN by -4.39),days_since_last_session,-0.40515273809432983,Recent session logged 0 days ago (pulled churn risk DOWN by -0.41),total_events_60d,-0.37905940413475037,"High overall engagement depth (250 total events, pulled churn risk DOWN by -0.38)"
3626,1,0.6634,1,sessions_recent_14d,1.1498724222183228,Recent 14-day activity dropped to 1 sessions (pushed churn risk UP by +1.15),core_feature_usage_count,0.39357680082321167,"Low adoption of core features (41 events, pushed churn risk UP by +0.39)",support_ticket_count,0.3659737706184387,Filed 1 support tickets in 60d (pushed churn risk UP by +0.37)
1878,1,0.1388,0,total_spend_60d,0.5945932865142822,total_spend_60d = 647.0 (pushed churn risk UP (+) by +0.59),days_since_last_session,-0.4781856834888458,Recent session logged 0 days ago (pulled churn risk DOWN by -0.48),unresolved_tickets,0.348947137594223,Has 1 unresolved support tickets (pushed churn risk UP by +0.35)
2713,0,0.024,0,support_ticket_count,-1.1363511085510254,Low support friction with 0 tickets (pulled churn risk DOWN by -1.14),avg_session_gap_days,-0.9362079501152039,Frequent logins with average gap of 2.8 days (pulled churn risk DOWN by -0.94),sessions_recent_14d,0.5507628321647644,Recent 14-day activity dropped to 2 sessions (pushed churn risk UP by +0.55)
3974,0,0.0012,0,sessions_recent_14d,-2.6961679458618164,High recent activity with 7 sessions in last 14d (pulled churn risk DOWN by -2.70),days_since_last_session,-0.734825074672699,Recent session logged 0 days ago (pulled churn risk DOWN by -0.73),core_feature_usage_count,-0.4814731180667877,"Strong adoption of core features (51 events, pulled churn risk DOWN by -0.48)"
3837,0,0.0004,0,sessions_recent_14d,-4.395519256591797,High recent activity with 10 sessions in last 14d (pulled churn risk DOWN by -4.40),total_events_60d,-0.5953976511955261,"High overall engagement depth (192 total events, pulled churn risk DOWN by -0.60)",support_ticket_count,-0.3833761215209961,Low support friction with 0 tickets (pulled churn risk DOWN by -0.38)
2766,0,0.0395,0,core_feature_usage_count,-0.4005916118621826,"Strong adoption of core features (19 events, pulled churn risk DOWN by -0.40)",support_ticket_count,-0.37336987257003784,Low support friction with 0 tickets (pulled churn risk DOWN by -0.37),avg_session_duration_minutes,0.2767169177532196,avg_session_duration_minutes = 27.17 (pushed churn risk UP (+) by +0.28)
1970,0,0.0021,0,sessions_recent_14d,-2.5587894916534424,High recent activity with 7 sessions in last 14d (pulled churn risk DOWN by -2.56),total_events_60d,-0.7126402258872986,"High overall engagement depth (197 total events, pulled churn risk DOWN by -0.71)",support_ticket_count,-0.33002030849456787,Low support friction with 0 tickets (pulled churn risk DOWN by -0.33)
1939,0,0.0749,0,support_ticket_count,-1.0839005708694458,Low support friction with 0 tickets (pulled churn risk DOWN by -1.08),sessions_recent_14d,0.6969249248504639,Recent 14-day activity dropped to 2 sessions (pushed churn risk UP by +0.70),days_since_last_session,-0.3871859610080719,Recent session logged 9 days ago (pulled churn risk DOWN by -0.39)
2316,0,0.0635,0,sessions_recent_14d,-0.6222090721130371,High recent activity with 5 sessions in last 14d (pulled churn risk DOWN by -0.62),days_since_last_session,-0.23469722270965576,Recent session logged 9 days ago (pulled churn risk DOWN by -0.23),support_ticket_count,0.17727842926979065,Filed 1 support tickets in 60d (pushed churn risk UP by +0.18)
1268,1,0.7886,1,sessions_recent_14d,1.2130998373031616,Recent 14-day activity dropped to 2 sessions (pushed churn risk UP by +1.21),support_ticket_count,0.9432961940765381,Filed 2 support tickets in 60d (pushed churn risk UP by +0.94),unresolved_tickets,0.696301281452179,Has 1 unresolved support tickets (pushed churn risk UP by +0.70)
3922,0,0.0002,0,sessions_recent_14d,-4.164800643920898,High recent activity with 9 sessions in last 14d (pulled churn risk DOWN by -4.16),core_feature_usage_count,-0.5111717581748962,"Strong adoption of core features (59 events, pulled churn risk DOWN by -0.51)",days_since_last_session,-0.4941248297691345,Recent session logged 0 days ago (pulled churn risk DOWN by -0.49)
2348,0,0.1144,0,sessions_recent_14d,-0.37420418858528137,High recent activity with 4 sessions in last 14d (pulled churn risk DOWN by -0.37),days_since_last_session,-0.35520291328430176,Recent session logged 5 days ago (pulled churn risk DOWN by -0.36),total_spend_60d,0.3188874125480652,total_spend_60d = 617.0 (pushed churn risk UP (+) by +0.32)
2735,0,0.0006,0,sessions_recent_14d,-4.266236305236816,High recent activity with 10 sessions in last 14d (pulled churn risk DOWN by -4.27),days_since_last_session,-0.4930873215198517,Recent session logged 0 days ago (pulled churn risk DOWN by -0.49),support_ticket_count,-0.3689471483230591,Low support friction with 0 tickets (pulled churn risk DOWN by -0.37)
2560,0,0.0007,0,sessions_recent_14d,-4.189446449279785,High recent activity with 8 sessions in last 14d (pulled churn risk DOWN by -4.19),days_since_last_session,-0.4153307378292084,Recent session logged 0 days ago (pulled churn risk DOWN by -0.42),support_ticket_count,-0.3333049416542053,Low support friction with 0 tickets (pulled churn risk DOWN by -0.33)
3567,0,0.0006,0,sessions_recent_14d,-4.4313645362854,High recent activity with 9 sessions in last 14d (pulled churn risk DOWN by -4.43),core_feature_usage_count,-0.4774307608604431,"Strong adoption of core features (51 events, pulled churn risk DOWN by -0.48)",total_events_60d,-0.40989160537719727,"High overall engagement depth (200 total events, pulled churn risk DOWN by -0.41)"
3901,0,0.0004,0,sessions_recent_14d,-4.663058280944824,High recent activity with 13 sessions in last 14d (pulled churn risk DOWN by -4.66),total_events_60d,-0.4270171821117401,"High overall engagement depth (253 total events, pulled churn risk DOWN by -0.43)",support_ticket_count,-0.3013256788253784,Low support friction with 0 tickets (pulled churn risk DOWN by -0.30)
2854,0,0.0005,0,sessions_recent_14d,-4.047357559204102,High recent activity with 10 sessions in last 14d (pulled churn risk DOWN by -4.05),core_feature_usage_count,-0.6050902009010315,"Strong adoption of core features (46 events, pulled churn risk DOWN by -0.61)",support_ticket_count,-0.4258003830909729,Low support friction with 0 tickets (pulled churn risk DOWN by -0.43)
1450,0,0.0004,0,sessions_recent_14d,-4.41102409362793,High recent activity with 10 sessions in last 14d (pulled churn risk DOWN by -4.41),total_events_60d,-0.6425170302391052,"High overall engagement depth (225 total events, pulled churn risk DOWN by -0.64)",support_ticket_count,-0.32889750599861145,Low support friction with 0 tickets (pulled churn risk DOWN by -0.33)
3999,1,0.0962,0,support_ticket_count,-0.4641614258289337,Low support friction with 0 tickets (pulled churn risk DOWN by -0.46),session_drop_pct,0.4150783121585846,Session volume dropped by 70.0% in final 14d (pushed churn risk UP by +0.42),days_since_last_session,-0.3675480782985687,Recent session logged 5 days ago (pulled churn risk DOWN by -0.37)
2717,0,0.0005,0,sessions_recent_14d,-4.277281284332275,High recent activity with 15 sessions in last 14d (pulled churn risk DOWN by -4.28),days_since_last_session,-0.5059041380882263,Recent session logged 0 days ago (pulled churn risk DOWN by -0.51),support_ticket_count,-0.33462637662887573,Low support friction with 0 tickets (pulled churn risk DOWN by -0.33)
2617,0,0.0008,0,sessions_recent_14d,-4.123415946960449,High recent activity with 8 sessions in last 14d (pulled churn risk DOWN by -4.12),support_ticket_count,-0.3310721516609192,Low support friction with 0 tickets (pulled churn risk DOWN by -0.33),days_since_last_session,-0.3063342869281769,Recent session logged 0 days ago (pulled churn risk DOWN by -0.31)
2351,0,0.5471,1,sessions_recent_14d,0.9742671251296997,Recent 14-day activity dropped to 0 sessions (pushed churn risk UP by +0.97),days_since_last_session,0.5000165700912476,Inactive for 21 consecutive days (pushed churn risk UP by +0.50),support_ticket_count,0.39624303579330444,Filed 1 support tickets in 60d (pushed churn risk UP by +0.40)
1209,0,0.0008,0,sessions_recent_14d,-4.236700534820557,High recent activity with 10 sessions in last 14d (pulled churn risk DOWN by -4.24),support_ticket_count,-0.3522937297821045,Low support friction with 0 tickets (pulled churn risk DOWN by -0.35),total_events_60d,-0.15439262986183167,"High overall engagement depth (163 total events, pulled churn risk DOWN by -0.15)"
1247,0,0.0003,0,sessions_recent_14d,-4.270665168762207,High recent activity with 9 sessions in last 14d (pulled churn risk DOWN by -4.27),days_since_last_session,-0.5292755961418152,Recent session logged 0 days ago (pulled churn risk DOWN by -0.53),support_ticket_count,-0.2960353493690491,Low support friction with 0 tickets (pulled churn risk DOWN by -0.30)
2375,0,0.2325,0,sessions_recent_14d,0.815081775188446,Recent 14-day activity dropped to 2 sessions (pushed churn risk UP by +0.82),support_ticket_count,-0.7787551879882812,Low support friction with 0 tickets (pulled churn risk DOWN by -0.78),sessions_previous_14d,0.20957772433757782,sessions_previous_14d = 8.0 (pushed churn risk UP (+) by +0.21)
3182,0,0.0195,0,support_ticket_count,-1.2916333675384521,Low support friction with 0 tickets (pulled churn risk DOWN by -1.29),avg_session_gap_days,-0.9925618171691895,Frequent logins with average gap of 2.9 days (pulled churn risk DOWN by -0.99),sessions_recent_14d,0.5926088094711304,Recent 14-day activity dropped to 1 sessions (pushed churn risk UP by +0.59)
1563,0,0.0111,0,support_ticket_count,-1.2070376873016357,Low support friction with 0 tickets (pulled churn risk DOWN by -1.21),avg_session_gap_days,-1.0271673202514648,Frequent logins with average gap of 2.8 days (pulled churn risk DOWN by -1.03),sessions_recent_14d,0.5448518991470337,Recent 14-day activity dropped to 2 sessions (pushed churn risk UP by +0.54)
2881,0,0.0304,0,support_ticket_count,-0.46066009998321533,Low support friction with 0 tickets (pulled churn risk DOWN by -0.46),days_since_last_session,-0.264860063791275,Recent session logged 2 days ago (pulled churn risk DOWN by -0.26),core_feature_usage_count,-0.16913746297359467,"Strong adoption of core features (39 events, pulled churn risk DOWN by -0.17)"
1345,0,0.004,0,sessions_recent_14d,-2.54805588722229,High recent activity with 7 sessions in last 14d (pulled churn risk DOWN by -2.55),support_ticket_count,-0.36041855812072754,Low support friction with 0 tickets (pulled churn risk DOWN by -0.36),total_events_60d,-0.26038017868995667,"High overall engagement depth (174 total events, pulled churn risk DOWN by -0.26)"
2162,0,0.0003,0,sessions_recent_14d,-4.121826171875,High recent activity with 13 sessions in last 14d (pulled churn risk DOWN by -4.12),total_events_60d,-0.62247633934021,"High overall engagement depth (252 total events, pulled churn risk DOWN by -0.62)",days_since_last_session,-0.47644883394241333,Recent session logged 0 days ago (pulled churn risk DOWN by -0.48)
2695,0,0.0663,0,days_since_last_session,-0.18996486067771912,Recent session logged 7 days ago (pulled churn risk DOWN by -0.19),total_spend_60d,-0.15488670766353607,total_spend_60d = 58.0 (pushed churn risk DOWN (-) by -0.15),support_ticket_count,0.1175156757235527,Filed 1 support tickets in 60d (pushed churn risk UP by +0.12)
3780,0,0.0622,0,support_ticket_count,-0.9256582856178284,Low support friction with 0 tickets (pulled churn risk DOWN by -0.93),sessions_recent_14d,0.6305655837059021,Recent 14-day activity dropped to 1 sessions (pushed churn risk UP by +0.63),days_since_last_session,-0.3695865571498871,Recent session logged 9 days ago (pulled churn risk DOWN by -0.37)
3992,0,0.0025,0,sessions_recent_14d,-4.037572383880615,High recent activity with 12 sessions in last 14d (pulled churn risk DOWN by -4.04),total_spend_60d,0.6578754782676697,total_spend_60d = 647.0 (pushed churn risk UP (+) by +0.66),avg_session_gap_days,0.3611389398574829,High average session gap of 1.3 days (pushed churn risk UP by +0.36)
1950,0,0.007,0,sessions_recent_14d,-1.594288945198059,High recent activity with 6 sessions in last 14d (pulled churn risk DOWN by -1.59),support_ticket_count,-0.35702353715896606,Low support friction with 0 tickets (pulled churn risk DOWN by -0.36),core_feature_usage_count,-0.2544001638889313,"Strong adoption of core features (35 events, pulled churn risk DOWN by -0.25)"
1681,0,0.0007,0,sessions_recent_14d,-4.509726524353027,High recent activity with 12 sessions in last 14d (pulled churn risk DOWN by -4.51),total_events_60d,-0.6016991138458252,"High overall engagement depth (210 total events, pulled churn risk DOWN by -0.60)",total_spend_60d,0.5484645962715149,total_spend_60d = 896.0 (pushed churn risk UP (+) by +0.55)
2566,0,0.0361,0,support_ticket_count,-1.24422287940979,Low support friction with 0 tickets (pulled churn risk DOWN by -1.24),sessions_recent_14d,0.5862618088722229,Recent 14-day activity dropped to 2 sessions (pushed churn risk UP by +0.59),avg_session_gap_days,-0.45601072907447815,Frequent logins with average gap of 2.7 days (pulled churn risk DOWN by -0.46)
2100,0,0.0002,0,sessions_recent_14d,-4.090938568115234,High recent activity with 13 sessions in last 14d (pulled churn risk DOWN by -4.09),avg_session_duration_minutes,-0.5737580060958862,avg_session_duration_minutes = 27.59 (pushed churn risk DOWN (-) by -0.57),total_events_60d,-0.5716705322265625,"High overall engagement depth (232 total events, pulled churn risk DOWN by -0.57)"
1574,0,0.3959,0,sessions_recent_14d,0.8808653950691223,Recent 14-day activity dropped to 0 sessions (pushed churn risk UP by +0.88),support_ticket_count,-0.7301443815231323,Low support friction with 0 tickets (pulled churn risk DOWN by -0.73),days_since_last_session,0.7253480553627014,Inactive for 27 consecutive days (pushed churn risk UP by +0.73)
3777,0,0.1183,0,sessions_recent_14d,-0.9961092472076416,High recent activity with 7 sessions in last 14d (pulled churn risk DOWN by -1.00),sessions_previous_14d,0.6014876365661621,sessions_previous_14d = 2.0 (pushed churn risk UP (+) by +0.60),session_drop_pct,0.39971232414245605,Session volume dropped by -250.0% in final 14d (pushed churn risk UP by +0.40)
3879,0,0.0007,0,sessions_recent_14d,-4.095188617706299,High recent activity with 11 sessions in last 14d (pulled churn risk DOWN by -4.10),days_since_last_session,-0.4001583158969879,Recent session logged 0 days ago (pulled churn risk DOWN by -0.40),support_ticket_count,-0.35466963052749634,Low support friction with 0 tickets (pulled churn risk DOWN by -0.35)
1976,0,0.0003,0,sessions_recent_14d,-4.622576713562012,High recent activity with 9 sessions in last 14d (pulled churn risk DOWN by -4.62),core_feature_usage_count,-0.5383685231208801,"Strong adoption of core features (51 events, pulled churn risk DOWN by -0.54)",total_events_60d,-0.40989160537719727,"High overall engagement depth (193 total events, pulled churn risk DOWN by -0.41)"
3504,1,0.5329,1,sessions_recent_14d,1.0499638319015503,Recent 14-day activity dropped to 0 sessions (pushed churn risk UP by +1.05),days_since_last_session,0.527767539024353,Inactive for 27 consecutive days (pushed churn risk UP by +0.53),support_ticket_count,0.42103782296180725,Filed 1 support tickets in 60d (pushed churn risk UP by +0.42)
2920,0,0.0737,0,support_ticket_count,-0.8869310021400452,Low support friction with 0 tickets (pulled churn risk DOWN by -0.89),sessions_recent_14d,0.6698676347732544,Recent 14-day activity dropped to 2 sessions (pushed churn risk UP by +0.67),days_since_last_session,-0.322380393743515,Recent session logged 9 days ago (pulled churn risk DOWN by -0.32)
3157,1,0.7982,1,sessions_recent_14d,1.1176561117172241,Recent 14-day activity dropped to 0 sessions (pushed churn risk UP by +1.12),days_since_last_session,0.7852743268013,Inactive for 21 consecutive days (pushed churn risk UP by +0.79),core_feature_usage_count,0.529322624206543,"Low adoption of core features (43 events, pushed churn risk UP by +0.53)"
1227,0,0.5198,1,sessions_recent_14d,1.166548728942871,Recent 14-day activity dropped to 0 sessions (pushed churn risk UP by +1.17),days_since_last_session,0.4990391135215759,Inactive for 28 consecutive days (pushed churn risk UP by +0.50),support_ticket_count,0.42343538999557495,Filed 1 support tickets in 60d (pushed churn risk UP by +0.42)
2090,1,0.0209,0,sessions_recent_14d,-1.6492496728897095,High recent activity with 7 sessions in last 14d (pulled churn risk DOWN by -1.65),core_feature_usage_count,0.4077756106853485,"Low adoption of core features (25 events, pushed churn risk UP by +0.41)",support_ticket_count,-0.3449832797050476,Low support friction with 0 tickets (pulled churn risk DOWN by -0.34)
2213,0,0.6913,1,sessions_recent_14d,1.014391541481018,Recent 14-day activity dropped to 0 sessions (pushed churn risk UP by +1.01),avg_session_gap_days,0.8062461614608765,High average session gap of 1.3 days (pushed churn risk UP by +0.81),support_ticket_count,-0.7327451109886169,Low support friction with 0 tickets (pulled churn risk DOWN by -0.73)
3012,1,0.024,0,support_ticket_count,-1.076324224472046,Low support friction with 0 tickets (pulled churn risk DOWN by -1.08),avg_session_gap_days,-1.0312724113464355,Frequent logins with average gap of 2.7 days (pulled churn risk DOWN by -1.03),sessions_recent_14d,0.5508150458335876,Recent 14-day activity dropped to 2 sessions (pushed churn risk UP by +0.55)
2498,1,0.2246,0,sessions_recent_14d,0.890664279460907,Recent 14-day activity dropped to 0 sessions (pushed churn risk UP by +0.89),support_ticket_count,-0.6652353405952454,Low support friction with 0 tickets (pulled churn risk DOWN by -0.67),core_feature_usage_count,-0.6125231385231018,"Strong adoption of core features (35 events, pulled churn risk DOWN by -0.61)"
1567,0,0.0005,0,sessions_recent_14d,-4.932711124420166,High recent activity with 11 sessions in last 14d (pulled churn risk DOWN by -4.93),total_events_60d,-0.32070043683052063,"High overall engagement depth (253 total events, pulled churn risk DOWN by -0.32)",days_since_last_session,-0.27840274572372437,Recent session logged 3 days ago (pulled churn risk DOWN by -0.28)
3566,0,0.0635,0,support_ticket_count,-0.9083280563354492,Low support friction with 0 tickets (pulled churn risk DOWN by -0.91),sessions_recent_14d,0.7031298875808716,Recent 14-day activity dropped to 1 sessions (pushed churn risk UP by +0.70),days_since_last_session,-0.32937538623809814,Recent session logged 8 days ago (pulled churn risk DOWN by -0.33)
3049,0,0.0004,0,sessions_recent_14d,-4.311742782592773,High recent activity with 9 sessions in last 14d (pulled churn risk DOWN by -4.31),total_events_60d,-0.5019949078559875,"High overall engagement depth (181 total events, pulled churn risk DOWN by -0.50)",days_since_last_session,-0.4410249888896942,Recent session logged 0 days ago (pulled churn risk DOWN by -0.44)
2302,0,0.0004,0,sessions_recent_14d,-4.364039897918701,High recent activity with 10 sessions in last 14d (pulled churn risk DOWN by -4.36),core_feature_usage_count,-0.4327257573604584,"Strong adoption of core features (46 events, pulled churn risk DOWN by -0.43)",support_ticket_count,-0.3623771369457245,Low support friction with 0 tickets (pulled churn risk DOWN by -0.36)
1749,0,0.0003,0,sessions_recent_14d,-4.3083014488220215,High recent activity with 11 sessions in last 14d (pulled churn risk DOWN by -4.31),core_feature_usage_count,-0.5276984572410583,"Strong adoption of core features (51 events, pulled churn risk DOWN by -0.53)",total_events_60d,-0.4911409318447113,"High overall engagement depth (203 total events, pulled churn risk DOWN by -0.49)"
1618,0,0.0361,0,sessions_recent_14d,-0.6581827998161316,High recent activity with 5 sessions in last 14d (pulled churn risk DOWN by -0.66),support_ticket_count,-0.502811849117279,Low support friction with 0 tickets (pulled churn risk DOWN by -0.50),total_events_60d,-0.3479578495025635,"High overall engagement depth (187 total events, pulled churn risk DOWN by -0.35)"
2193,0,0.0188,0,days_since_last_session,-0.7237259149551392,Recent session logged 0 days ago (pulled churn risk DOWN by -0.72),support_ticket_count,-0.42399168014526367,Low support friction with 0 tickets (pulled churn risk DOWN by -0.42),avg_session_duration_minutes,-0.339559406042099,avg_session_duration_minutes = 28.15 (pushed churn risk DOWN (-) by -0.34)
2142,0,0.0005,0,sessions_recent_14d,-4.961515426635742,High recent activity with 13 sessions in last 14d (pulled churn risk DOWN by -4.96),avg_session_gap_days,0.34198856353759766,High average session gap of 1.0 days (pushed churn risk UP by +0.34),core_feature_usage_count,-0.30837786197662354,"Strong adoption of core features (55 events, pulled churn risk DOWN by -0.31)"
1719,0,0.0306,0,core_feature_usage_count,-0.6715172529220581,"Strong adoption of core features (46 events, pulled churn risk DOWN by -0.67)",sessions_recent_14d,-0.4497128427028656,High recent activity with 4 sessions in last 14d (pulled churn risk DOWN by -0.45),days_since_last_session,-0.288989782333374,Recent session logged 5 days ago (pulled churn risk DOWN by -0.29)
3541,0,0.0007,0,sessions_recent_14d,-4.328469753265381,High recent activity with 11 sessions in last 14d (pulled churn risk DOWN by -4.33),days_since_last_session,-0.459509015083313,Recent session logged 0 days ago (pulled churn risk DOWN by -0.46),total_events_60d,-0.3983879089355469,"High overall engagement depth (260 total events, pulled churn risk DOWN by -0.40)"
3943,0,0.0008,0,sessions_recent_14d,-4.255387306213379,High recent activity with 9 sessions in last 14d (pulled churn risk DOWN by -4.26),days_since_last_session,-0.4580317437648773,Recent session logged 0 days ago (pulled churn risk DOWN by -0.46),total_events_60d,-0.39607444405555725,"High overall engagement depth (234 total events, pulled churn risk DOWN by -0.40)"
1014,0,0.0694,0,support_ticket_count,-1.0050040483474731,Low support friction with 0 tickets (pulled churn risk DOWN by -1.01),sessions_recent_14d,0.6804850101470947,Recent 14-day activity dropped to 2 sessions (pushed churn risk UP by +0.68),days_since_last_session,-0.4285479187965393,Recent session logged 8 days ago (pulled churn risk DOWN by -0.43)
3371,0,0.0008,0,sessions_recent_14d,-4.371408939361572,High recent activity with 10 sessions in last 14d (pulled churn risk DOWN by -4.37),support_ticket_count,-0.38320499658584595,Low support friction with 0 tickets (pulled churn risk DOWN by -0.38),total_events_60d,-0.2113926112651825,"High overall engagement depth (176 total events, pulled churn risk DOWN by -0.21)"
3266,0,0.0003,0,sessions_recent_14d,-4.452512741088867,High recent activity with 10 sessions in last 14d (pulled churn risk DOWN by -4.45),days_since_last_session,-0.5623401403427124,Recent session logged 0 days ago (pulled churn risk DOWN by -0.56),total_events_60d,-0.3597138822078705,"High overall engagement depth (196 total events, pulled churn risk DOWN by -0.36)"
1590,0,0.0673,0,support_ticket_count,-0.9001849293708801,Low support friction with 0 tickets (pulled churn risk DOWN by -0.90),sessions_recent_14d,0.7176796793937683,Recent 14-day activity dropped to 2 sessions (pushed churn risk UP by +0.72),days_since_last_session,-0.3362092971801758,Recent session logged 4 days ago (pulled churn risk DOWN by -0.34)
3163,1,0.7573,1,sessions_recent_14d,1.2641240358352661,Recent 14-day activity dropped to 2 sessions (pushed churn risk UP by +1.26),support_ticket_count,0.7291221618652344,Filed 2 support tickets in 60d (pushed churn risk UP by +0.73),unresolved_tickets,0.5160092711448669,Has 2 unresolved support tickets (pushed churn risk UP by +0.52)
3030,0,0.5127,1,sessions_recent_14d,1.051228642463684,Recent 14-day activity dropped to 0 sessions (pushed churn risk UP by +1.05),days_since_last_session,0.7011622190475464,Inactive for 23 consecutive days (pushed churn risk UP by +0.70),sessions_previous_14d,0.46389657258987427,sessions_previous_14d = 1.0 (pushed churn risk UP (+) by +0.46)
1181,0,0.0593,0,days_since_last_session,-0.4624342918395996,Recent session logged 0 days ago (pulled churn risk DOWN by -0.46),avg_session_gap_days,0.4612311124801636,High average session gap of 2.5 days (pushed churn risk UP by +0.46),support_ticket_count,-0.3881799876689911,Low support friction with 0 tickets (pulled churn risk DOWN by -0.39)
2898,0,0.0195,0,sessions_recent_14d,-0.5830864310264587,High recent activity with 5 sessions in last 14d (pulled churn risk DOWN by -0.58),support_ticket_count,-0.5349852442741394,Low support friction with 0 tickets (pulled churn risk DOWN by -0.53),days_since_last_session,-0.3089970648288727,Recent session logged 6 days ago (pulled churn risk DOWN by -0.31)
3052,0,0.0002,0,sessions_recent_14d,-4.301105976104736,High recent activity with 15 sessions in last 14d (pulled churn risk DOWN by -4.30),core_feature_usage_count,-0.6189413070678711,"Strong adoption of core features (55 events, pulled churn risk DOWN by -0.62)",avg_session_duration_minutes,-0.5462574362754822,avg_session_duration_minutes = 27.87 (pushed churn risk DOWN (-) by -0.55)
1689,0,0.0671,0,support_ticket_count,-0.39787212014198303,Low support friction with 0 tickets (pulled churn risk DOWN by -0.40),avg_session_gap_days,0.22624823451042175,High average session gap of 2.1 days (pushed churn risk UP by +0.23),days_since_last_session,-0.2237965613603592,Recent session logged 3 days ago (pulled churn risk DOWN by -0.22)
3571,0,0.0003,0,sessions_recent_14d,-4.189846515655518,High recent activity with 10 sessions in last 14d (pulled churn risk DOWN by -4.19),total_events_60d,-0.5860868692398071,"High overall engagement depth (188 total events, pulled churn risk DOWN by -0.59)",days_since_last_session,-0.46400201320648193,Recent session logged 0 days ago (pulled churn risk DOWN by -0.46)
1302,0,0.0003,0,sessions_recent_14d,-4.1906046867370605,High recent activity with 9 sessions in last 14d (pulled churn risk DOWN by -4.19),total_events_60d,-0.5478883385658264,"High overall engagement depth (192 total events, pulled churn risk DOWN by -0.55)",days_since_last_session,-0.5158836245536804,Recent session logged 0 days ago (pulled churn risk DOWN by -0.52)
3002,0,0.0003,0,sessions_recent_14d,-4.121814727783203,High recent activity with 8 sessions in last 14d (pulled churn risk DOWN by -4.12),total_events_60d,-0.6142544746398926,"High overall engagement depth (233 total events, pulled churn risk DOWN by -0.61)",days_since_last_session,-0.46383634209632874,Recent session logged 0 days ago (pulled churn risk DOWN by -0.46)
3690,0,0.0037,0,sessions_recent_14d,-2.6685898303985596,High recent activity with 7 sessions in last 14d (pulled churn risk DOWN by -2.67),total_events_60d,-0.38464781641960144,"High overall engagement depth (204 total events, pulled churn risk DOWN by -0.38)",support_ticket_count,-0.33568936586380005,Low support friction with 0 tickets (pulled churn risk DOWN by -0.34)
2924,0,0.0381,0,support_ticket_count,-1.028905987739563,Low support friction with 0 tickets (pulled churn risk DOWN by -1.03),sessions_recent_14d,0.5450431108474731,Recent 14-day activity dropped to 2 sessions (pushed churn risk UP by +0.55),total_events_60d,-0.39853793382644653,"High overall engagement depth (83 total events, pulled churn risk DOWN by -0.40)"
2138,0,0.0182,0,sessions_recent_14d,-2.86222767829895,High recent activity with 9 sessions in last 14d (pulled churn risk DOWN by -2.86),total_spend_60d,0.7528184056282043,total_spend_60d = 647.0 (pushed churn risk UP (+) by +0.75),sessions_previous_14d,0.4013209342956543,sessions_previous_14d = 2.0 (pushed churn risk UP (+) by +0.40)
3583,1,0.4399,0,sessions_recent_14d,1.091336727142334,Recent 14-day activity dropped to 1 sessions (pushed churn risk UP by +1.09),support_ticket_count,0.32145458459854126,Filed 1 support tickets in 60d (pushed churn risk UP by +0.32),days_since_last_session,0.23692521452903748,Inactive for 13 consecutive days (pushed churn risk UP by +0.24)
1306,0,0.0744,0,support_ticket_count,-0.4113647937774658,Low support friction with 0 tickets (pulled churn risk DOWN by -0.41),avg_session_duration_minutes,0.34687769412994385,avg_session_duration_minutes = 22.08 (pushed churn risk UP (+) by +0.35),days_since_last_session,-0.2965365946292877,Recent session logged 6 days ago (pulled churn risk DOWN by -0.30)
2095,0,0.5565,1,sessions_recent_14d,1.2109112739562988,Recent 14-day activity dropped to 1 sessions (pushed churn risk UP by +1.21),session_drop_pct,0.38624781370162964,Session volume dropped by 88.9% in final 14d (pushed churn risk UP by +0.39),support_ticket_count,0.3569941818714142,Filed 1 support tickets in 60d (pushed churn risk UP by +0.36)
3252,0,0.0006,0,sessions_recent_14d,-4.298763275146484,High recent activity with 11 sessions in last 14d (pulled churn risk DOWN by -4.30),days_since_last_session,-0.44843295216560364,Recent session logged 0 days ago (pulled churn risk DOWN by -0.45),avg_session_duration_minutes,0.4072151482105255,avg_session_duration_minutes = 20.42 (pushed churn risk UP (+) by +0.41)
3663,1,0.0333,0,support_ticket_count,-0.6965332627296448,Low support friction with 0 tickets (pulled churn risk DOWN by -0.70),avg_session_gap_days,-0.4574057459831238,Frequent logins with average gap of 2.8 days (pulled churn risk DOWN by -0.46),sessions_previous_14d,0.3860180079936981,sessions_previous_14d = 1.0 (pushed churn risk UP (+) by +0.39)
3838,0,0.0002,0,sessions_recent_14d,-4.086480140686035,High recent activity with 14 sessions in last 14d (pulled churn risk DOWN by -4.09),days_since_last_session,-0.48059552907943726,Recent session logged 0 days ago (pulled churn risk DOWN by -0.48),total_events_60d,-0.4586218297481537,"High overall engagement depth (218 total events, pulled churn risk DOWN by -0.46)"
3925,0,0.0512,0,days_since_last_session,-0.5295305252075195,Recent session logged 0 days ago (pulled churn risk DOWN by -0.53),support_ticket_count,-0.4149894118309021,Low support friction with 0 tickets (pulled churn risk DOWN by -0.41),sessions_recent_14d,0.27824902534484863,Recent 14-day activity dropped to 3 sessions (pushed churn risk UP by +0.28)
2758,0,0.5155,1,sessions_recent_14d,1.0503062009811401,Recent 14-day activity dropped to 0 sessions (pushed churn risk UP by +1.05),days_since_last_session,0.6543978452682495,Inactive for 26 consecutive days (pushed churn risk UP by +0.65),support_ticket_count,0.25710418820381165,Filed 1 support tickets in 60d (pushed churn risk UP by +0.26)
1943,0,0.0006,0,sessions_recent_14d,-4.316690921783447,High recent activity with 10 sessions in last 14d (pulled churn risk DOWN by -4.32),total_events_60d,-0.40927284955978394,"High overall engagement depth (205 total events, pulled churn risk DOWN by -0.41)",core_feature_usage_count,-0.357469379901886,"Strong adoption of core features (46 events, pulled churn risk DOWN by -0.36)"
3045,0,0.0005,0,sessions_recent_14d,-4.28106689453125,High recent activity with 12 sessions in last 14d (pulled churn risk DOWN by -4.28),days_since_last_session,-0.49714037775993347,Recent session logged 0 days ago (pulled churn risk DOWN by -0.50),support_ticket_count,-0.33848509192466736,Low support friction with 0 tickets (pulled churn risk DOWN by -0.34)
3579,0,0.1023,0,sessions_recent_14d,0.7510426640510559,Recent 14-day activity dropped to 2 sessions (pushed churn risk UP by +0.75),support_ticket_count,-0.7074246406555176,Low support friction with 0 tickets (pulled churn risk DOWN by -0.71),days_since_last_session,-0.3434036672115326,Recent session logged 0 days ago (pulled churn risk DOWN by -0.34)
3149,0,0.0002,0,sessions_recent_14d,-4.488646030426025,High recent activity with 14 sessions in last 14d (pulled churn risk DOWN by -4.49),total_events_60d,-0.597905695438385,"High overall engagement depth (212 total events, pulled churn risk DOWN by -0.60)",days_since_last_session,-0.5065957903862,Recent session logged 0 days ago (pulled churn risk DOWN by -0.51)
2167,0,0.0755,0,support_ticket_count,-0.9378415942192078,Low support friction with 0 tickets (pulled churn risk DOWN by -0.94),sessions_recent_14d,0.6615811586380005,Recent 14-day activity dropped to 1 sessions (pushed churn risk UP by +0.66),total_events_60d,0.15740011632442474,"Low overall engagement depth (94 total events, pushed churn risk UP by +0.16)"
2744,0,0.0004,0,sessions_recent_14d,-4.854559421539307,High recent activity with 12 sessions in last 14d (pulled churn risk DOWN by -4.85),days_since_last_session,-0.5536864995956421,Recent session logged 0 days ago (pulled churn risk DOWN by -0.55),core_feature_usage_count,-0.3710136413574219,"Strong adoption of core features (65 events, pulled churn risk DOWN by -0.37)"
2485,0,0.0007,0,sessions_recent_14d,-4.174540042877197,High recent activity with 13 sessions in last 14d (pulled churn risk DOWN by -4.17),days_since_last_session,-0.5043753981590271,Recent session logged 0 days ago (pulled churn risk DOWN by -0.50),support_ticket_count,-0.3602830171585083,Low support friction with 0 tickets (pulled churn risk DOWN by -0.36)
1474,1,0.6151,1,sessions_recent_14d,1.0964064598083496,Recent 14-day activity dropped to 0 sessions (pushed churn risk UP by +1.10),support_ticket_count,0.6545263528823853,Filed 2 support tickets in 60d (pushed churn risk UP by +0.65),days_since_last_session,0.5376719236373901,Inactive for 20 consecutive days (pushed churn risk UP by +0.54)
2154,0,0.0808,0,support_ticket_count,-0.7797888517379761,Low support friction with 0 tickets (pulled churn risk DOWN by -0.78),sessions_recent_14d,0.7537648677825928,Recent 14-day activity dropped to 2 sessions (pushed churn risk UP by +0.75),avg_session_gap_days,-0.16570517420768738,Frequent logins with average gap of 2.2 days (pulled churn risk DOWN by -0.17)
3074,0,0.0004,0,sessions_recent_14d,-4.285168170928955,High recent activity with 13 sessions in last 14d (pulled churn risk DOWN by -4.29),days_since_last_session,-0.40742501616477966,Recent session logged 0 days ago (pulled churn risk DOWN by -0.41),total_events_60d,-0.3781749904155731,"High overall engagement depth (215 total events, pulled churn risk DOWN by -0.38)"
2321,0,0.0006,0,sessions_recent_14d,-4.288772106170654,High recent activity with 8 sessions in last 14d (pulled churn risk DOWN by -4.29),total_events_60d,-0.5539074540138245,"High overall engagement depth (201 total events, pulled churn risk DOWN by -0.55)",days_since_last_session,-0.49868273735046387,Recent session logged 0 days ago (pulled churn risk DOWN by -0.50)
3509,0,0.0003,0,sessions_recent_14d,-4.3892388343811035,High recent activity with 13 sessions in last 14d (pulled churn risk DOWN by -4.39),days_since_last_session,-0.5445727705955505,Recent session logged 0 days ago (pulled churn risk DOWN by -0.54),total_events_60d,-0.39716485142707825,"High overall engagement depth (213 total events, pulled churn risk DOWN by -0.40)"
3507,0,0.2133,0,sessions_recent_14d,1.086812973022461,Recent 14-day activity dropped to 2 sessions (pushed churn risk UP by +1.09),days_since_last_session,-0.4258684813976288,Recent session logged 6 days ago (pulled churn risk DOWN by -0.43),support_ticket_count,0.3626798391342163,Filed 1 support tickets in 60d (pushed churn risk UP by +0.36)
1022,0,0.6933,1,sessions_recent_14d,1.0852338075637817,Recent 14-day activity dropped to 0 sessions (pushed churn risk UP by +1.09),days_since_last_session,0.6061442494392395,Inactive for 18 consecutive days (pushed churn risk UP by +0.61),total_events_60d,0.4151380658149719,"Low overall engagement depth (140 total events, pushed churn risk UP by +0.42)"
1281,0,0.0002,0,sessions_recent_14d,-4.1816534996032715,High recent activity with 10 sessions in last 14d (pulled churn risk DOWN by -4.18),total_events_60d,-0.5932604670524597,"High overall engagement depth (227 total events, pulled churn risk DOWN by -0.59)",days_since_last_session,-0.48635420203208923,Recent session logged 0 days ago (pulled churn risk DOWN by -0.49)
1481,0,0.0951,0,support_ticket_count,-1.1135963201522827,Low support friction with 0 tickets (pulled churn risk DOWN by -1.11),sessions_recent_14d,0.6502922177314758,Recent 14-day activity dropped to 2 sessions (pushed churn risk UP by +0.65),days_since_last_session,0.310456246137619,Inactive for 11 consecutive days (pushed churn risk UP by +0.31)
2869,0,0.0059,0,sessions_recent_14d,-1.7330094575881958,High recent activity with 6 sessions in last 14d (pulled churn risk DOWN by -1.73),days_since_last_session,-0.39686495065689087,Recent session logged 0 days ago (pulled churn risk DOWN by -0.40),support_ticket_count,-0.3802817761898041,Low support friction with 0 tickets (pulled churn risk DOWN by -0.38)
2380,0,0.0003,0,sessions_recent_14d,-4.144332408905029,High recent activity with 12 sessions in last 14d (pulled churn risk DOWN by -4.14),days_since_last_session,-0.4730716943740845,Recent session logged 0 days ago (pulled churn risk DOWN by -0.47),support_ticket_count,-0.40437445044517517,Low support friction with 0 tickets (pulled churn risk DOWN by -0.40)
2282,0,0.0002,0,sessions_recent_14d,-4.153741359710693,High recent activity with 11 sessions in last 14d (pulled churn risk DOWN by -4.15),total_events_60d,-0.6019508242607117,"High overall engagement depth (226 total events, pulled churn risk DOWN by -0.60)",days_since_last_session,-0.5112234950065613,Recent session logged 0 days ago (pulled churn risk DOWN by -0.51)
3389,0,0.0002,0,sessions_recent_14d,-4.217048645019531,High recent activity with 9 sessions in last 14d (pulled churn risk DOWN by -4.22),days_since_last_session,-0.49122685194015503,Recent session logged 0 days ago (pulled churn risk DOWN by -0.49),core_feature_usage_count,-0.4749101400375366,"Strong adoption of core features (55 events, pulled churn risk DOWN by -0.47)"
1407,1,0.8012,1,sessions_recent_14d,1.1660076379776,Recent 14-day activity dropped to 2 sessions (pushed churn risk UP by +1.17),sessions_previous_14d,0.5484570264816284,sessions_previous_14d = 12.0 (pushed churn risk UP (+) by +0.55),total_events_60d,0.5366861820220947,"Low overall engagement depth (139 total events, pushed churn risk UP by +0.54)"
1928,0,0.0002,0,sessions_recent_14d,-4.086241722106934,High recent activity with 14 sessions in last 14d (pulled churn risk DOWN by -4.09),total_events_60d,-0.5893487930297852,"High overall engagement depth (213 total events, pulled churn risk DOWN by -0.59)",days_since_last_session,-0.49708476662635803,Recent session logged 0 days ago (pulled churn risk DOWN by -0.50)
1433,0,0.0071,0,sessions_recent_14d,-1.4117345809936523,High recent activity with 6 sessions in last 14d (pulled churn risk DOWN by -1.41),support_ticket_count,-0.4078700542449951,Low support friction with 0 tickets (pulled churn risk DOWN by -0.41),avg_session_duration_minutes,-0.2467811554670334,avg_session_duration_minutes = 28.15 (pushed churn risk DOWN (-) by -0.25)
2859,0,0.0003,0,sessions_recent_14d,-4.552867889404297,High recent activity with 11 sessions in last 14d (pulled churn risk DOWN by -4.55),days_since_last_session,-0.5622622966766357,Recent session logged 0 days ago (pulled churn risk DOWN by -0.56),total_events_60d,-0.35849082469940186,"High overall engagement depth (250 total events, pulled churn risk DOWN by -0.36)"
2942,0,0.0004,0,sessions_recent_14d,-4.210721969604492,High recent activity with 9 sessions in last 14d (pulled churn risk DOWN by -4.21),core_feature_usage_count,-0.40456628799438477,"Strong adoption of core features (57 events, pulled churn risk DOWN by -0.40)",days_since_last_session,-0.36771854758262634,Recent session logged 0 days ago (pulled churn risk DOWN by -0.37)
1998,0,0.3994,0,sessions_recent_14d,1.1157724857330322,Recent 14-day activity dropped to 2 sessions (pushed churn risk UP by +1.12),unresolved_tickets,0.4548640251159668,Has 1 unresolved support tickets (pushed churn risk UP by +0.45),days_since_last_session,-0.43449029326438904,Recent session logged 0 days ago (pulled churn risk DOWN by -0.43)
3788,0,0.0005,0,sessions_recent_14d,-4.413853168487549,High recent activity with 10 sessions in last 14d (pulled churn risk DOWN by -4.41),total_events_60d,-0.47342196106910706,"High overall engagement depth (188 total events, pulled churn risk DOWN by -0.47)",support_ticket_count,-0.35462847352027893,Low support friction with 0 tickets (pulled churn risk DOWN by -0.35)
1139,0,0.0486,0,support_ticket_count,-1.1327660083770752,Low support friction with 0 tickets (pulled churn risk DOWN by -1.13),sessions_recent_14d,0.7245484590530396,Recent 14-day activity dropped to 2 sessions (pushed churn risk UP by +0.72),avg_session_gap_days,-0.27932024002075195,Frequent logins with average gap of 2.4 days (pulled churn risk DOWN by -0.28)
1456,0,0.0004,0,sessions_recent_14d,-4.201128959655762,High recent activity with 9 sessions in last 14d (pulled churn risk DOWN by -4.20),total_events_60d,-0.5952620506286621,"High overall engagement depth (195 total events, pulled churn risk DOWN by -0.60)",days_since_last_session,-0.47626253962516785,Recent session logged 0 days ago (pulled churn risk DOWN by -0.48)
1642,0,0.0004,0,sessions_recent_14d,-4.383713245391846,High recent activity with 13 sessions in last 14d (pulled churn risk DOWN by -4.38),days_since_last_session,-0.5333623290061951,Recent session logged 0 days ago (pulled churn risk DOWN by -0.53),total_events_60d,-0.3620580732822418,"High overall engagement depth (243 total events, pulled churn risk DOWN by -0.36)"
1873,0,0.0003,0,sessions_recent_14d,-4.553016662597656,High recent activity with 10 sessions in last 14d (pulled churn risk DOWN by -4.55),total_events_60d,-0.6097185611724854,"High overall engagement depth (227 total events, pulled churn risk DOWN by -0.61)",support_ticket_count,-0.33560633659362793,Low support friction with 0 tickets (pulled churn risk DOWN by -0.34)
2646,0,0.4475,0,sessions_recent_14d,1.007845163345337,Recent 14-day activity dropped to 0 sessions (pushed churn risk UP by +1.01),days_since_last_session,0.9313130974769592,Inactive for 23 consecutive days (pushed churn risk UP by +0.93),avg_session_gap_days,0.6464545130729675,High average session gap of 1.4 days (pushed churn risk UP by +0.65)
1601,0,0.0004,0,sessions_recent_14d,-4.752636909484863,High recent activity with 8 sessions in last 14d (pulled churn risk DOWN by -4.75),days_since_last_session,-0.5310052633285522,Recent session logged 0 days ago (pulled churn risk DOWN by -0.53),total_events_60d,-0.3541715145111084,"High overall engagement depth (239 total events, pulled churn risk DOWN by -0.35)"
3168,0,0.0002,0,sessions_recent_14d,-4.146909713745117,High recent activity with 13 sessions in last 14d (pulled churn risk DOWN by -4.15),core_feature_usage_count,-0.5000512003898621,"Strong adoption of core features (55 events, pulled churn risk DOWN by -0.50)",days_since_last_session,-0.4858323633670807,Recent session logged 0 days ago (pulled churn risk DOWN by -0.49)
1150,0,0.0005,0,sessions_recent_14d,-4.448657989501953,High recent activity with 9 sessions in last 14d (pulled churn risk DOWN by -4.45),total_events_60d,-0.4280816912651062,"High overall engagement depth (237 total events, pulled churn risk DOWN by -0.43)",support_ticket_count,-0.34872913360595703,Low support friction with 0 tickets (pulled churn risk DOWN by -0.35)
2314,0,0.0237,0,support_ticket_count,-0.9569321274757385,Low support friction with 0 tickets (pulled churn risk DOWN by -0.96),sessions_recent_14d,0.5996600389480591,Recent 14-day activity dropped to 2 sessions (pushed churn risk UP by +0.60),days_since_last_session,-0.3512248396873474,Recent session logged 6 days ago (pulled churn risk DOWN by -0.35)
1629,0,0.0005,0,sessions_recent_14d,-4.168967247009277,High recent activity with 11 sessions in last 14d (pulled churn risk DOWN by -4.17),days_since_last_session,-0.37208816409111023,Recent session logged 0 days ago (pulled churn risk DOWN by -0.37),support_ticket_count,-0.3255324065685272,Low support friction with 0 tickets (pulled churn risk DOWN by -0.33)
1844,0,0.0004,0,sessions_recent_14d,-4.184145450592041,High recent activity with 14 sessions in last 14d (pulled churn risk DOWN by -4.18),support_ticket_count,-0.3930811285972595,Low support friction with 0 tickets (pulled churn risk DOWN by -0.39),total_events_60d,-0.38211891055107117,"High overall engagement depth (183 total events, pulled churn risk DOWN by -0.38)"
3570,0,0.6007,1,sessions_recent_14d,1.0913447141647339,Recent 14-day activity dropped to 0 sessions (pushed churn risk UP by +1.09),days_since_last_session,0.8785213232040405,Inactive for 21 consecutive days (pushed churn risk UP by +0.88),support_ticket_count,0.30732759833335876,Filed 1 support tickets in 60d (pushed churn risk UP by +0.31)
1583,0,0.0677,0,support_ticket_count,-0.42692863941192627,Low support friction with 0 tickets (pulled churn risk DOWN by -0.43),session_drop_pct,-0.24524757266044617,"Stable/increasing activity trend (25.0% drop, pulled churn risk DOWN by -0.25)",days_since_last_session,0.16295859217643738,Inactive for 1 consecutive days (pushed churn risk UP by +0.16)
3227,0,0.0295,0,support_ticket_count,-0.46934622526168823,Low support friction with 0 tickets (pulled churn risk DOWN by -0.47),sessions_recent_14d,-0.45575371384620667,High recent activity with 5 sessions in last 14d (pulled churn risk DOWN by -0.46),days_since_last_session,-0.1957782655954361,Recent session logged 8 days ago (pulled churn risk DOWN by -0.20)
3517,0,0.0311,0,sessions_recent_14d,-1.2892570495605469,High recent activity with 6 sessions in last 14d (pulled churn risk DOWN by -1.29),support_ticket_count,-0.398372083902359,Low support friction with 0 tickets (pulled churn risk DOWN by -0.40),sessions_previous_14d,-0.18789714574813843,sessions_previous_14d = 6.0 (pushed churn risk DOWN (-) by -0.19)
3499,0,0.0002,0,sessions_recent_14d,-4.1954665184021,High recent activity with 10 sessions in last 14d (pulled churn risk DOWN by -4.20),days_since_last_session,-0.4927402436733246,Recent session logged 0 days ago (pulled churn risk DOWN by -0.49),total_events_60d,-0.47955530881881714,"High overall engagement depth (231 total events, pulled churn risk DOWN by -0.48)"
2788,0,0.002,0,sessions_recent_14d,-4.092125415802002,High recent activity with 10 sessions in last 14d (pulled churn risk DOWN by -4.09),total_spend_60d,0.5349640250205994,total_spend_60d = 647.0 (pushed churn risk UP (+) by +0.53),total_events_60d,-0.3650377094745636,"High overall engagement depth (184 total events, pulled churn risk DOWN by -0.37)"
3469,0,0.0846,0,support_ticket_count,-0.3713238835334778,Low support friction with 0 tickets (pulled churn risk DOWN by -0.37),sessions_recent_14d,-0.19677148759365082,High recent activity with 5 sessions in last 14d (pulled churn risk DOWN by -0.20),total_events_60d,0.11025175452232361,"Low overall engagement depth (100 total events, pushed churn risk UP by +0.11)"
3076,0,0.0006,0,sessions_recent_14d,-4.417425155639648,High recent activity with 11 sessions in last 14d (pulled churn risk DOWN by -4.42),support_ticket_count,-0.3443102538585663,Low support friction with 0 tickets (pulled churn risk DOWN by -0.34),total_events_60d,-0.3113563656806946,"High overall engagement depth (210 total events, pulled churn risk DOWN by -0.31)"
2945,0,0.0009,0,sessions_recent_14d,-4.695991039276123,High recent activity with 13 sessions in last 14d (pulled churn risk DOWN by -4.70),days_since_last_session,-0.4473004937171936,Recent session logged 0 days ago (pulled churn risk DOWN by -0.45),avg_session_duration_minutes,0.32228535413742065,avg_session_duration_minutes = 20.52 (pushed churn risk UP (+) by +0.32)
3866,0,0.0006,0,sessions_recent_14d,-4.477022647857666,High recent activity with 10 sessions in last 14d (pulled churn risk DOWN by -4.48),support_ticket_count,-0.35994067788124084,Low support friction with 0 tickets (pulled churn risk DOWN by -0.36),days_since_last_session,-0.34589672088623047,Recent session logged 0 days ago (pulled churn risk DOWN by -0.35)
1104,0,0.0427,0,support_ticket_count,-0.4852197766304016,Low support friction with 0 tickets (pulled churn risk DOWN by -0.49),avg_session_duration_minutes,-0.31579330563545227,avg_session_duration_minutes = 27.67 (pushed churn risk DOWN (-) by -0.32),total_spend_60d,-0.12823383510112762,total_spend_60d = 58.0 (pushed churn risk DOWN (-) by -0.13)
3056,0,0.0432,0,sessions_recent_14d,-1.607053518295288,High recent activity with 6 sessions in last 14d (pulled churn risk DOWN by -1.61),sessions_previous_14d,0.5739904046058655,sessions_previous_14d = 3.0 (pushed churn risk UP (+) by +0.57),days_since_last_session,-0.1554427295923233,Recent session logged 1 days ago (pulled churn risk DOWN by -0.16)
2540,0,0.4525,0,sessions_recent_14d,1.0116314888000488,Recent 14-day activity dropped to 2 sessions (pushed churn risk UP by +1.01),support_ticket_count,0.7125148177146912,Filed 2 support tickets in 60d (pushed churn risk UP by +0.71),days_since_last_session,0.5839418768882751,Inactive for 13 consecutive days (pushed churn risk UP by +0.58)
3036,0,0.0164,0,avg_session_gap_days,-1.104966163635254,Frequent logins with average gap of 2.8 days (pulled churn risk DOWN by -1.10),support_ticket_count,-0.5723109245300293,Low support friction with 0 tickets (pulled churn risk DOWN by -0.57),core_feature_usage_count,0.4040970504283905,"Low adoption of core features (20 events, pushed churn risk UP by +0.40)"
2214,1,0.6429,1,sessions_recent_14d,1.0953927040100098,Recent 14-day activity dropped to 0 sessions (pushed churn risk UP by +1.10),days_since_last_session,0.8155916333198547,Inactive for 23 consecutive days (pushed churn risk UP by +0.82),support_ticket_count,0.4436340630054474,Filed 1 support tickets in 60d (pushed churn risk UP by +0.44)
3399,0,0.0311,0,support_ticket_count,-0.7938291430473328,Low support friction with 0 tickets (pulled churn risk DOWN by -0.79),sessions_recent_14d,0.6538786292076111,Recent 14-day activity dropped to 1 sessions (pushed churn risk UP by +0.65),core_feature_usage_count,-0.48933473229408264,"Strong adoption of core features (18 events, pulled churn risk DOWN by -0.49)"
3956,1,0.4616,0,sessions_recent_14d,1.0155242681503296,Recent 14-day activity dropped to 1 sessions (pushed churn risk UP by +1.02),unresolved_tickets,0.6226332783699036,Has 1 unresolved support tickets (pushed churn risk UP by +0.62),support_ticket_count,0.34969794750213623,Filed 1 support tickets in 60d (pushed churn risk UP by +0.35)
2752,0,0.0002,0,sessions_recent_14d,-4.163609981536865,High recent activity with 14 sessions in last 14d (pulled churn risk DOWN by -4.16),total_events_60d,-0.5721744894981384,"High overall engagement depth (245 total events, pulled churn risk DOWN by -0.57)",days_since_last_session,-0.5007438063621521,Recent session logged 0 days ago (pulled churn risk DOWN by -0.50)
1588,1,0.1467,0,support_ticket_count,-0.5029383897781372,Low support friction with 0 tickets (pulled churn risk DOWN by -0.50),session_drop_pct,0.49397093057632446,Session volume dropped by 57.1% in final 14d (pushed churn risk UP by +0.49),days_since_last_session,-0.44957029819488525,Recent session logged 0 days ago (pulled churn risk DOWN by -0.45)
3740,0,0.0002,0,sessions_recent_14d,-4.163328647613525,High recent activity with 12 sessions in last 14d (pulled churn risk DOWN by -4.16),total_events_60d,-0.5752014517784119,"High overall engagement depth (201 total events, pulled churn risk DOWN by -0.58)",days_since_last_session,-0.4726558029651642,Recent session logged 0 days ago (pulled churn risk DOWN by -0.47)
3087,1,0.0403,0,support_ticket_count,-0.42645612359046936,Low support friction with 0 tickets (pulled churn risk DOWN by -0.43),session_drop_pct,-0.1930452585220337,"Stable/increasing activity trend (-33.3% drop, pulled churn risk DOWN by -0.19)",days_since_last_session,-0.1568860560655594,Recent session logged 3 days ago (pulled churn risk DOWN by -0.16)
2696,0,0.3068,0,sessions_recent_14d,1.1353511810302734,Recent 14-day activity dropped to 1 sessions (pushed churn risk UP by +1.14),avg_session_gap_days,-0.8950842618942261,Frequent logins with average gap of 3.0 days (pulled churn risk DOWN by -0.90),unresolved_tickets,0.49658289551734924,Has 1 unresolved support tickets (pushed churn risk UP by +0.50)
1648,0,0.0002,0,sessions_recent_14d,-4.012209415435791,High recent activity with 8 sessions in last 14d (pulled churn risk DOWN by -4.01),core_feature_usage_count,-0.6588977575302124,"Strong adoption of core features (46 events, pulled churn risk DOWN by -0.66)",support_ticket_count,-0.49661490321159363,Low support friction with 0 tickets (pulled churn risk DOWN by -0.50)
2250,0,0.0006,0,sessions_recent_14d,-4.081904888153076,High recent activity with 11 sessions in last 14d (pulled churn risk DOWN by -4.08),days_since_last_session,-0.4218780994415283,Recent session logged 0 days ago (pulled churn risk DOWN by -0.42),support_ticket_count,-0.3384891152381897,Low support friction with 0 tickets (pulled churn risk DOWN by -0.34)
3432,0,0.0002,0,sessions_recent_14d,-4.178037166595459,High recent activity with 8 sessions in last 14d (pulled churn risk DOWN by -4.18),total_events_60d,-0.6135607361793518,"High overall engagement depth (210 total events, pulled churn risk DOWN by -0.61)",days_since_last_session,-0.5074739456176758,Recent session logged 0 days ago (pulled churn risk DOWN by -0.51)
2822,0,0.0021,0,sessions_recent_14d,-2.329183578491211,High recent activity with 7 sessions in last 14d (pulled churn risk DOWN by -2.33),days_since_last_session,-0.5310801267623901,Recent session logged 0 days ago (pulled churn risk DOWN by -0.53),support_ticket_count,-0.4320027530193329,Low support friction with 0 tickets (pulled churn risk DOWN by -0.43)
1233,0,0.0003,0,sessions_recent_14d,-4.420116901397705,High recent activity with 8 sessions in last 14d (pulled churn risk DOWN by -4.42),days_since_last_session,-0.5491691827774048,Recent session logged 0 days ago (pulled churn risk DOWN by -0.55),core_feature_usage_count,-0.5015040040016174,"Strong adoption of core features (51 events, pulled churn risk DOWN by -0.50)"
3678,0,0.0048,0,sessions_recent_14d,-3.2649829387664795,High recent activity with 12 sessions in last 14d (pulled churn risk DOWN by -3.26),sessions_previous_14d,0.848595142364502,sessions_previous_14d = 2.0 (pushed churn risk UP (+) by +0.85),days_since_last_session,-0.4422556757926941,Recent session logged 0 days ago (pulled churn risk DOWN by -0.44)
2933,0,0.0006,0,sessions_recent_14d,-5.187561511993408,High recent activity with 10 sessions in last 14d (pulled churn risk DOWN by -5.19),core_feature_usage_count,-0.530205488204956,"Strong adoption of core features (49 events, pulled churn risk DOWN by -0.53)",unresolved_tickets,0.3860640823841095,Has 1 unresolved support tickets (pushed churn risk UP by +0.39)
1894,0,0.0412,0,support_ticket_count,-0.7006651759147644,Low support friction with 0 tickets (pulled churn risk DOWN by -0.70),days_since_last_session,-0.20503176748752594,Recent session logged 6 days ago (pulled churn risk DOWN by -0.21),avg_session_duration_minutes,-0.2020103484392166,avg_session_duration_minutes = 25.75 (pushed churn risk DOWN (-) by -0.20)
1909,0,0.1172,0,avg_session_gap_days,0.8265097141265869,High average session gap of 2.5 days (pushed churn risk UP by +0.83),support_ticket_count,-0.497661292552948,Low support friction with 0 tickets (pulled churn risk DOWN by -0.50),session_drop_pct,-0.3236345946788788,"Stable/increasing activity trend (0.0% drop, pulled churn risk DOWN by -0.32)"
1451,0,0.0008,0,sessions_recent_14d,-4.440618991851807,High recent activity with 11 sessions in last 14d (pulled churn risk DOWN by -4.44),support_ticket_count,-0.3311380445957184,Low support friction with 0 tickets (pulled churn risk DOWN by -0.33),avg_session_gap_days,0.27387678623199463,High average session gap of 1.4 days (pushed churn risk UP by +0.27)
1058,0,0.598,1,sessions_recent_14d,1.0633573532104492,Recent 14-day activity dropped to 0 sessions (pushed churn risk UP by +1.06),days_since_last_session,0.7108647227287292,Inactive for 24 consecutive days (pushed churn risk UP by +0.71),avg_session_duration_minutes,-0.4035601019859314,avg_session_duration_minutes = 22.68 (pushed churn risk DOWN (-) by -0.40)
3315,0,0.0705,0,support_ticket_count,-0.7616515755653381,Low support friction with 0 tickets (pulled churn risk DOWN by -0.76),sessions_recent_14d,0.7120485901832581,Recent 14-day activity dropped to 2 sessions (pushed churn risk UP by +0.71),days_since_last_session,-0.40905308723449707,Recent session logged 0 days ago (pulled churn risk DOWN by -0.41)
3548,0,0.0002,0,sessions_recent_14d,-4.436479091644287,High recent activity with 14 sessions in last 14d (pulled churn risk DOWN by -4.44),total_events_60d,-0.6445034742355347,"High overall engagement depth (213 total events, pulled churn risk DOWN by -0.64)",support_ticket_count,-0.2812945246696472,Low support friction with 0 tickets (pulled churn risk DOWN by -0.28)
3914,0,0.0007,0,sessions_recent_14d,-4.402718544006348,High recent activity with 10 sessions in last 14d (pulled churn risk DOWN by -4.40),total_events_60d,-0.43509283661842346,"High overall engagement depth (215 total events, pulled churn risk DOWN by -0.44)",support_ticket_count,-0.3344879448413849,Low support friction with 0 tickets (pulled churn risk DOWN by -0.33)
2652,0,0.0004,0,sessions_recent_14d,-4.223934650421143,High recent activity with 15 sessions in last 14d (pulled churn risk DOWN by -4.22),days_since_last_session,-0.5002977848052979,Recent session logged 0 days ago (pulled churn risk DOWN by -0.50),support_ticket_count,-0.336479514837265,Low support friction with 0 tickets (pulled churn risk DOWN by -0.34)
3160,0,0.0496,0,support_ticket_count,-0.48124295473098755,Low support friction with 0 tickets (pulled churn risk DOWN by -0.48),days_since_last_session,-0.28051093220710754,Recent session logged 4 days ago (pulled churn risk DOWN by -0.28),avg_session_duration_minutes,0.1910868138074875,avg_session_duration_minutes = 25.34 (pushed churn risk UP (+) by +0.19)
2366,0,0.0003,0,sessions_recent_14d,-4.437175273895264,High recent activity with 11 sessions in last 14d (pulled churn risk DOWN by -4.44),total_events_60d,-0.6487281322479248,"High overall engagement depth (239 total events, pulled churn risk DOWN by -0.65)",support_ticket_count,-0.3268521726131439,Low support friction with 0 tickets (pulled churn risk DOWN by -0.33)
2812,0,0.8247,1,sessions_recent_14d,1.2231507301330566,Recent 14-day activity dropped to 0 sessions (pushed churn risk UP by +1.22),days_since_last_session,0.7530399560928345,Inactive for 18 consecutive days (pushed churn risk UP by +0.75),support_ticket_count,0.6168195009231567,Filed 2 support tickets in 60d (pushed churn risk UP by +0.62)
3587,0,0.0004,0,sessions_recent_14d,-4.327975273132324,High recent activity with 13 sessions in last 14d (pulled churn risk DOWN by -4.33),total_events_60d,-0.6133859753608704,"High overall engagement depth (247 total events, pulled churn risk DOWN by -0.61)",core_feature_usage_count,-0.30565035343170166,"Strong adoption of core features (60 events, pulled churn risk DOWN by -0.31)"
3542,0,0.0006,0,sessions_recent_14d,-4.399356365203857,High recent activity with 9 sessions in last 14d (pulled churn risk DOWN by -4.40),support_ticket_count,-0.3437243402004242,Low support friction with 0 tickets (pulled churn risk DOWN by -0.34),total_events_60d,-0.2675383388996124,"High overall engagement depth (187 total events, pulled churn risk DOWN by -0.27)"
1916,0,0.0929,0,support_ticket_count,-1.1182959079742432,Low support friction with 0 tickets (pulled churn risk DOWN by -1.12),sessions_recent_14d,0.6581952571868896,Recent 14-day activity dropped to 0 sessions (pushed churn risk UP by +0.66),total_events_60d,-0.6255183815956116,"High overall engagement depth (86 total events, pulled churn risk DOWN by -0.63)"
3809,0,0.0005,0,sessions_recent_14d,-4.565425395965576,High recent activity with 11 sessions in last 14d (pulled churn risk DOWN by -4.57),core_feature_usage_count,-0.4175399839878082,"Strong adoption of core features (62 events, pulled churn risk DOWN by -0.42)",total_events_60d,-0.3700498640537262,"High overall engagement depth (204 total events, pulled churn risk DOWN by -0.37)"
2092,0,0.0005,0,sessions_recent_14d,-4.215811729431152,High recent activity with 10 sessions in last 14d (pulled churn risk DOWN by -4.22),days_since_last_session,-0.5160875916481018,Recent session logged 0 days ago (pulled churn risk DOWN by -0.52),support_ticket_count,-0.33270639181137085,Low support friction with 0 tickets (pulled churn risk DOWN by -0.33)
3939,0,0.3617,0,sessions_recent_14d,0.9729856252670288,Recent 14-day activity dropped to 1 sessions (pushed churn risk UP by +0.97),support_ticket_count,0.7573323249816895,Filed 2 support tickets in 60d (pushed churn risk UP by +0.76),core_feature_usage_count,-0.5700324177742004,"Strong adoption of core features (17 events, pulled churn risk DOWN by -0.57)"
2647,0,0.0747,0,support_ticket_count,-0.9748772382736206,Low support friction with 0 tickets (pulled churn risk DOWN by -0.97),sessions_recent_14d,0.6891356706619263,Recent 14-day activity dropped to 1 sessions (pushed churn risk UP by +0.69),days_since_last_session,-0.31042584776878357,Recent session logged 8 days ago (pulled churn risk DOWN by -0.31)
1300,0,0.0398,0,sessions_recent_14d,-0.5978956818580627,High recent activity with 5 sessions in last 14d (pulled churn risk DOWN by -0.60),support_ticket_count,-0.4226420819759369,Low support friction with 0 tickets (pulled churn risk DOWN by -0.42),days_since_last_session,0.09947257488965988,Inactive for 1 consecutive days (pushed churn risk UP by +0.10)
3737,0,0.0652,0,support_ticket_count,-0.9320453405380249,Low support friction with 0 tickets (pulled churn risk DOWN by -0.93),sessions_recent_14d,0.6166999936103821,Recent 14-day activity dropped to 2 sessions (pushed churn risk UP by +0.62),days_since_last_session,0.30039122700691223,Inactive for 11 consecutive days (pushed churn risk UP by +0.30)
2760,0,0.0007,0,sessions_recent_14d,-4.258754730224609,High recent activity with 10 sessions in last 14d (pulled churn risk DOWN by -4.26),days_since_last_session,-0.45441189408302307,Recent session logged 0 days ago (pulled churn risk DOWN by -0.45),avg_session_duration_minutes,0.4052427113056183,avg_session_duration_minutes = 21.06 (pushed churn risk UP (+) by +0.41)
1906,0,0.0588,0,support_ticket_count,-1.0308436155319214,Low support friction with 0 tickets (pulled churn risk DOWN by -1.03),sessions_recent_14d,0.7303279042243958,Recent 14-day activity dropped to 2 sessions (pushed churn risk UP by +0.73),days_since_last_session,-0.35000520944595337,Recent session logged 8 days ago (pulled churn risk DOWN by -0.35)
2093,0,0.4957,0,sessions_recent_14d,1.0844268798828125,Recent 14-day activity dropped to 1 sessions (pushed churn risk UP by +1.08),sessions_previous_14d,0.4930724501609802,sessions_previous_14d = 0.0 (pushed churn risk UP (+) by +0.49),support_ticket_count,0.43253979086875916,Filed 1 support tickets in 60d (pushed churn risk UP by +0.43)
1854,0,0.0002,0,sessions_recent_14d,-4.167059421539307,High recent activity with 12 sessions in last 14d (pulled churn risk DOWN by -4.17),total_events_60d,-0.5919925570487976,"High overall engagement depth (223 total events, pulled churn risk DOWN by -0.59)",days_since_last_session,-0.4862763285636902,Recent session logged 0 days ago (pulled churn risk DOWN by -0.49)
3574,1,0.4876,0,sessions_recent_14d,1.113927960395813,Recent 14-day activity dropped to 0 sessions (pushed churn risk UP by +1.11),support_ticket_count,0.30435678362846375,Filed 1 support tickets in 60d (pushed churn risk UP by +0.30),days_since_last_session,0.24156445264816284,Inactive for 14 consecutive days (pushed churn risk UP by +0.24)
3716,0,0.0005,0,sessions_recent_14d,-4.712794303894043,High recent activity with 13 sessions in last 14d (pulled churn risk DOWN by -4.71),total_events_60d,-0.39501139521598816,"High overall engagement depth (248 total events, pulled churn risk DOWN by -0.40)",support_ticket_count,-0.3424435257911682,Low support friction with 0 tickets (pulled churn risk DOWN by -0.34)
1174,0,0.0005,0,sessions_recent_14d,-4.312148094177246,High recent activity with 8 sessions in last 14d (pulled churn risk DOWN by -4.31),days_since_last_session,-0.47782281041145325,Recent session logged 0 days ago (pulled churn risk DOWN by -0.48),total_events_60d,-0.45208099484443665,"High overall engagement depth (195 total events, pulled churn risk DOWN by -0.45)"
3152,0,0.0824,0,support_ticket_count,-0.5003820657730103,Low support friction with 0 tickets (pulled churn risk DOWN by -0.50),days_since_last_session,-0.25211870670318604,Recent session logged 8 days ago (pulled churn risk DOWN by -0.25),total_events_60d,0.21945364773273468,"Low overall engagement depth (135 total events, pushed churn risk UP by +0.22)"
1334,0,0.0002,0,sessions_recent_14d,-4.461022853851318,High recent activity with 10 sessions in last 14d (pulled churn risk DOWN by -4.46),total_events_60d,-0.5681459903717041,"High overall engagement depth (225 total events, pulled churn risk DOWN by -0.57)",days_since_last_session,-0.5024563670158386,Recent session logged 0 days ago (pulled churn risk DOWN by -0.50)
2113,0,0.0003,0,sessions_recent_14d,-4.446413993835449,High recent activity with 14 sessions in last 14d (pulled churn risk DOWN by -4.45),days_since_last_session,-0.5623401403427124,Recent session logged 0 days ago (pulled churn risk DOWN by -0.56),total_events_60d,-0.3597138822078705,"High overall engagement depth (235 total events, pulled churn risk DOWN by -0.36)"
1527,0,0.0957,0,avg_session_gap_days,-0.5826266407966614,Frequent logins with average gap of 3.4 days (pulled churn risk DOWN by -0.58),sessions_previous_14d,0.4965473711490631,sessions_previous_14d = 1.0 (pushed churn risk UP (+) by +0.50),sessions_recent_14d,-0.35277819633483887,High recent activity with 3 sessions in last 14d (pulled churn risk DOWN by -0.35)
1794,0,0.0004,0,sessions_recent_14d,-4.440918922424316,High recent activity with 9 sessions in last 14d (pulled churn risk DOWN by -4.44),days_since_last_session,-0.5436179041862488,Recent session logged 0 days ago (pulled churn risk DOWN by -0.54),total_events_60d,-0.3648468852043152,"High overall engagement depth (225 total events, pulled churn risk DOWN by -0.36)"
3980,0,0.0337,0,support_ticket_count,-0.4927767515182495,Low support friction with 0 tickets (pulled churn risk DOWN by -0.49),sessions_recent_14d,-0.4039231538772583,High recent activity with 5 sessions in last 14d (pulled churn risk DOWN by -0.40),core_feature_usage_count,-0.2309223711490631,"Strong adoption of core features (35 events, pulled churn risk DOWN by -0.23)"
1324,0,0.056,0,support_ticket_count,-0.5403202176094055,Low support friction with 0 tickets (pulled churn risk DOWN by -0.54),days_since_last_session,-0.24573948979377747,Recent session logged 7 days ago (pulled churn risk DOWN by -0.25),avg_session_duration_minutes,0.12887251377105713,avg_session_duration_minutes = 23.72 (pushed churn risk UP (+) by +0.13)
1638,0,0.0005,0,sessions_recent_14d,-4.300575256347656,High recent activity with 12 sessions in last 14d (pulled churn risk DOWN by -4.30),total_events_60d,-0.32201653718948364,"High overall engagement depth (203 total events, pulled churn risk DOWN by -0.32)",support_ticket_count,-0.31297746300697327,Low support friction with 0 tickets (pulled churn risk DOWN by -0.31)
2352,0,0.0004,0,sessions_recent_14d,-4.460251808166504,High recent activity with 13 sessions in last 14d (pulled churn risk DOWN by -4.46),total_events_60d,-0.4217255413532257,"High overall engagement depth (233 total events, pulled churn risk DOWN by -0.42)",core_feature_usage_count,-0.3213672637939453,"Strong adoption of core features (56 events, pulled churn risk DOWN by -0.32)"
3816,0,0.0211,0,support_ticket_count,-1.034960389137268,Low support friction with 0 tickets (pulled churn risk DOWN by -1.03),avg_session_gap_days,-1.0113142728805542,Frequent logins with average gap of 2.8 days (pulled churn risk DOWN by -1.01),sessions_recent_14d,0.5981402397155762,Recent 14-day activity dropped to 1 sessions (pushed churn risk UP by +0.60)
2279,0,0.0004,0,sessions_recent_14d,-4.148669719696045,High recent activity with 14 sessions in last 14d (pulled churn risk DOWN by -4.15),days_since_last_session,-0.44964760541915894,Recent session logged 0 days ago (pulled churn risk DOWN by -0.45),total_events_60d,-0.4225294589996338,"High overall engagement depth (184 total events, pulled churn risk DOWN by -0.42)"
3664,0,0.0001,0,sessions_recent_14d,-4.224088191986084,High recent activity with 12 sessions in last 14d (pulled churn risk DOWN by -4.22),total_events_60d,-0.5685505270957947,"High overall engagement depth (230 total events, pulled churn risk DOWN by -0.57)",avg_session_duration_minutes,-0.5574816465377808,avg_session_duration_minutes = 27.58 (pushed churn risk DOWN (-) by -0.56)
1463,0,0.0003,0,sessions_recent_14d,-4.36802339553833,High recent activity with 9 sessions in last 14d (pulled churn risk DOWN by -4.37),total_events_60d,-0.48418331146240234,"High overall engagement depth (208 total events, pulled churn risk DOWN by -0.48)",core_feature_usage_count,-0.38871288299560547,"Strong adoption of core features (52 events, pulled churn risk DOWN by -0.39)"
1195,0,0.0598,0,support_ticket_count,-0.5048379898071289,Low support friction with 0 tickets (pulled churn risk DOWN by -0.50),days_since_last_session,-0.25791651010513306,Recent session logged 8 days ago (pulled churn risk DOWN by -0.26),avg_session_duration_minutes,0.22661906480789185,avg_session_duration_minutes = 22.21 (pushed churn risk UP (+) by +0.23)
3972,1,0.4271,0,sessions_recent_14d,0.937519907951355,Recent 14-day activity dropped to 1 sessions (pushed churn risk UP by +0.94),support_ticket_count,-0.680606484413147,Low support friction with 0 tickets (pulled churn risk DOWN by -0.68),avg_session_gap_days,0.47532662749290466,High average session gap of 1.4 days (pushed churn risk UP by +0.48)
3881,1,0.7013,1,sessions_recent_14d,1.2219352722167969,Recent 14-day activity dropped to 0 sessions (pushed churn risk UP by +1.22),core_feature_usage_count,0.4048256278038025,"Low adoption of core features (41 events, pushed churn risk UP by +0.40)",support_ticket_count,0.3703981637954712,Filed 1 support tickets in 60d (pushed churn risk UP by +0.37)
2922,0,0.0003,0,sessions_recent_14d,-4.177922248840332,High recent activity with 11 sessions in last 14d (pulled churn risk DOWN by -4.18),days_since_last_session,-0.49394306540489197,Recent session logged 0 days ago (pulled churn risk DOWN by -0.49),total_events_60d,-0.4813553988933563,"High overall engagement depth (186 total events, pulled churn risk DOWN by -0.48)"
3878,0,0.0006,0,sessions_recent_14d,-4.20058012008667,High recent activity with 13 sessions in last 14d (pulled churn risk DOWN by -4.20),days_since_last_session,-0.4588966965675354,Recent session logged 0 days ago (pulled churn risk DOWN by -0.46),total_events_60d,-0.38870635628700256,"High overall engagement depth (227 total events, pulled churn risk DOWN by -0.39)"
1729,0,0.1595,0,session_drop_pct,0.3904719650745392,Session volume dropped by 57.1% in final 14d (pushed churn risk UP by +0.39),total_events_60d,-0.2504871189594269,"High overall engagement depth (129 total events, pulled churn risk DOWN by -0.25)",days_since_last_session,-0.2245713323354721,Recent session logged 5 days ago (pulled churn risk DOWN by -0.22)
3155,0,0.0314,0,support_ticket_count,-0.5070742964744568,Low support friction with 0 tickets (pulled churn risk DOWN by -0.51),days_since_last_session,-0.32577913999557495,Recent session logged 4 days ago (pulled churn risk DOWN by -0.33),avg_session_gap_days,-0.14203384518623352,Frequent logins with average gap of 2.2 days (pulled churn risk DOWN by -0.14)
1408,0,0.0843,0,support_ticket_count,-0.933593213558197,Low support friction with 0 tickets (pulled churn risk DOWN by -0.93),sessions_recent_14d,0.6718182563781738,Recent 14-day activity dropped to 2 sessions (pushed churn risk UP by +0.67),days_since_last_session,-0.21455509960651398,Recent session logged 8 days ago (pulled churn risk DOWN by -0.21)
3097,0,0.0179,0,days_since_last_session,-0.625135064125061,Recent session logged 0 days ago (pulled churn risk DOWN by -0.63),sessions_recent_14d,-0.4322773516178131,High recent activity with 5 sessions in last 14d (pulled churn risk DOWN by -0.43),support_ticket_count,-0.40953388810157776,Low support friction with 0 tickets (pulled churn risk DOWN by -0.41)
1888,0,0.0002,0,sessions_recent_14d,-4.230289459228516,High recent activity with 13 sessions in last 14d (pulled churn risk DOWN by -4.23),total_events_60d,-0.6025136709213257,"High overall engagement depth (192 total events, pulled churn risk DOWN by -0.60)",core_feature_usage_count,-0.4988784193992615,"Strong adoption of core features (50 events, pulled churn risk DOWN by -0.50)"
1423,0,0.0002,0,sessions_recent_14d,-4.170820236206055,High recent activity with 13 sessions in last 14d (pulled churn risk DOWN by -4.17),total_events_60d,-0.6135411262512207,"High overall engagement depth (218 total events, pulled churn risk DOWN by -0.61)",days_since_last_session,-0.5039713382720947,Recent session logged 0 days ago (pulled churn risk DOWN by -0.50)
3724,0,0.0124,0,avg_session_gap_days,-0.9671780467033386,Frequent logins with average gap of 3.2 days (pulled churn risk DOWN by -0.97),support_ticket_count,-0.9249842166900635,Low support friction with 0 tickets (pulled churn risk DOWN by -0.92),sessions_recent_14d,0.6230847239494324,Recent 14-day activity dropped to 1 sessions (pushed churn risk UP by +0.62)
2304,0,0.0007,0,sessions_recent_14d,-4.358282089233398,High recent activity with 9 sessions in last 14d (pulled churn risk DOWN by -4.36),days_since_last_session,-0.4529346227645874,Recent session logged 0 days ago (pulled churn risk DOWN by -0.45),total_events_60d,-0.39607444405555725,"High overall engagement depth (238 total events, pulled churn risk DOWN by -0.40)"
1691,0,0.0006,0,sessions_recent_14d,-4.407607555389404,High recent activity with 11 sessions in last 14d (pulled churn risk DOWN by -4.41),avg_session_gap_days,0.4163855314254761,High average session gap of 1.1 days (pushed churn risk UP by +0.42),total_events_60d,-0.4080497920513153,"High overall engagement depth (213 total events, pulled churn risk DOWN by -0.41)"
3239,0,0.0002,0,sessions_recent_14d,-4.3634185791015625,High recent activity with 11 sessions in last 14d (pulled churn risk DOWN by -4.36),total_events_60d,-0.49159303307533264,"High overall engagement depth (220 total events, pulled churn risk DOWN by -0.49)",core_feature_usage_count,-0.3850594162940979,"Strong adoption of core features (49 events, pulled churn risk DOWN by -0.39)"
3858,0,0.0004,0,sessions_recent_14d,-4.946684837341309,High recent activity with 13 sessions in last 14d (pulled churn risk DOWN by -4.95),days_since_last_session,-0.5509511828422546,Recent session logged 0 days ago (pulled churn risk DOWN by -0.55),total_events_60d,-0.315993994474411,"High overall engagement depth (238 total events, pulled churn risk DOWN by -0.32)"
2790,0,0.0467,0,days_since_last_session,-0.7155898809432983,Recent session logged 0 days ago (pulled churn risk DOWN by -0.72),sessions_recent_14d,-0.5740494132041931,High recent activity with 5 sessions in last 14d (pulled churn risk DOWN by -0.57),support_ticket_count,-0.4884686768054962,Low support friction with 0 tickets (pulled churn risk DOWN by -0.49)
1708,0,0.4766,0,sessions_recent_14d,1.0124015808105469,Recent 14-day activity dropped to 0 sessions (pushed churn risk UP by +1.01),days_since_last_session,0.6037622094154358,Inactive for 27 consecutive days (pushed churn risk UP by +0.60),support_ticket_count,0.2582519054412842,Filed 1 support tickets in 60d (pushed churn risk UP by +0.26)
1868,1,0.793,1,sessions_recent_14d,1.1709481477737427,Recent 14-day activity dropped to 0 sessions (pushed churn risk UP by +1.17),days_since_last_session,0.7501195669174194,Inactive for 16 consecutive days (pushed churn risk UP by +0.75),total_events_60d,0.3439781665802002,"Low overall engagement depth (140 total events, pushed churn risk UP by +0.34)"
1003,0,0.0003,0,sessions_recent_14d,-4.357104301452637,High recent activity with 12 sessions in last 14d (pulled churn risk DOWN by -4.36),total_events_60d,-0.5247689485549927,"High overall engagement depth (225 total events, pulled churn risk DOWN by -0.52)",core_feature_usage_count,-0.4127861559391022,"Strong adoption of core features (46 events, pulled churn risk DOWN by -0.41)"
3194,0,0.0006,0,sessions_recent_14d,-4.357011318206787,High recent activity with 10 sessions in last 14d (pulled churn risk DOWN by -4.36),support_ticket_count,-0.33083751797676086,Low support friction with 0 tickets (pulled churn risk DOWN by -0.33),core_feature_usage_count,-0.27134910225868225,"Strong adoption of core features (52 events, pulled churn risk DOWN by -0.27)"
3713,0,0.2351,0,sessions_recent_14d,1.1654936075210571,Recent 14-day activity dropped to 2 sessions (pushed churn risk UP by +1.17),total_events_60d,-0.39348313212394714,"High overall engagement depth (128 total events, pulled churn risk DOWN by -0.39)",support_ticket_count,0.3042471706867218,Filed 1 support tickets in 60d (pushed churn risk UP by +0.30)
1798,0,0.1066,0,support_ticket_count,-0.452181339263916,Low support friction with 0 tickets (pulled churn risk DOWN by -0.45),session_drop_pct,-0.2176031470298767,"Stable/increasing activity trend (0.0% drop, pulled churn risk DOWN by -0.22)",avg_session_duration_minutes,0.2028963714838028,avg_session_duration_minutes = 19.13 (pushed churn risk UP (+) by +0.20)
1793,0,0.0009,0,sessions_recent_14d,-4.168542861938477,High recent activity with 15 sessions in last 14d (pulled churn risk DOWN by -4.17),days_since_last_session,-0.45016828179359436,Recent session logged 0 days ago (pulled churn risk DOWN by -0.45),avg_session_duration_minutes,0.4192042052745819,avg_session_duration_minutes = 20.7 (pushed churn risk UP (+) by +0.42)
3033,0,0.0004,0,sessions_recent_14d,-4.462259769439697,High recent activity with 13 sessions in last 14d (pulled churn risk DOWN by -4.46),days_since_last_session,-0.5568416714668274,Recent session logged 0 days ago (pulled churn risk DOWN by -0.56),total_events_60d,-0.35003232955932617,"High overall engagement depth (260 total events, pulled churn risk DOWN by -0.35)"
1142,0,0.0004,0,sessions_recent_14d,-4.55826997756958,High recent activity with 12 sessions in last 14d (pulled churn risk DOWN by -4.56),total_events_60d,-0.40891173481941223,"High overall engagement depth (241 total events, pulled churn risk DOWN by -0.41)",core_feature_usage_count,-0.3198619484901428,"Strong adoption of core features (50 events, pulled churn risk DOWN by -0.32)"
2159,0,0.0003,0,sessions_recent_14d,-4.3041181564331055,High recent activity with 12 sessions in last 14d (pulled churn risk DOWN by -4.30),total_events_60d,-0.6207534074783325,"High overall engagement depth (238 total events, pulled churn risk DOWN by -0.62)",support_ticket_count,-0.28775179386138916,Low support friction with 0 tickets (pulled churn risk DOWN by -0.29)
1857,0,0.0006,0,sessions_recent_14d,-4.607419013977051,High recent activity with 13 sessions in last 14d (pulled churn risk DOWN by -4.61),days_since_last_session,-0.44364404678344727,Recent session logged 0 days ago (pulled churn risk DOWN by -0.44),core_feature_usage_count,-0.40400055050849915,"Strong adoption of core features (51 events, pulled churn risk DOWN by -0.40)"
2446,0,0.3551,0,days_since_last_session,0.6363056302070618,Inactive for 11 consecutive days (pushed churn risk UP by +0.64),session_drop_pct,0.5308709740638733,Session volume dropped by 57.1% in final 14d (pushed churn risk UP by +0.53),support_ticket_count,0.19155988097190857,Filed 1 support tickets in 60d (pushed churn risk UP by +0.19)
3550,0,0.0007,0,sessions_recent_14d,-4.262204170227051,High recent activity with 10 sessions in last 14d (pulled churn risk DOWN by -4.26),avg_session_duration_minutes,0.4544614851474762,avg_session_duration_minutes = 20.47 (pushed churn risk UP (+) by +0.45),days_since_last_session,-0.45268502831459045,Recent session logged 0 days ago (pulled churn risk DOWN by -0.45)
1713,1,0.5559,1,sessions_recent_14d,0.9694021940231323,Recent 14-day activity dropped to 0 sessions (pushed churn risk UP by +0.97),support_ticket_count,0.674429714679718,Filed 2 support tickets in 60d (pushed churn risk UP by +0.67),days_since_last_session,0.6473608613014221,Inactive for 26 consecutive days (pushed churn risk UP by +0.65)
1988,1,0.1646,0,session_drop_pct,0.49625104665756226,Session volume dropped by 75.0% in final 14d (pushed churn risk UP by +0.50),days_since_last_session,-0.35357415676116943,Recent session logged 8 days ago (pulled churn risk DOWN by -0.35),unresolved_tickets,0.3214309513568878,Has 1 unresolved support tickets (pushed churn risk UP by +0.32)
1992,0,0.0002,0,sessions_recent_14d,-4.370408058166504,High recent activity with 12 sessions in last 14d (pulled churn risk DOWN by -4.37),core_feature_usage_count,-0.6422809362411499,"Strong adoption of core features (49 events, pulled churn risk DOWN by -0.64)",total_events_60d,-0.459633469581604,"High overall engagement depth (184 total events, pulled churn risk DOWN by -0.46)"
2705,0,0.0003,0,sessions_recent_14d,-4.378192901611328,High recent activity with 10 sessions in last 14d (pulled churn risk DOWN by -4.38),total_events_60d,-0.5923906564712524,"High overall engagement depth (194 total events, pulled churn risk DOWN by -0.59)",support_ticket_count,-0.37473759055137634,Low support friction with 0 tickets (pulled churn risk DOWN by -0.37)
2692,0,0.0003,0,sessions_recent_14d,-4.552968502044678,High recent activity with 11 sessions in last 14d (pulled churn risk DOWN by -4.55),days_since_last_session,-0.5622622966766357,Recent session logged 0 days ago (pulled churn risk DOWN by -0.56),total_events_60d,-0.3583064675331116,"High overall engagement depth (245 total events, pulled churn risk DOWN by -0.36)"
3540,0,0.0004,0,sessions_recent_14d,-4.205738067626953,High recent activity with 11 sessions in last 14d (pulled churn risk DOWN by -4.21),days_since_last_session,-0.4873971939086914,Recent session logged 0 days ago (pulled churn risk DOWN by -0.49),total_events_60d,-0.41350793838500977,"High overall engagement depth (186 total events, pulled churn risk DOWN by -0.41)"
1288,1,0.6889,1,sessions_recent_14d,1.1562286615371704,Recent 14-day activity dropped to 0 sessions (pushed churn risk UP by +1.16),days_since_last_session,0.7568936944007874,Inactive for 30 consecutive days (pushed churn risk UP by +0.76),core_feature_usage_count,-0.34113866090774536,"Strong adoption of core features (31 events, pulled churn risk DOWN by -0.34)"
2880,1,0.7129,1,sessions_recent_14d,1.073309302330017,Recent 14-day activity dropped to 0 sessions (pushed churn risk UP by +1.07),days_since_last_session,0.8857784271240234,Inactive for 18 consecutive days (pushed churn risk UP by +0.89),support_ticket_count,0.38191157579421997,Filed 1 support tickets in 60d (pushed churn risk UP by +0.38)
1040,0,0.012,0,sessions_recent_14d,-1.7982088327407837,High recent activity with 6 sessions in last 14d (pulled churn risk DOWN by -1.80),avg_session_gap_days,0.5382915735244751,High average session gap of 1.1 days (pushed churn risk UP by +0.54),total_events_60d,-0.4268309772014618,"High overall engagement depth (204 total events, pulled churn risk DOWN by -0.43)"
1088,0,0.0005,0,sessions_recent_14d,-4.279937744140625,High recent activity with 15 sessions in last 14d (pulled churn risk DOWN by -4.28),support_ticket_count,-0.363888680934906,Low support friction with 0 tickets (pulled churn risk DOWN by -0.36),days_since_last_session,-0.35015660524368286,Recent session logged 0 days ago (pulled churn risk DOWN by -0.35)
1164,0,0.1028,0,core_feature_usage_count,0.7840768098831177,"Low adoption of core features (12 events, pushed churn risk UP by +0.78)",avg_session_gap_days,-0.7124097943305969,Frequent logins with average gap of 3.5 days (pulled churn risk DOWN by -0.71),sessions_recent_14d,-0.43520355224609375,High recent activity with 4 sessions in last 14d (pulled churn risk DOWN by -0.44)
2388,0,0.0008,0,sessions_recent_14d,-4.2076616287231445,High recent activity with 9 sessions in last 14d (pulled churn risk DOWN by -4.21),days_since_last_session,-0.4061133563518524,Recent session logged 0 days ago (pulled churn risk DOWN by -0.41),avg_session_duration_minutes,0.3294528126716614,avg_session_duration_minutes = 21.62 (pushed churn risk UP (+) by +0.33)
2094,0,0.0063,0,sessions_recent_14d,-2.120731830596924,High recent activity with 7 sessions in last 14d (pulled churn risk DOWN by -2.12),support_ticket_count,-0.4132077693939209,Low support friction with 0 tickets (pulled churn risk DOWN by -0.41),core_feature_usage_count,-0.2633964717388153,"Strong adoption of core features (35 events, pulled churn risk DOWN by -0.26)"
2137,0,0.0298,0,support_ticket_count,-0.5564327836036682,Low support friction with 0 tickets (pulled churn risk DOWN by -0.56),sessions_recent_14d,-0.5038770437240601,High recent activity with 5 sessions in last 14d (pulled churn risk DOWN by -0.50),days_since_last_session,-0.4807125926017761,Recent session logged 0 days ago (pulled churn risk DOWN by -0.48)
2125,0,0.0002,0,sessions_recent_14d,-4.4837470054626465,High recent activity with 12 sessions in last 14d (pulled churn risk DOWN by -4.48),total_events_60d,-0.554315447807312,"High overall engagement depth (222 total events, pulled churn risk DOWN by -0.55)",days_since_last_session,-0.5047661662101746,Recent session logged 0 days ago (pulled churn risk DOWN by -0.50)
3325,0,0.0003,0,sessions_recent_14d,-4.097562313079834,High recent activity with 9 sessions in last 14d (pulled churn risk DOWN by -4.10),total_events_60d,-0.5978626608848572,"High overall engagement depth (233 total events, pulled churn risk DOWN by -0.60)",days_since_last_session,-0.49751535058021545,Recent session logged 0 days ago (pulled churn risk DOWN by -0.50)
2016,0,0.1179,0,sessions_recent_14d,0.9723452925682068,Recent 14-day activity dropped to 2 sessions (pushed churn risk UP by +0.97),core_feature_usage_count,-0.345953106880188,"Strong adoption of core features (19 events, pulled churn risk DOWN by -0.35)",support_ticket_count,0.3262052834033966,Filed 1 support tickets in 60d (pushed churn risk UP by +0.33)
1777,0,0.3263,0,support_ticket_count,-1.1459860801696777,Low support friction with 0 tickets (pulled churn risk DOWN by -1.15),sessions_recent_14d,0.8100895881652832,Recent 14-day activity dropped to 0 sessions (pushed churn risk UP by +0.81),core_feature_usage_count,0.8005434274673462,"Low adoption of core features (14 events, pushed churn risk UP by +0.80)"
2932,0,0.0807,0,support_ticket_count,-0.5322024822235107,Low support friction with 0 tickets (pulled churn risk DOWN by -0.53),avg_session_duration_minutes,0.40435752272605896,avg_session_duration_minutes = 24.11 (pushed churn risk UP (+) by +0.40),core_feature_usage_count,-0.37110549211502075,"Strong adoption of core features (49 events, pulled churn risk DOWN by -0.37)"
1551,1,0.5631,1,sessions_recent_14d,0.9954525232315063,Recent 14-day activity dropped to 0 sessions (pushed churn risk UP by +1.00),days_since_last_session,0.9197427034378052,Inactive for 20 consecutive days (pushed churn risk UP by +0.92),avg_session_gap_days,0.4835898280143738,High average session gap of 1.3 days (pushed churn risk UP by +0.48)
3165,0,0.0235,0,sessions_recent_14d,-1.3102405071258545,High recent activity with 6 sessions in last 14d (pulled churn risk DOWN by -1.31),support_ticket_count,-0.4079298675060272,Low support friction with 0 tickets (pulled churn risk DOWN by -0.41),total_events_60d,0.31913241744041443,"Low overall engagement depth (140 total events, pushed churn risk UP by +0.32)"
2163,0,0.6713,1,sessions_recent_14d,1.043613314628601,Recent 14-day activity dropped to 0 sessions (pushed churn risk UP by +1.04),days_since_last_session,0.8199393153190613,Inactive for 19 consecutive days (pushed churn risk UP by +0.82),total_events_60d,0.2720376253128052,"Low overall engagement depth (140 total events, pushed churn risk UP by +0.27)"
3642,0,0.727,1,sessions_recent_14d,1.1835578680038452,Recent 14-day activity dropped to 0 sessions (pushed churn risk UP by +1.18),days_since_last_session,0.5485545992851257,Inactive for 30 consecutive days (pushed churn risk UP by +0.55),sessions_previous_14d,0.46993082761764526,sessions_previous_14d = 0.0 (pushed churn risk UP (+) by +0.47)
1827,0,0.0002,0,sessions_recent_14d,-4.170820236206055,High recent activity with 10 sessions in last 14d (pulled churn risk DOWN by -4.17),total_events_60d,-0.6147642135620117,"High overall engagement depth (213 total events, pulled churn risk DOWN by -0.61)",days_since_last_session,-0.5040491819381714,Recent session logged 0 days ago (pulled churn risk DOWN by -0.50)
1136,0,0.0602,0,support_ticket_count,-1.0362520217895508,Low support friction with 0 tickets (pulled churn risk DOWN by -1.04),sessions_recent_14d,0.7418845891952515,Recent 14-day activity dropped to 2 sessions (pushed churn risk UP by +0.74),days_since_last_session,-0.27833104133605957,Recent session logged 5 days ago (pulled churn risk DOWN by -0.28)
3799,0,0.1463,0,support_ticket_count,-0.47269558906555176,Low support friction with 0 tickets (pulled churn risk DOWN by -0.47),session_drop_pct,0.39229729771614075,Session volume dropped by 57.1% in final 14d (pushed churn risk UP by +0.39),sessions_recent_14d,0.36297544836997986,Recent 14-day activity dropped to 3 sessions (pushed churn risk UP by +0.36)
3646,0,0.001,0,sessions_recent_14d,-4.619418621063232,High recent activity with 10 sessions in last 14d (pulled churn risk DOWN by -4.62),avg_session_gap_days,0.27528098225593567,High average session gap of 1.6 days (pushed churn risk UP by +0.28),core_feature_usage_count,-0.19513222575187683,"Strong adoption of core features (38 events, pulled churn risk DOWN by -0.20)"
3515,0,0.0002,0,sessions_recent_14d,-4.151297092437744,High recent activity with 14 sessions in last 14d (pulled churn risk DOWN by -4.15),total_events_60d,-0.6215643286705017,"High overall engagement depth (231 total events, pulled churn risk DOWN by -0.62)",days_since_last_session,-0.4862763285636902,Recent session logged 0 days ago (pulled churn risk DOWN by -0.49)
1385,0,0.0149,0,sessions_recent_14d,-1.2311009168624878,High recent activity with 6 sessions in last 14d (pulled churn risk DOWN by -1.23),total_events_60d,-0.39716213941574097,"High overall engagement depth (150 total events, pulled churn risk DOWN by -0.40)",support_ticket_count,-0.39358898997306824,Low support friction with 0 tickets (pulled churn risk DOWN by -0.39)
2736,0,0.027,0,support_ticket_count,-0.4115334153175354,Low support friction with 0 tickets (pulled churn risk DOWN by -0.41),session_drop_pct,-0.2872990369796753,"Stable/increasing activity trend (20.0% drop, pulled churn risk DOWN by -0.29)",days_since_last_session,-0.18168383836746216,Recent session logged 2 days ago (pulled churn risk DOWN by -0.18)
1019,0,0.0005,0,sessions_recent_14d,-4.130045413970947,High recent activity with 14 sessions in last 14d (pulled churn risk DOWN by -4.13),days_since_last_session,-0.40253597497940063,Recent session logged 0 days ago (pulled churn risk DOWN by -0.40),avg_session_duration_minutes,0.32653719186782837,avg_session_duration_minutes = 21.57 (pushed churn risk UP (+) by +0.33)
1774,0,0.2153,0,sessions_recent_14d,1.0974071025848389,Recent 14-day activity dropped to 2 sessions (pushed churn risk UP by +1.10),support_ticket_count,0.4158422350883484,Filed 1 support tickets in 60d (pushed churn risk UP by +0.42),days_since_last_session,-0.25514036417007446,Recent session logged 5 days ago (pulled churn risk DOWN by -0.26)
1105,0,0.0003,0,sessions_recent_14d,-4.263649940490723,High recent activity with 11 sessions in last 14d (pulled churn risk DOWN by -4.26),days_since_last_session,-0.5224546790122986,Recent session logged 0 days ago (pulled churn risk DOWN by -0.52),support_ticket_count,-0.29481014609336853,Low support friction with 0 tickets (pulled churn risk DOWN by -0.29)
3828,0,0.0002,0,sessions_recent_14d,-4.200835704803467,High recent activity with 12 sessions in last 14d (pulled churn risk DOWN by -4.20),core_feature_usage_count,-0.5533975958824158,"Strong adoption of core features (49 events, pulled churn risk DOWN by -0.55)",days_since_last_session,-0.4913802146911621,Recent session logged 0 days ago (pulled churn risk DOWN by -0.49)
1615,0,0.007,0,sessions_recent_14d,-2.360081672668457,High recent activity with 7 sessions in last 14d (pulled churn risk DOWN by -2.36),support_ticket_count,-0.39699995517730713,Low support friction with 0 tickets (pulled churn risk DOWN by -0.40),days_since_last_session,-0.21592620015144348,Recent session logged 2 days ago (pulled churn risk DOWN by -0.22)
3707,0,0.0007,0,sessions_recent_14d,-4.205827236175537,High recent activity with 13 sessions in last 14d (pulled churn risk DOWN by -4.21),days_since_last_session,-0.40134885907173157,Recent session logged 0 days ago (pulled churn risk DOWN by -0.40),support_ticket_count,-0.37161949276924133,Low support friction with 0 tickets (pulled churn risk DOWN by -0.37)
3439,0,0.1055,0,support_ticket_count,-0.4600474536418915,Low support friction with 0 tickets (pulled churn risk DOWN by -0.46),avg_session_gap_days,0.41879802942276,High average session gap of 2.1 days (pushed churn risk UP by +0.42),sessions_recent_14d,-0.40846821665763855,High recent activity with 5 sessions in last 14d (pulled churn risk DOWN by -0.41)
3328,0,0.0004,0,sessions_recent_14d,-4.278414726257324,High recent activity with 9 sessions in last 14d (pulled churn risk DOWN by -4.28),total_events_60d,-0.421681672334671,"High overall engagement depth (183 total events, pulled churn risk DOWN by -0.42)",support_ticket_count,-0.30401626229286194,Low support friction with 0 tickets (pulled churn risk DOWN by -0.30)
2913,0,0.0007,0,sessions_recent_14d,-4.325833797454834,High recent activity with 11 sessions in last 14d (pulled churn risk DOWN by -4.33),support_ticket_count,-0.3370027244091034,Low support friction with 0 tickets (pulled churn risk DOWN by -0.34),total_events_60d,-0.32262420654296875,"High overall engagement depth (212 total events, pulled churn risk DOWN by -0.32)"
2641,0,0.0003,0,sessions_recent_14d,-4.445598125457764,High recent activity with 10 sessions in last 14d (pulled churn risk DOWN by -4.45),days_since_last_session,-0.5555971264839172,Recent session logged 0 days ago (pulled churn risk DOWN by -0.56),total_events_60d,-0.3584689199924469,"High overall engagement depth (217 total events, pulled churn risk DOWN by -0.36)"
2473,0,0.0006,0,sessions_recent_14d,-4.518719673156738,High recent activity with 14 sessions in last 14d (pulled churn risk DOWN by -4.52),days_since_last_session,-0.36867332458496094,Recent session logged 0 days ago (pulled churn risk DOWN by -0.37),total_events_60d,-0.27529752254486084,"High overall engagement depth (191 total events, pulled churn risk DOWN by -0.28)"
3151,1,0.2483,0,support_ticket_count,-1.0214284658432007,Low support friction with 0 tickets (pulled churn risk DOWN by -1.02),sessions_recent_14d,0.8026248812675476,Recent 14-day activity dropped to 1 sessions (pushed churn risk UP by +0.80),days_since_last_session,0.3601803481578827,Inactive for 13 consecutive days (pushed churn risk UP by +0.36)
1378,0,0.1965,0,sessions_recent_14d,0.981267511844635,Recent 14-day activity dropped to 2 sessions (pushed churn risk UP by +0.98),days_since_last_session,-0.40368494391441345,Recent session logged 5 days ago (pulled churn risk DOWN by -0.40),support_ticket_count,0.3457750082015991,Filed 1 support tickets in 60d (pushed churn risk UP by +0.35)
2141,0,0.0005,0,sessions_recent_14d,-4.43655252456665,High recent activity with 10 sessions in last 14d (pulled churn risk DOWN by -4.44),total_events_60d,-0.40958577394485474,"High overall engagement depth (239 total events, pulled churn risk DOWN by -0.41)",support_ticket_count,-0.3399406373500824,Low support friction with 0 tickets (pulled churn risk DOWN by -0.34)
2096,1,0.6882,1,sessions_recent_14d,1.1697072982788086,Recent 14-day activity dropped to 0 sessions (pushed churn risk UP by +1.17),days_since_last_session,0.7061590552330017,Inactive for 30 consecutive days (pushed churn risk UP by +0.71),sessions_previous_14d,0.393738329410553,sessions_previous_14d = 0.0 (pushed churn risk UP (+) by +0.39)
2324,0,0.0615,0,support_ticket_count,-0.5677539110183716,Low support friction with 0 tickets (pulled churn risk DOWN by -0.57),total_events_60d,0.1412714421749115,"Low overall engagement depth (111 total events, pushed churn risk UP by +0.14)",days_since_last_session,-0.12871365249156952,Recent session logged 10 days ago (pulled churn risk DOWN by -0.13)
3465,1,0.0582,0,support_ticket_count,-0.9260994791984558,Low support friction with 0 tickets (pulled churn risk DOWN by -0.93),sessions_recent_14d,0.7498114109039307,Recent 14-day activity dropped to 2 sessions (pushed churn risk UP by +0.75),days_since_last_session,-0.30263563990592957,Recent session logged 5 days ago (pulled churn risk DOWN by -0.30)
1480,0,0.0485,0,support_ticket_count,-0.39974245429039,Low support friction with 0 tickets (pulled churn risk DOWN by -0.40),days_since_last_session,-0.234970822930336,Recent session logged 3 days ago (pulled churn risk DOWN by -0.23),total_events_60d,-0.12174273282289505,"High overall engagement depth (132 total events, pulled churn risk DOWN by -0.12)"
2241,1,0.6142,1,sessions_recent_14d,0.9762246012687683,Recent 14-day activity dropped to 0 sessions (pushed churn risk UP by +0.98),days_since_last_session,0.581165611743927,Inactive for 24 consecutive days (pushed churn risk UP by +0.58),support_ticket_count,0.4375653862953186,Filed 1 support tickets in 60d (pushed churn risk UP by +0.44)
1290,0,0.0006,0,sessions_recent_14d,-4.362179279327393,High recent activity with 11 sessions in last 14d (pulled churn risk DOWN by -4.36),total_events_60d,-0.32791584730148315,"High overall engagement depth (216 total events, pulled churn risk DOWN by -0.33)",support_ticket_count,-0.31807711720466614,Low support friction with 0 tickets (pulled churn risk DOWN by -0.32)
1945,0,0.7154,1,sessions_recent_14d,1.179205298423767,Recent 14-day activity dropped to 0 sessions (pushed churn risk UP by +1.18),days_since_last_session,0.6331237554550171,Inactive for 22 consecutive days (pushed churn risk UP by +0.63),core_feature_usage_count,0.34317079186439514,"Low adoption of core features (45 events, pushed churn risk UP by +0.34)"
2120,0,0.0006,0,sessions_recent_14d,-4.394827842712402,High recent activity with 12 sessions in last 14d (pulled churn risk DOWN by -4.39),total_events_60d,-0.42824023962020874,"High overall engagement depth (199 total events, pulled churn risk DOWN by -0.43)",support_ticket_count,-0.3274534344673157,Low support friction with 0 tickets (pulled churn risk DOWN by -0.33)
2792,1,0.7795,1,sessions_recent_14d,1.214228630065918,Recent 14-day activity dropped to 2 sessions (pushed churn risk UP by +1.21),core_feature_usage_count,0.4446348547935486,"Low adoption of core features (41 events, pushed churn risk UP by +0.44)",support_ticket_count,0.38547107577323914,Filed 1 support tickets in 60d (pushed churn risk UP by +0.39)
2228,0,0.0003,0,sessions_recent_14d,-4.341720104217529,High recent activity with 8 sessions in last 14d (pulled churn risk DOWN by -4.34),total_events_60d,-0.6488418579101562,"High overall engagement depth (212 total events, pulled churn risk DOWN by -0.65)",core_feature_usage_count,-0.4052290618419647,"Strong adoption of core features (60 events, pulled churn risk DOWN by -0.41)"
1544,0,0.0008,0,sessions_recent_14d,-4.0871782302856445,High recent activity with 13 sessions in last 14d (pulled churn risk DOWN by -4.09),support_ticket_count,-0.4453867971897125,Low support friction with 0 tickets (pulled churn risk DOWN by -0.45),days_since_last_session,-0.3899293541908264,Recent session logged 0 days ago (pulled churn risk DOWN by -0.39)
2292,0,0.0008,0,sessions_recent_14d,-4.133864402770996,High recent activity with 9 sessions in last 14d (pulled churn risk DOWN by -4.13),support_ticket_count,-0.39163628220558167,Low support friction with 0 tickets (pulled churn risk DOWN by -0.39),days_since_last_session,-0.38817429542541504,Recent session logged 0 days ago (pulled churn risk DOWN by -0.39)
2118,0,0.0607,0,support_ticket_count,-0.48464980721473694,Low support friction with 0 tickets (pulled churn risk DOWN by -0.48),days_since_last_session,-0.223446786403656,Recent session logged 4 days ago (pulled churn risk DOWN by -0.22),session_drop_pct,-0.1423642635345459,"Stable/increasing activity trend (0.0% drop, pulled churn risk DOWN by -0.14)"
3919,0,0.0007,0,sessions_recent_14d,-3.9136741161346436,High recent activity with 12 sessions in last 14d (pulled churn risk DOWN by -3.91),total_spend_60d,0.6600102186203003,total_spend_60d = 716.0 (pushed churn risk UP (+) by +0.66),total_events_60d,-0.5781055092811584,"High overall engagement depth (204 total events, pulled churn risk DOWN by -0.58)"
1870,0,0.0007,0,sessions_recent_14d,-4.5320611000061035,High recent activity with 10 sessions in last 14d (pulled churn risk DOWN by -4.53),days_since_last_session,-0.5617717504501343,Recent session logged 0 days ago (pulled churn risk DOWN by -0.56),avg_session_gap_days,0.40257447957992554,High average session gap of 1.3 days (pushed churn risk UP by +0.40)
2819,0,0.0004,0,sessions_recent_14d,-4.131094455718994,High recent activity with 13 sessions in last 14d (pulled churn risk DOWN by -4.13),days_since_last_session,-0.46318137645721436,Recent session logged 0 days ago (pulled churn risk DOWN by -0.46),support_ticket_count,-0.3867321312427521,Low support friction with 0 tickets (pulled churn risk DOWN by -0.39)
1754,0,0.075,0,sessions_recent_14d,-0.645703911781311,High recent activity with 5 sessions in last 14d (pulled churn risk DOWN by -0.65),total_events_60d,-0.35612669587135315,"High overall engagement depth (150 total events, pulled churn risk DOWN by -0.36)",days_since_last_session,-0.30717214941978455,Recent session logged 4 days ago (pulled churn risk DOWN by -0.31)
1937,1,0.3527,0,sessions_recent_14d,1.0379772186279297,Recent 14-day activity dropped to 0 sessions (pushed churn risk UP by +1.04),support_ticket_count,0.4101582169532776,Filed 1 support tickets in 60d (pushed churn risk UP by +0.41),days_since_last_session,0.2957388460636139,Inactive for 14 consecutive days (pushed churn risk UP by +0.30)
2454,0,0.001,0,sessions_recent_14d,-4.225648403167725,High recent activity with 11 sessions in last 14d (pulled churn risk DOWN by -4.23),support_ticket_count,-0.32408133149147034,Low support friction with 0 tickets (pulled churn risk DOWN by -0.32),total_events_60d,-0.32251375913619995,"High overall engagement depth (220 total events, pulled churn risk DOWN by -0.32)"
2286,1,0.7788,1,sessions_recent_14d,1.0984981060028076,Recent 14-day activity dropped to 0 sessions (pushed churn risk UP by +1.10),days_since_last_session,0.7465126514434814,Inactive for 32 consecutive days (pushed churn risk UP by +0.75),support_ticket_count,0.44264861941337585,Filed 1 support tickets in 60d (pushed churn risk UP by +0.44)
3338,1,0.6968,1,sessions_recent_14d,1.1092122793197632,Recent 14-day activity dropped to 0 sessions (pushed churn risk UP by +1.11),days_since_last_session,0.7533477544784546,Inactive for 17 consecutive days (pushed churn risk UP by +0.75),support_ticket_count,0.40857213735580444,Filed 1 support tickets in 60d (pushed churn risk UP by +0.41)
2971,1,0.683,1,sessions_recent_14d,1.1789506673812866,Recent 14-day activity dropped to 0 sessions (pushed churn risk UP by +1.18),days_since_last_session,0.5384706854820251,Inactive for 28 consecutive days (pushed churn risk UP by +0.54),total_events_60d,-0.40238773822784424,"High overall engagement depth (78 total events, pulled churn risk DOWN by -0.40)"
3933,0,0.0002,0,sessions_recent_14d,-4.167059421539307,High recent activity with 10 sessions in last 14d (pulled churn risk DOWN by -4.17),total_events_60d,-0.5932155251502991,"High overall engagement depth (212 total events, pulled churn risk DOWN by -0.59)",days_since_last_session,-0.48635420203208923,Recent session logged 0 days ago (pulled churn risk DOWN by -0.49)
3319,0,0.0337,0,sessions_previous_14d,0.7379262447357178,sessions_previous_14d = 0.0 (pushed churn risk UP (+) by +0.74),support_ticket_count,-0.5528014898300171,Low support friction with 0 tickets (pulled churn risk DOWN by -0.55),days_since_last_session,-0.3919372856616974,Recent session logged 0 days ago (pulled churn risk DOWN by -0.39)
3560,0,0.0086,0,sessions_recent_14d,-1.9108009338378906,High recent activity with 6 sessions in last 14d (pulled churn risk DOWN by -1.91),total_events_60d,-0.44604378938674927,"High overall engagement depth (223 total events, pulled churn risk DOWN by -0.45)",avg_session_gap_days,0.38724827766418457,High average session gap of 1.3 days (pushed churn risk UP by +0.39)
3912,0,0.1409,0,support_ticket_count,-0.9023978114128113,Low support friction with 0 tickets (pulled churn risk DOWN by -0.90),sessions_recent_14d,0.8811995983123779,Recent 14-day activity dropped to 2 sessions (pushed churn risk UP by +0.88),days_since_last_session,0.1210903599858284,Inactive for 1 consecutive days (pushed churn risk UP by +0.12)
3342,0,0.0059,0,sessions_recent_14d,-1.981966495513916,High recent activity with 6 sessions in last 14d (pulled churn risk DOWN by -1.98),total_events_60d,-0.5157098174095154,"High overall engagement depth (174 total events, pulled churn risk DOWN by -0.52)",support_ticket_count,-0.37474292516708374,Low support friction with 0 tickets (pulled churn risk DOWN by -0.37)
1044,0,0.0463,0,avg_session_gap_days,-0.5051323175430298,Frequent logins with average gap of 2.9 days (pulled churn risk DOWN by -0.51),sessions_previous_14d,-0.34892702102661133,sessions_previous_14d = 4.0 (pushed churn risk DOWN (-) by -0.35),support_ticket_count,0.28504106402397156,Filed 1 support tickets in 60d (pushed churn risk UP by +0.29)
3810,0,0.0004,0,sessions_recent_14d,-4.752636909484863,High recent activity with 9 sessions in last 14d (pulled churn risk DOWN by -4.75),days_since_last_session,-0.5310052633285522,Recent session logged 0 days ago (pulled churn risk DOWN by -0.53),total_events_60d,-0.3541715145111084,"High overall engagement depth (221 total events, pulled churn risk DOWN by -0.35)"
1538,0,0.0014,0,sessions_recent_14d,-4.822533130645752,High recent activity with 12 sessions in last 14d (pulled churn risk DOWN by -4.82),unresolved_tickets,0.40964046120643616,Has 1 unresolved support tickets (pushed churn risk UP by +0.41),total_events_60d,-0.23718233406543732,"High overall engagement depth (190 total events, pulled churn risk DOWN by -0.24)"
3143,0,0.0683,0,days_since_last_session,-0.48982787132263184,Recent session logged 0 days ago (pulled churn risk DOWN by -0.49),support_ticket_count,-0.4787043333053589,Low support friction with 0 tickets (pulled churn risk DOWN by -0.48),sessions_recent_14d,0.2869773805141449,Recent 14-day activity dropped to 3 sessions (pushed churn risk UP by +0.29)
2234,0,0.0004,0,sessions_recent_14d,-4.6477885246276855,High recent activity with 14 sessions in last 14d (pulled churn risk DOWN by -4.65),days_since_last_session,-0.5255258679389954,Recent session logged 0 days ago (pulled churn risk DOWN by -0.53),total_events_60d,-0.2083214372396469,"High overall engagement depth (223 total events, pulled churn risk DOWN by -0.21)"
2746,0,0.0427,0,support_ticket_count,-1.0795795917510986,Low support friction with 0 tickets (pulled churn risk DOWN by -1.08),sessions_recent_14d,0.7053807377815247,Recent 14-day activity dropped to 1 sessions (pushed churn risk UP by +0.71),avg_session_gap_days,-0.700861930847168,Frequent logins with average gap of 2.8 days (pulled churn risk DOWN by -0.70)
1458,0,0.0006,0,sessions_recent_14d,-4.396200656890869,High recent activity with 9 sessions in last 14d (pulled churn risk DOWN by -4.40),support_ticket_count,-0.3545382618904114,Low support friction with 0 tickets (pulled churn risk DOWN by -0.35),total_events_60d,-0.3166629672050476,"High overall engagement depth (223 total events, pulled churn risk DOWN by -0.32)"
2360,0,0.0002,0,sessions_recent_14d,-4.6623101234436035,High recent activity with 11 sessions in last 14d (pulled churn risk DOWN by -4.66),avg_session_duration_minutes,-0.5005845427513123,avg_session_duration_minutes = 27.81 (pushed churn risk DOWN (-) by -0.50),total_events_60d,-0.48195675015449524,"High overall engagement depth (232 total events, pulled churn risk DOWN by -0.48)"
2386,0,0.0003,0,sessions_recent_14d,-4.895724773406982,High recent activity with 13 sessions in last 14d (pulled churn risk DOWN by -4.90),days_since_last_session,-0.561106264591217,Recent session logged 0 days ago (pulled churn risk DOWN by -0.56),total_events_60d,-0.3089570701122284,"High overall engagement depth (250 total events, pulled churn risk DOWN by -0.31)"
1270,0,0.0003,0,sessions_recent_14d,-4.455594539642334,High recent activity with 11 sessions in last 14d (pulled churn risk DOWN by -4.46),days_since_last_session,-0.5450010895729065,Recent session logged 0 days ago (pulled churn risk DOWN by -0.55),total_events_60d,-0.3595295250415802,"High overall engagement depth (216 total events, pulled churn risk DOWN by -0.36)"
3099,0,0.0002,0,sessions_recent_14d,-4.492236137390137,High recent activity with 13 sessions in last 14d (pulled churn risk DOWN by -4.49),core_feature_usage_count,-0.6378850936889648,"Strong adoption of core features (51 events, pulled churn risk DOWN by -0.64)",days_since_last_session,-0.5004270076751709,Recent session logged 0 days ago (pulled churn risk DOWN by -0.50)
3915,0,0.0481,0,sessions_recent_14d,-0.45884695649147034,High recent activity with 5 sessions in last 14d (pulled churn risk DOWN by -0.46),support_ticket_count,-0.41775909066200256,Low support friction with 0 tickets (pulled churn risk DOWN by -0.42),total_events_60d,0.3482193052768707,"Low overall engagement depth (137 total events, pushed churn risk UP by +0.35)"
1523,0,0.094,0,total_spend_60d,0.6245529651641846,total_spend_60d = 647.0 (pushed churn risk UP (+) by +0.62),support_ticket_count,-0.4998381733894348,Low support friction with 0 tickets (pulled churn risk DOWN by -0.50),days_since_last_session,-0.17620277404785156,Recent session logged 3 days ago (pulled churn risk DOWN by -0.18)
3276,0,0.0002,0,sessions_recent_14d,-4.224985599517822,High recent activity with 11 sessions in last 14d (pulled churn risk DOWN by -4.22),core_feature_usage_count,-0.6809666752815247,"Strong adoption of core features (55 events, pulled churn risk DOWN by -0.68)",total_events_60d,-0.560655951499939,"High overall engagement depth (202 total events, pulled churn risk DOWN by -0.56)"
2943,0,0.2812,0,sessions_recent_14d,1.2335858345031738,Recent 14-day activity dropped to 1 sessions (pushed churn risk UP by +1.23),days_since_last_session,-0.5214084982872009,Recent session logged 0 days ago (pulled churn risk DOWN by -0.52),unresolved_tickets,0.2998173236846924,Has 1 unresolved support tickets (pushed churn risk UP by +0.30)
3771,0,0.0935,0,support_ticket_count,-0.9216827154159546,Low support friction with 0 tickets (pulled churn risk DOWN by -0.92),sessions_recent_14d,0.7222318649291992,Recent 14-day activity dropped to 0 sessions (pushed churn risk UP by +0.72),days_since_last_session,0.6532056331634521,Inactive for 17 consecutive days (pushed churn risk UP by +0.65)
2962,0,0.0003,0,sessions_recent_14d,-4.171013355255127,High recent activity with 12 sessions in last 14d (pulled churn risk DOWN by -4.17),days_since_last_session,-0.4645269811153412,Recent session logged 0 days ago (pulled churn risk DOWN by -0.46),total_events_60d,-0.4186125099658966,"High overall engagement depth (175 total events, pulled churn risk DOWN by -0.42)"
1706,0,0.0002,0,sessions_recent_14d,-4.158401012420654,High recent activity with 13 sessions in last 14d (pulled churn risk DOWN by -4.16),total_events_60d,-0.48601481318473816,"High overall engagement depth (220 total events, pulled churn risk DOWN by -0.49)",days_since_last_session,-0.4809303283691406,Recent session logged 0 days ago (pulled churn risk DOWN by -0.48)
2749,1,0.6529,1,sessions_recent_14d,1.067636489868164,Recent 14-day activity dropped to 2 sessions (pushed churn risk UP by +1.07),days_since_last_session,0.4180431365966797,Inactive for 11 consecutive days (pushed churn risk UP by +0.42),avg_session_duration_minutes,0.29096099734306335,avg_session_duration_minutes = 22.1 (pushed churn risk UP (+) by +0.29)
2185,0,0.0514,0,support_ticket_count,-0.48609134554862976,Low support friction with 0 tickets (pulled churn risk DOWN by -0.49),avg_session_gap_days,0.30105987191200256,High average session gap of 1.6 days (pushed churn risk UP by +0.30),sessions_recent_14d,-0.26467859745025635,High recent activity with 5 sessions in last 14d (pulled churn risk DOWN by -0.26)
3936,0,0.0005,0,sessions_recent_14d,-4.598811626434326,High recent activity with 8 sessions in last 14d (pulled churn risk DOWN by -4.60),total_events_60d,-0.3864140808582306,"High overall engagement depth (195 total events, pulled churn risk DOWN by -0.39)",support_ticket_count,-0.33524632453918457,Low support friction with 0 tickets (pulled churn risk DOWN by -0.34)
2385,0,0.2146,0,sessions_recent_14d,0.8250874280929565,Recent 14-day activity dropped to 2 sessions (pushed churn risk UP by +0.83),support_ticket_count,-0.7689656019210815,Low support friction with 0 tickets (pulled churn risk DOWN by -0.77),avg_session_duration_minutes,0.24083824455738068,avg_session_duration_minutes = 25.54 (pushed churn risk UP (+) by +0.24)
1229,0,0.0005,0,sessions_recent_14d,-4.269904136657715,High recent activity with 13 sessions in last 14d (pulled churn risk DOWN by -4.27),days_since_last_session,-0.46431729197502136,Recent session logged 0 days ago (pulled churn risk DOWN by -0.46),total_events_60d,-0.39716485142707825,"High overall engagement depth (263 total events, pulled churn risk DOWN by -0.40)"
2689,0,0.0006,0,sessions_recent_14d,-4.296156883239746,High recent activity with 11 sessions in last 14d (pulled churn risk DOWN by -4.30),days_since_last_session,-0.49854278564453125,Recent session logged 0 days ago (pulled churn risk DOWN by -0.50),support_ticket_count,-0.3618677854537964,Low support friction with 0 tickets (pulled churn risk DOWN by -0.36)
3071,0,0.0003,0,sessions_recent_14d,-4.3450541496276855,High recent activity with 10 sessions in last 14d (pulled churn risk DOWN by -4.35),total_events_60d,-0.6437321305274963,"High overall engagement depth (206 total events, pulled churn risk DOWN by -0.64)",support_ticket_count,-0.2775460183620453,Low support friction with 0 tickets (pulled churn risk DOWN by -0.28)
2501,0,0.0439,0,support_ticket_count,-0.5048379898071289,Low support friction with 0 tickets (pulled churn risk DOWN by -0.50),days_since_last_session,-0.32190072536468506,Recent session logged 9 days ago (pulled churn risk DOWN by -0.32),session_drop_pct,-0.08274631202220917,"Stable/increasing activity trend (-50.0% drop, pulled churn risk DOWN by -0.08)"
1768,0,0.0005,0,sessions_recent_14d,-4.37906551361084,High recent activity with 12 sessions in last 14d (pulled churn risk DOWN by -4.38),days_since_last_session,-0.4052306115627289,Recent session logged 0 days ago (pulled churn risk DOWN by -0.41),total_events_60d,-0.380282461643219,"High overall engagement depth (262 total events, pulled churn risk DOWN by -0.38)"
2648,0,0.0004,0,sessions_recent_14d,-4.561606407165527,High recent activity with 13 sessions in last 14d (pulled churn risk DOWN by -4.56),days_since_last_session,-0.4970338046550751,Recent session logged 0 days ago (pulled churn risk DOWN by -0.50),total_events_60d,-0.4246116280555725,"High overall engagement depth (188 total events, pulled churn risk DOWN by -0.42)"
3723,0,0.0004,0,sessions_recent_14d,-4.425954818725586,High recent activity with 13 sessions in last 14d (pulled churn risk DOWN by -4.43),days_since_last_session,-0.5525375604629517,Recent session logged 0 days ago (pulled churn risk DOWN by -0.55),total_events_60d,-0.3555271029472351,"High overall engagement depth (247 total events, pulled churn risk DOWN by -0.36)"
1748,0,0.0534,0,support_ticket_count,-0.863294243812561,Low support friction with 0 tickets (pulled churn risk DOWN by -0.86),sessions_recent_14d,0.8500096797943115,Recent 14-day activity dropped to 2 sessions (pushed churn risk UP by +0.85),total_events_60d,-0.5078054070472717,"High overall engagement depth (151 total events, pulled churn risk DOWN by -0.51)"
2995,0,0.3857,0,sessions_recent_14d,1.1775684356689453,Recent 14-day activity dropped to 1 sessions (pushed churn risk UP by +1.18),sessions_previous_14d,0.6927282810211182,sessions_previous_14d = 0.0 (pushed churn risk UP (+) by +0.69),unresolved_tickets,0.6100476980209351,Has 1 unresolved support tickets (pushed churn risk UP by +0.61)
2517,0,0.0003,0,sessions_recent_14d,-4.251336574554443,High recent activity with 12 sessions in last 14d (pulled churn risk DOWN by -4.25),total_events_60d,-0.6073943376541138,"High overall engagement depth (204 total events, pulled churn risk DOWN by -0.61)",days_since_last_session,-0.4752907454967499,Recent session logged 0 days ago (pulled churn risk DOWN by -0.48)
3525,0,0.0808,0,sessions_recent_14d,0.7991219162940979,Recent 14-day activity dropped to 2 sessions (pushed churn risk UP by +0.80),support_ticket_count,-0.7964432835578918,Low support friction with 0 tickets (pulled churn risk DOWN by -0.80),days_since_last_session,0.1602308750152588,Inactive for 2 consecutive days (pushed churn risk UP by +0.16)
2680,0,0.0339,0,support_ticket_count,-0.5776569843292236,Low support friction with 0 tickets (pulled churn risk DOWN by -0.58),sessions_recent_14d,-0.41505101323127747,High recent activity with 4 sessions in last 14d (pulled churn risk DOWN by -0.42),session_drop_pct,-0.1267399787902832,"Stable/increasing activity trend (-100.0% drop, pulled churn risk DOWN by -0.13)"
3003,0,0.0007,0,sessions_recent_14d,-4.170100212097168,High recent activity with 10 sessions in last 14d (pulled churn risk DOWN by -4.17),days_since_last_session,-0.42007118463516235,Recent session logged 0 days ago (pulled churn risk DOWN by -0.42),avg_session_duration_minutes,0.3533647358417511,avg_session_duration_minutes = 21.24 (pushed churn risk UP (+) by +0.35)
2829,0,0.0232,0,support_ticket_count,-0.4650188386440277,Low support friction with 0 tickets (pulled churn risk DOWN by -0.47),session_drop_pct,-0.33118027448654175,"Stable/increasing activity trend (-50.0% drop, pulled churn risk DOWN by -0.33)",days_since_last_session,-0.32986903190612793,Recent session logged 8 days ago (pulled churn risk DOWN by -0.33)
2807,0,0.0286,0,support_ticket_count,-0.8527238965034485,Low support friction with 0 tickets (pulled churn risk DOWN by -0.85),sessions_recent_14d,0.7331459522247314,Recent 14-day activity dropped to 2 sessions (pushed churn risk UP by +0.73),total_events_60d,-0.2512434124946594,"High overall engagement depth (88 total events, pulled churn risk DOWN by -0.25)"
1727,0,0.0177,0,support_ticket_count,-1.2270551919937134,Low support friction with 0 tickets (pulled churn risk DOWN by -1.23),avg_session_gap_days,-1.1987591981887817,Frequent logins with average gap of 2.9 days (pulled churn risk DOWN by -1.20),sessions_recent_14d,0.44971776008605957,Recent 14-day activity dropped to 2 sessions (pushed churn risk UP by +0.45)
1948,0,0.1902,0,support_ticket_count,-1.119454264640808,Low support friction with 0 tickets (pulled churn risk DOWN by -1.12),sessions_recent_14d,0.7389186024665833,Recent 14-day activity dropped to 1 sessions (pushed churn risk UP by +0.74),days_since_last_session,0.3584643006324768,Inactive for 13 consecutive days (pushed churn risk UP by +0.36)
2866,0,0.7204,1,sessions_recent_14d,1.1356418132781982,Recent 14-day activity dropped to 0 sessions (pushed churn risk UP by +1.14),days_since_last_session,0.6837625503540039,Inactive for 16 consecutive days (pushed churn risk UP by +0.68),avg_session_gap_days,0.41367119550704956,High average session gap of 1.3 days (pushed churn risk UP by +0.41)
2246,0,0.0003,0,sessions_recent_14d,-4.472157001495361,High recent activity with 12 sessions in last 14d (pulled churn risk DOWN by -4.47),total_events_60d,-0.46253451704978943,"High overall engagement depth (210 total events, pulled churn risk DOWN by -0.46)",support_ticket_count,-0.369127482175827,Low support friction with 0 tickets (pulled churn risk DOWN by -0.37)
1364,0,0.0159,0,days_since_last_session,-0.5146369934082031,Recent session logged 0 days ago (pulled churn risk DOWN by -0.51),session_drop_pct,-0.38341182470321655,"Stable/increasing activity trend (16.7% drop, pulled churn risk DOWN by -0.38)",sessions_recent_14d,-0.3682805895805359,High recent activity with 5 sessions in last 14d (pulled churn risk DOWN by -0.37)
1622,1,0.8267,1,sessions_recent_14d,1.1471917629241943,Recent 14-day activity dropped to 0 sessions (pushed churn risk UP by +1.15),support_ticket_count,0.6672778129577637,Filed 2 support tickets in 60d (pushed churn risk UP by +0.67),core_feature_usage_count,0.5330300331115723,"Low adoption of core features (39 events, pushed churn risk UP by +0.53)"
2975,0,0.0003,0,sessions_recent_14d,-4.244802474975586,High recent activity with 13 sessions in last 14d (pulled churn risk DOWN by -4.24),days_since_last_session,-0.5224546790122986,Recent session logged 0 days ago (pulled churn risk DOWN by -0.52),support_ticket_count,-0.29430779814720154,Low support friction with 0 tickets (pulled churn risk DOWN by -0.29)
3671,1,0.7397,1,sessions_recent_14d,1.2224477529525757,Recent 14-day activity dropped to 0 sessions (pushed churn risk UP by +1.22),days_since_last_session,0.682221531867981,Inactive for 21 consecutive days (pushed churn risk UP by +0.68),core_feature_usage_count,0.551533579826355,"Low adoption of core features (40 events, pushed churn risk UP by +0.55)"
1007,0,0.0003,0,sessions_recent_14d,-4.2998046875,High recent activity with 8 sessions in last 14d (pulled churn risk DOWN by -4.30),days_since_last_session,-0.464844673871994,Recent session logged 0 days ago (pulled churn risk DOWN by -0.46),total_events_60d,-0.4543946087360382,"High overall engagement depth (212 total events, pulled churn risk DOWN by -0.45)"
1134,0,0.1376,0,support_ticket_count,-0.5891155004501343,Low support friction with 0 tickets (pulled churn risk DOWN by -0.59),session_drop_pct,0.430434912443161,Session volume dropped by 55.6% in final 14d (pushed churn risk UP by +0.43),avg_session_gap_days,0.24897529184818268,High average session gap of 1.7 days (pushed churn risk UP by +0.25)
1460,0,0.0008,0,sessions_recent_14d,-4.968191146850586,High recent activity with 12 sessions in last 14d (pulled churn risk DOWN by -4.97),days_since_last_session,-0.5458912253379822,Recent session logged 0 days ago (pulled churn risk DOWN by -0.55),avg_session_gap_days,0.3106793761253357,High average session gap of 1.3 days (pushed churn risk UP by +0.31)
3884,0,0.0003,0,sessions_recent_14d,-4.481499671936035,High recent activity with 13 sessions in last 14d (pulled churn risk DOWN by -4.48),days_since_last_session,-0.48144853115081787,Recent session logged 0 days ago (pulled churn risk DOWN by -0.48),total_events_60d,-0.45738640427589417,"High overall engagement depth (225 total events, pulled churn risk DOWN by -0.46)"
1653,0,0.4357,0,sessions_recent_14d,0.9981470108032227,Recent 14-day activity dropped to 0 sessions (pushed churn risk UP by +1.00),days_since_last_session,0.8934392929077148,Inactive for 29 consecutive days (pushed churn risk UP by +0.89),support_ticket_count,-0.7541050910949707,Low support friction with 0 tickets (pulled churn risk DOWN by -0.75)
2853,1,0.1294,0,support_ticket_count,-1.093257188796997,Low support friction with 0 tickets (pulled churn risk DOWN by -1.09),sessions_recent_14d,0.7134415507316589,Recent 14-day activity dropped to 0 sessions (pushed churn risk UP by +0.71),days_since_last_session,0.4852728545665741,Inactive for 18 consecutive days (pushed churn risk UP by +0.49)
3244,0,0.0002,0,sessions_recent_14d,-4.514492511749268,High recent activity with 13 sessions in last 14d (pulled churn risk DOWN by -4.51),total_events_60d,-0.6005954742431641,"High overall engagement depth (252 total events, pulled churn risk DOWN by -0.60)",days_since_last_session,-0.4963122308254242,Recent session logged 0 days ago (pulled churn risk DOWN by -0.50)
2709,0,0.0676,0,avg_session_gap_days,-0.9824714660644531,Frequent logins with average gap of 3.0 days (pulled churn risk DOWN by -0.98),sessions_recent_14d,-0.3496933877468109,High recent activity with 3 sessions in last 14d (pulled churn risk DOWN by -0.35),unresolved_tickets,0.3214447498321533,Has 1 unresolved support tickets (pushed churn risk UP by +0.32)
3813,0,0.2309,0,support_ticket_count,-1.0464155673980713,Low support friction with 0 tickets (pulled churn risk DOWN by -1.05),sessions_recent_14d,0.8166115283966064,Recent 14-day activity dropped to 0 sessions (pushed churn risk UP by +0.82),days_since_last_session,0.7013303637504578,Inactive for 18 consecutive days (pushed churn risk UP by +0.70)
2688,0,0.037,0,support_ticket_count,-0.47766926884651184,Low support friction with 0 tickets (pulled churn risk DOWN by -0.48),days_since_last_session,-0.21373046934604645,Recent session logged 3 days ago (pulled churn risk DOWN by -0.21),session_drop_pct,-0.17392601072788239,"Stable/increasing activity trend (20.0% drop, pulled churn risk DOWN by -0.17)"
3351,0,0.0006,0,sessions_recent_14d,-4.1971516609191895,High recent activity with 14 sessions in last 14d (pulled churn risk DOWN by -4.20),days_since_last_session,-0.35852953791618347,Recent session logged 0 days ago (pulled churn risk DOWN by -0.36),support_ticket_count,-0.31807780265808105,Low support friction with 0 tickets (pulled churn risk DOWN by -0.32)
2019,0,0.0003,0,sessions_recent_14d,-4.228455066680908,High recent activity with 11 sessions in last 14d (pulled churn risk DOWN by -4.23),core_feature_usage_count,-0.5077610015869141,"Strong adoption of core features (52 events, pulled churn risk DOWN by -0.51)",days_since_last_session,-0.33286252617836,Recent session logged 0 days ago (pulled churn risk DOWN by -0.33)
3021,0,0.0018,0,sessions_recent_14d,-4.090673446655273,High recent activity with 10 sessions in last 14d (pulled churn risk DOWN by -4.09),total_spend_60d,0.5827942490577698,total_spend_60d = 697.0 (pushed churn risk UP (+) by +0.58),support_ticket_count,-0.35870251059532166,Low support friction with 0 tickets (pulled churn risk DOWN by -0.36)
1520,0,0.0002,0,sessions_recent_14d,-4.2203874588012695,High recent activity with 8 sessions in last 14d (pulled churn risk DOWN by -4.22),days_since_last_session,-0.4824630618095398,Recent session logged 0 days ago (pulled churn risk DOWN by -0.48),total_events_60d,-0.4523921608924866,"High overall engagement depth (200 total events, pulled churn risk DOWN by -0.45)"
1997,0,0.0007,0,sessions_recent_14d,-4.359927654266357,High recent activity with 11 sessions in last 14d (pulled churn risk DOWN by -4.36),days_since_last_session,-0.5122907161712646,Recent session logged 0 days ago (pulled churn risk DOWN by -0.51),total_events_60d,-0.3823835253715515,"High overall engagement depth (210 total events, pulled churn risk DOWN by -0.38)"
3428,0,0.0006,0,sessions_recent_14d,-4.2456817626953125,High recent activity with 15 sessions in last 14d (pulled churn risk DOWN by -4.25),days_since_last_session,-0.43534550070762634,Recent session logged 0 days ago (pulled churn risk DOWN by -0.44),core_feature_usage_count,-0.4107273519039154,"Strong adoption of core features (62 events, pulled churn risk DOWN by -0.41)"
2322,0,0.0392,0,support_ticket_count,-0.9663743376731873,Low support friction with 0 tickets (pulled churn risk DOWN by -0.97),sessions_recent_14d,0.7766680121421814,Recent 14-day activity dropped to 2 sessions (pushed churn risk UP by +0.78),days_since_last_session,-0.3568416237831116,Recent session logged 4 days ago (pulled churn risk DOWN by -0.36)
2550,0,0.0035,0,sessions_recent_14d,-2.404353618621826,High recent activity with 7 sessions in last 14d (pulled churn risk DOWN by -2.40),days_since_last_session,-0.6666796207427979,Recent session logged 0 days ago (pulled churn risk DOWN by -0.67),support_ticket_count,-0.34930479526519775,Low support friction with 0 tickets (pulled churn risk DOWN by -0.35)
2879,0,0.0006,0,sessions_recent_14d,-4.1941962242126465,High recent activity with 15 sessions in last 14d (pulled churn risk DOWN by -4.19),days_since_last_session,-0.4603632688522339,Recent session logged 0 days ago (pulled churn risk DOWN by -0.46),total_events_60d,-0.39187321066856384,"High overall engagement depth (218 total events, pulled churn risk DOWN by -0.39)"
2582,0,0.0757,0,core_feature_usage_count,0.5463669300079346,"Low adoption of core features (20 events, pushed churn risk UP by +0.55)",support_ticket_count,-0.47060415148735046,Low support friction with 0 tickets (pulled churn risk DOWN by -0.47),sessions_recent_14d,-0.4483899474143982,High recent activity with 5 sessions in last 14d (pulled churn risk DOWN by -0.45)
1558,0,0.0173,0,support_ticket_count,-0.5400935411453247,Low support friction with 0 tickets (pulled churn risk DOWN by -0.54),days_since_last_session,-0.5245689749717712,Recent session logged 0 days ago (pulled churn risk DOWN by -0.52),sessions_recent_14d,-0.46078020334243774,High recent activity with 5 sessions in last 14d (pulled churn risk DOWN by -0.46)
3301,0,0.1245,0,unresolved_tickets,0.29321610927581787,Has 1 unresolved support tickets (pushed churn risk UP by +0.29),avg_session_gap_days,0.28349900245666504,High average session gap of 2.1 days (pushed churn risk UP by +0.28),sessions_recent_14d,-0.23816153407096863,High recent activity with 3 sessions in last 14d (pulled churn risk DOWN by -0.24)
1222,0,0.0002,0,sessions_recent_14d,-4.175960540771484,High recent activity with 10 sessions in last 14d (pulled churn risk DOWN by -4.18),core_feature_usage_count,-0.5887017846107483,"Strong adoption of core features (46 events, pulled churn risk DOWN by -0.59)",total_events_60d,-0.570845901966095,"High overall engagement depth (205 total events, pulled churn risk DOWN by -0.57)"
3683,1,0.6498,1,sessions_recent_14d,1.0817667245864868,Recent 14-day activity dropped to 0 sessions (pushed churn risk UP by +1.08),days_since_last_session,0.4891515374183655,Inactive for 26 consecutive days (pushed churn risk UP by +0.49),support_ticket_count,0.4368526041507721,Filed 1 support tickets in 60d (pushed churn risk UP by +0.44)
2018,0,0.0044,0,sessions_recent_14d,-1.8247065544128418,High recent activity with 6 sessions in last 14d (pulled churn risk DOWN by -1.82),days_since_last_session,-0.612095296382904,Recent session logged 0 days ago (pulled churn risk DOWN by -0.61),total_events_60d,-0.428364098072052,"High overall engagement depth (218 total events, pulled churn risk DOWN by -0.43)"
2860,0,0.0003,0,sessions_recent_14d,-4.312352657318115,High recent activity with 10 sessions in last 14d (pulled churn risk DOWN by -4.31),total_events_60d,-0.6146091222763062,"High overall engagement depth (217 total events, pulled churn risk DOWN by -0.61)",support_ticket_count,-0.3681562542915344,Low support friction with 0 tickets (pulled churn risk DOWN by -0.37)
2634,1,0.0697,0,support_ticket_count,-0.8074944019317627,Low support friction with 0 tickets (pulled churn risk DOWN by -0.81),sessions_recent_14d,0.6824567317962646,Recent 14-day activity dropped to 2 sessions (pushed churn risk UP by +0.68),days_since_last_session,0.1903187781572342,Inactive for 2 consecutive days (pushed churn risk UP by +0.19)
3068,0,0.0002,0,sessions_recent_14d,-4.254936695098877,High recent activity with 14 sessions in last 14d (pulled churn risk DOWN by -4.25),total_events_60d,-0.5932155251502991,"High overall engagement depth (247 total events, pulled churn risk DOWN by -0.59)",days_since_last_session,-0.48635420203208923,Recent session logged 0 days ago (pulled churn risk DOWN by -0.49)
3120,0,0.0011,0,sessions_recent_14d,-4.823197364807129,High recent activity with 13 sessions in last 14d (pulled churn risk DOWN by -4.82),avg_session_duration_minutes,0.3883095979690552,avg_session_duration_minutes = 21.2 (pushed churn risk UP (+) by +0.39),total_events_60d,-0.38452035188674927,"High overall engagement depth (208 total events, pulled churn risk DOWN by -0.38)"
2586,0,0.0004,0,sessions_recent_14d,-4.53109884262085,High recent activity with 11 sessions in last 14d (pulled churn risk DOWN by -4.53),days_since_last_session,-0.5368748903274536,Recent session logged 0 days ago (pulled churn risk DOWN by -0.54),total_events_60d,-0.3653215169906616,"High overall engagement depth (237 total events, pulled churn risk DOWN by -0.37)"
2168,0,0.0002,0,sessions_recent_14d,-4.5401291847229,High recent activity with 17 sessions in last 14d (pulled churn risk DOWN by -4.54),total_events_60d,-0.5736306309700012,"High overall engagement depth (279 total events, pulled churn risk DOWN by -0.57)",days_since_last_session,-0.5159989595413208,Recent session logged 0 days ago (pulled churn risk DOWN by -0.52)
2091,0,0.0003,0,sessions_recent_14d,-5.093601703643799,High recent activity with 13 sessions in last 14d (pulled churn risk DOWN by -5.09),avg_session_gap_days,0.27486658096313477,High average session gap of 1.1 days (pushed churn risk UP by +0.27),core_feature_usage_count,-0.2667129933834076,"Strong adoption of core features (49 events, pulled churn risk DOWN by -0.27)"
2917,0,0.0007,0,sessions_recent_14d,-4.447605133056641,High recent activity with 10 sessions in last 14d (pulled churn risk DOWN by -4.45),support_ticket_count,-0.34656164050102234,Low support friction with 0 tickets (pulled churn risk DOWN by -0.35),total_events_60d,-0.2943757176399231,"High overall engagement depth (220 total events, pulled churn risk DOWN by -0.29)"
2383,0,0.6429,1,sessions_recent_14d,1.0880502462387085,Recent 14-day activity dropped to 0 sessions (pushed churn risk UP by +1.09),days_since_last_session,0.9351069927215576,Inactive for 17 consecutive days (pushed churn risk UP by +0.94),total_events_60d,0.2943617105484009,"Low overall engagement depth (137 total events, pushed churn risk UP by +0.29)"
3977,0,0.0161,0,avg_session_gap_days,-0.8176063895225525,Frequent logins with average gap of 2.8 days (pulled churn risk DOWN by -0.82),support_ticket_count,-0.7324402928352356,Low support friction with 0 tickets (pulled churn risk DOWN by -0.73),session_drop_pct,-0.31237363815307617,"Stable/increasing activity trend (20.0% drop, pulled churn risk DOWN by -0.31)"
2233,0,0.0026,0,sessions_recent_14d,-2.5051872730255127,High recent activity with 7 sessions in last 14d (pulled churn risk DOWN by -2.51),core_feature_usage_count,-0.4193762540817261,"Strong adoption of core features (53 events, pulled churn risk DOWN by -0.42)",support_ticket_count,-0.36205941438674927,Low support friction with 0 tickets (pulled churn risk DOWN by -0.36)
3501,0,0.0007,0,sessions_recent_14d,-4.389144420623779,High recent activity with 10 sessions in last 14d (pulled churn risk DOWN by -4.39),total_events_60d,-0.38686949014663696,"High overall engagement depth (196 total events, pulled churn risk DOWN by -0.39)",support_ticket_count,-0.32245367765426636,Low support friction with 0 tickets (pulled churn risk DOWN by -0.32)
1119,0,0.0008,0,sessions_recent_14d,-4.490984916687012,High recent activity with 12 sessions in last 14d (pulled churn risk DOWN by -4.49),total_events_60d,-0.4270171821117401,"High overall engagement depth (242 total events, pulled churn risk DOWN by -0.43)",avg_session_gap_days,0.40926462411880493,High average session gap of 1.1 days (pushed churn risk UP by +0.41)
2865,0,0.0314,0,sessions_recent_14d,-1.1537587642669678,High recent activity with 6 sessions in last 14d (pulled churn risk DOWN by -1.15),sessions_previous_14d,0.572913408279419,sessions_previous_14d = 3.0 (pushed churn risk UP (+) by +0.57),support_ticket_count,-0.38539832830429077,Low support friction with 0 tickets (pulled churn risk DOWN by -0.39)
2513,0,0.0008,0,sessions_recent_14d,-4.515354156494141,High recent activity with 11 sessions in last 14d (pulled churn risk DOWN by -4.52),days_since_last_session,-0.4369395673274994,Recent session logged 0 days ago (pulled churn risk DOWN by -0.44),avg_session_duration_minutes,0.3472805619239807,avg_session_duration_minutes = 21.31 (pushed churn risk UP (+) by +0.35)
3061,0,0.0408,0,support_ticket_count,-0.4238630533218384,Low support friction with 0 tickets (pulled churn risk DOWN by -0.42),days_since_last_session,-0.3194970190525055,Recent session logged 5 days ago (pulled churn risk DOWN by -0.32),avg_session_gap_days,-0.1190531998872757,Frequent logins with average gap of 1.9 days (pulled churn risk DOWN by -0.12)
3848,0,0.0004,0,sessions_recent_14d,-4.381209850311279,High recent activity with 10 sessions in last 14d (pulled churn risk DOWN by -4.38),days_since_last_session,-0.5282005667686462,Recent session logged 0 days ago (pulled churn risk DOWN by -0.53),total_events_60d,-0.40435609221458435,"High overall engagement depth (210 total events, pulled churn risk DOWN by -0.40)"
1810,0,0.0438,0,support_ticket_count,-0.4582252502441406,Low support friction with 0 tickets (pulled churn risk DOWN by -0.46),days_since_last_session,-0.24430003762245178,Recent session logged 6 days ago (pulled churn risk DOWN by -0.24),total_events_60d,-0.1623380184173584,"High overall engagement depth (128 total events, pulled churn risk DOWN by -0.16)"
3635,0,0.0003,0,sessions_recent_14d,-4.13062047958374,High recent activity with 9 sessions in last 14d (pulled churn risk DOWN by -4.13),total_events_60d,-0.6138959527015686,"High overall engagement depth (217 total events, pulled churn risk DOWN by -0.61)",support_ticket_count,-0.3111938238143921,Low support friction with 0 tickets (pulled churn risk DOWN by -0.31)
2935,0,0.0005,0,sessions_recent_14d,-4.211188793182373,High recent activity with 12 sessions in last 14d (pulled churn risk DOWN by -4.21),days_since_last_session,-0.4987490773200989,Recent session logged 0 days ago (pulled churn risk DOWN by -0.50),support_ticket_count,-0.33898869156837463,Low support friction with 0 tickets (pulled churn risk DOWN by -0.34)
1750,1,0.4525,0,sessions_recent_14d,1.139700174331665,Recent 14-day activity dropped to 2 sessions (pushed churn risk UP by +1.14),unresolved_tickets,0.6731197237968445,Has 1 unresolved support tickets (pushed churn risk UP by +0.67),days_since_last_session,-0.2564758360385895,Recent session logged 5 days ago (pulled churn risk DOWN by -0.26)
1213,0,0.0166,0,avg_session_gap_days,-1.034440279006958,Frequent logins with average gap of 2.7 days (pulled churn risk DOWN by -1.03),support_ticket_count,-0.5676996111869812,Low support friction with 0 tickets (pulled churn risk DOWN by -0.57),session_drop_pct,-0.18077844381332397,"Stable/increasing activity trend (0.0% drop, pulled churn risk DOWN by -0.18)"
2273,0,0.0003,0,sessions_recent_14d,-4.281010150909424,High recent activity with 11 sessions in last 14d (pulled churn risk DOWN by -4.28),core_feature_usage_count,-0.5542725920677185,"Strong adoption of core features (56 events, pulled churn risk DOWN by -0.55)",days_since_last_session,-0.4576302170753479,Recent session logged 0 days ago (pulled churn risk DOWN by -0.46)
3500,0,0.1371,0,support_ticket_count,0.16555260121822357,Filed 1 support tickets in 60d (pushed churn risk UP by +0.17),session_drop_pct,-0.15103724598884583,"Stable/increasing activity trend (40.0% drop, pulled churn risk DOWN by -0.15)",avg_session_duration_minutes,0.11756812781095505,avg_session_duration_minutes = 24.92 (pushed churn risk UP (+) by +0.12)
2600,0,0.0003,0,sessions_recent_14d,-4.412271022796631,High recent activity with 9 sessions in last 14d (pulled churn risk DOWN by -4.41),total_events_60d,-0.5961698293685913,"High overall engagement depth (212 total events, pulled churn risk DOWN by -0.60)",support_ticket_count,-0.34053242206573486,Low support friction with 0 tickets (pulled churn risk DOWN by -0.34)
3029,0,0.0006,0,sessions_recent_14d,-4.686249732971191,High recent activity with 15 sessions in last 14d (pulled churn risk DOWN by -4.69),total_events_60d,-0.39395079016685486,"High overall engagement depth (228 total events, pulled churn risk DOWN by -0.39)",support_ticket_count,-0.33958742022514343,Low support friction with 0 tickets (pulled churn risk DOWN by -0.34)
2288,0,0.2083,0,session_drop_pct,0.5973140597343445,Session volume dropped by 60.0% in final 14d (pushed churn risk UP by +0.60),support_ticket_count,-0.37410885095596313,Low support friction with 0 tickets (pulled churn risk DOWN by -0.37),avg_session_gap_days,0.2718335688114166,High average session gap of 2.3 days (pushed churn risk UP by +0.27)
2562,0,0.0007,0,sessions_recent_14d,-4.193211078643799,High recent activity with 10 sessions in last 14d (pulled churn risk DOWN by -4.19),support_ticket_count,-0.35683736205101013,Low support friction with 0 tickets (pulled churn risk DOWN by -0.36),days_since_last_session,-0.32892486453056335,Recent session logged 0 days ago (pulled churn risk DOWN by -0.33)
2915,0,0.0014,0,sessions_recent_14d,-4.357733249664307,High recent activity with 8 sessions in last 14d (pulled churn risk DOWN by -4.36),support_ticket_count,0.15805427730083466,Filed 1 support tickets in 60d (pushed churn risk UP by +0.16),core_feature_usage_count,-0.15189480781555176,"Strong adoption of core features (39 events, pulled churn risk DOWN by -0.15)"
1404,1,0.645,1,sessions_recent_14d,1.125319242477417,Recent 14-day activity dropped to 0 sessions (pushed churn risk UP by +1.13),days_since_last_session,0.983363926410675,Inactive for 18 consecutive days (pushed churn risk UP by +0.98),core_feature_usage_count,0.3238048255443573,"Low adoption of core features (38 events, pushed churn risk UP by +0.32)"
1054,0,0.0108,0,sessions_recent_14d,-1.5011348724365234,High recent activity with 6 sessions in last 14d (pulled churn risk DOWN by -1.50),days_since_last_session,-0.5817161202430725,Recent session logged 0 days ago (pulled churn risk DOWN by -0.58),support_ticket_count,-0.409308522939682,Low support friction with 0 tickets (pulled churn risk DOWN by -0.41)
1473,0,0.0005,0,sessions_recent_14d,-4.220434665679932,High recent activity with 10 sessions in last 14d (pulled churn risk DOWN by -4.22),days_since_last_session,-0.5242143869400024,Recent session logged 0 days ago (pulled churn risk DOWN by -0.52),support_ticket_count,-0.3164284825325012,Low support friction with 0 tickets (pulled churn risk DOWN by -0.32)
2412,0,0.0042,0,sessions_recent_14d,-2.4346673488616943,High recent activity with 7 sessions in last 14d (pulled churn risk DOWN by -2.43),core_feature_usage_count,-0.4042336344718933,"Strong adoption of core features (36 events, pulled churn risk DOWN by -0.40)",support_ticket_count,-0.39886394143104553,Low support friction with 0 tickets (pulled churn risk DOWN by -0.40)
1806,0,0.0452,0,total_spend_60d,0.6221414804458618,total_spend_60d = 896.0 (pushed churn risk UP (+) by +0.62),days_since_last_session,-0.5170289874076843,Recent session logged 0 days ago (pulled churn risk DOWN by -0.52),support_ticket_count,-0.39425474405288696,Low support friction with 0 tickets (pulled churn risk DOWN by -0.39)
1182,0,0.0483,0,support_ticket_count,-0.4343690872192383,Low support friction with 0 tickets (pulled churn risk DOWN by -0.43),days_since_last_session,-0.215519517660141,Recent session logged 6 days ago (pulled churn risk DOWN by -0.22),session_drop_pct,-0.20452524721622467,"Stable/increasing activity trend (25.0% drop, pulled churn risk DOWN by -0.20)"
3357,0,0.3153,0,sessions_recent_14d,1.0513797998428345,Recent 14-day activity dropped to 2 sessions (pushed churn risk UP by +1.05),support_ticket_count,0.35690000653266907,Filed 1 support tickets in 60d (pushed churn risk UP by +0.36),days_since_last_session,-0.2519513666629791,Recent session logged 6 days ago (pulled churn risk DOWN by -0.25)
1815,0,0.0003,0,sessions_recent_14d,-4.452767848968506,High recent activity with 10 sessions in last 14d (pulled churn risk DOWN by -4.45),days_since_last_session,-0.5446506142616272,Recent session logged 0 days ago (pulled churn risk DOWN by -0.54),total_events_60d,-0.3983879089355469,"High overall engagement depth (243 total events, pulled churn risk DOWN by -0.40)"
1742,0,0.0002,0,sessions_recent_14d,-4.100752830505371,High recent activity with 14 sessions in last 14d (pulled churn risk DOWN by -4.10),total_events_60d,-0.5791040062904358,"High overall engagement depth (228 total events, pulled churn risk DOWN by -0.58)",days_since_last_session,-0.48013269901275635,Recent session logged 0 days ago (pulled churn risk DOWN by -0.48)
1833,1,0.3687,0,sessions_recent_14d,1.1261731386184692,Recent 14-day activity dropped to 0 sessions (pushed churn risk UP by +1.13),days_since_last_session,0.48208048939704895,Inactive for 15 consecutive days (pushed churn risk UP by +0.48),total_events_60d,-0.3955554962158203,"High overall engagement depth (171 total events, pulled churn risk DOWN by -0.40)"
2916,0,0.0116,0,sessions_recent_14d,-3.359588861465454,High recent activity with 8 sessions in last 14d (pulled churn risk DOWN by -3.36),sessions_previous_14d,0.8747639656066895,sessions_previous_14d = 1.0 (pushed churn risk UP (+) by +0.87),days_since_last_session,-0.40992602705955505,Recent session logged 0 days ago (pulled churn risk DOWN by -0.41)
3921,0,0.0001,0,sessions_recent_14d,-4.130190372467041,High recent activity with 13 sessions in last 14d (pulled churn risk DOWN by -4.13),total_events_60d,-0.5673274993896484,"High overall engagement depth (232 total events, pulled churn risk DOWN by -0.57)",avg_session_duration_minutes,-0.5574816465377808,avg_session_duration_minutes = 27.76 (pushed churn risk DOWN (-) by -0.56)
3769,1,0.0591,0,core_feature_usage_count,-0.6349804401397705,"Strong adoption of core features (35 events, pulled churn risk DOWN by -0.63)",sessions_recent_14d,-0.5979087352752686,High recent activity with 3 sessions in last 14d (pulled churn risk DOWN by -0.60),days_since_last_session,-0.3471774458885193,Recent session logged 9 days ago (pulled churn risk DOWN by -0.35)
1725,0,0.1505,0,total_spend_60d,0.8766487240791321,total_spend_60d = 697.0 (pushed churn risk UP (+) by +0.88),sessions_recent_14d,-0.7184883952140808,High recent activity with 6 sessions in last 14d (pulled churn risk DOWN by -0.72),sessions_previous_14d,0.49415674805641174,sessions_previous_14d = 3.0 (pushed churn risk UP (+) by +0.49)
3495,0,0.028,0,days_since_last_session,-0.7038471102714539,Recent session logged 0 days ago (pulled churn risk DOWN by -0.70),support_ticket_count,-0.4848787486553192,Low support friction with 0 tickets (pulled churn risk DOWN by -0.48),core_feature_usage_count,0.31759628653526306,"Low adoption of core features (22 events, pushed churn risk UP by +0.32)"
3835,0,0.0556,0,avg_session_gap_days,0.4365213215351105,High average session gap of 2.5 days (pushed churn risk UP by +0.44),days_since_last_session,-0.413961261510849,Recent session logged 0 days ago (pulled churn risk DOWN by -0.41),support_ticket_count,-0.3760327398777008,Low support friction with 0 tickets (pulled churn risk DOWN by -0.38)
3558,0,0.0733,0,support_ticket_count,-1.0950160026550293,Low support friction with 0 tickets (pulled churn risk DOWN by -1.10),sessions_recent_14d,0.6326630115509033,Recent 14-day activity dropped to 0 sessions (pushed churn risk UP by +0.63),days_since_last_session,0.5759764909744263,Inactive for 16 consecutive days (pushed churn risk UP by +0.58)
3490,0,0.0002,0,sessions_recent_14d,-4.226876735687256,High recent activity with 12 sessions in last 14d (pulled churn risk DOWN by -4.23),core_feature_usage_count,-0.5052199959754944,"Strong adoption of core features (52 events, pulled churn risk DOWN by -0.51)",days_since_last_session,-0.4883993864059448,Recent session logged 0 days ago (pulled churn risk DOWN by -0.49)
2480,0,0.0685,0,sessions_recent_14d,-0.7214263677597046,High recent activity with 5 sessions in last 14d (pulled churn risk DOWN by -0.72),core_feature_usage_count,0.2007383108139038,"Low adoption of core features (21 events, pushed churn risk UP by +0.20)",total_spend_60d,-0.18374252319335938,total_spend_60d = 58.0 (pushed churn risk DOWN (-) by -0.18)
3336,0,0.6084,1,sessions_recent_14d,1.1640897989273071,Recent 14-day activity dropped to 0 sessions (pushed churn risk UP by +1.16),days_since_last_session,0.5306907296180725,Inactive for 30 consecutive days (pushed churn risk UP by +0.53),avg_session_gap_days,0.3545696437358856,High average session gap of 1.3 days (pushed churn risk UP by +0.35)
2000,0,0.0011,0,sessions_recent_14d,-3.898582696914673,High recent activity with 18 sessions in last 14d (pulled churn risk DOWN by -3.90),days_since_last_session,-0.4078395366668701,Recent session logged 0 days ago (pulled churn risk DOWN by -0.41),support_ticket_count,-0.34725165367126465,Low support friction with 0 tickets (pulled churn risk DOWN by -0.35)
2219,0,0.0003,0,sessions_recent_14d,-4.35684871673584,High recent activity with 14 sessions in last 14d (pulled churn risk DOWN by -4.36),total_events_60d,-0.5499681830406189,"High overall engagement depth (217 total events, pulled churn risk DOWN by -0.55)",days_since_last_session,-0.5096364617347717,Recent session logged 0 days ago (pulled churn risk DOWN by -0.51)
3588,0,0.0599,0,support_ticket_count,-0.39399802684783936,Low support friction with 0 tickets (pulled churn risk DOWN by -0.39),sessions_recent_14d,-0.32664796710014343,High recent activity with 5 sessions in last 14d (pulled churn risk DOWN by -0.33),session_drop_pct,0.31958624720573425,Session volume dropped by 58.3% in final 14d (pushed churn risk UP by +0.32)
1734,0,0.0009,0,sessions_recent_14d,-4.35123872756958,High recent activity with 10 sessions in last 14d (pulled churn risk DOWN by -4.35),total_spend_60d,0.6829977631568909,total_spend_60d = 697.0 (pushed churn risk UP (+) by +0.68),total_events_60d,-0.5517781376838684,"High overall engagement depth (219 total events, pulled churn risk DOWN by -0.55)"
3109,0,0.0002,0,sessions_recent_14d,-4.247639179229736,High recent activity with 10 sessions in last 14d (pulled churn risk DOWN by -4.25),total_events_60d,-0.5835474729537964,"High overall engagement depth (260 total events, pulled churn risk DOWN by -0.58)",days_since_last_session,-0.5089511871337891,Recent session logged 0 days ago (pulled churn risk DOWN by -0.51)
3976,0,0.0004,0,sessions_recent_14d,-4.376376152038574,High recent activity with 9 sessions in last 14d (pulled churn risk DOWN by -4.38),total_events_60d,-0.42672088742256165,"High overall engagement depth (183 total events, pulled churn risk DOWN by -0.43)",support_ticket_count,-0.3926565647125244,Low support friction with 0 tickets (pulled churn risk DOWN by -0.39)
3497,0,0.0222,0,support_ticket_count,-0.41764894127845764,Low support friction with 0 tickets (pulled churn risk DOWN by -0.42),sessions_recent_14d,-0.2215973436832428,High recent activity with 4 sessions in last 14d (pulled churn risk DOWN by -0.22),session_drop_pct,-0.20918989181518555,"Stable/increasing activity trend (-100.0% drop, pulled churn risk DOWN by -0.21)"
1277,0,0.1754,0,support_ticket_count,-0.5021122097969055,Low support friction with 0 tickets (pulled churn risk DOWN by -0.50),core_feature_usage_count,0.3237130045890808,"Low adoption of core features (20 events, pushed churn risk UP by +0.32)",avg_session_gap_days,0.29583463072776794,High average session gap of 2.0 days (pushed churn risk UP by +0.30)
2482,1,0.4532,0,sessions_recent_14d,1.0640016794204712,Recent 14-day activity dropped to 2 sessions (pushed churn risk UP by +1.06),support_ticket_count,0.3691715896129608,Filed 1 support tickets in 60d (pushed churn risk UP by +0.37),unresolved_tickets,0.3197256028652191,Has 1 unresolved support tickets (pushed churn risk UP by +0.32)
2419,0,0.0002,0,sessions_recent_14d,-4.168850898742676,High recent activity with 11 sessions in last 14d (pulled churn risk DOWN by -4.17),core_feature_usage_count,-0.6352131366729736,"Strong adoption of core features (46 events, pulled churn risk DOWN by -0.64)",days_since_last_session,-0.4841696321964264,Recent session logged 0 days ago (pulled churn risk DOWN by -0.48)
2310,0,0.0005,0,sessions_recent_14d,-4.387965679168701,High recent activity with 8 sessions in last 14d (pulled churn risk DOWN by -4.39),core_feature_usage_count,-0.5147145390510559,"Strong adoption of core features (46 events, pulled churn risk DOWN by -0.51)",support_ticket_count,-0.3953884541988373,Low support friction with 0 tickets (pulled churn risk DOWN by -0.40)
3450,0,0.3069,0,sessions_recent_14d,1.1356275081634521,Recent 14-day activity dropped to 2 sessions (pushed churn risk UP by +1.14),support_ticket_count,0.4810052514076233,Filed 1 support tickets in 60d (pushed churn risk UP by +0.48),days_since_last_session,-0.4506581723690033,Recent session logged 6 days ago (pulled churn risk DOWN by -0.45)
2543,0,0.0397,0,sessions_recent_14d,-1.147998332977295,High recent activity with 6 sessions in last 14d (pulled churn risk DOWN by -1.15),sessions_previous_14d,0.5426104664802551,sessions_previous_14d = 3.0 (pushed churn risk UP (+) by +0.54),support_ticket_count,-0.417631059885025,Low support friction with 0 tickets (pulled churn risk DOWN by -0.42)
2930,0,0.4941,0,sessions_recent_14d,1.1739380359649658,Recent 14-day activity dropped to 0 sessions (pushed churn risk UP by +1.17),days_since_last_session,0.5614922046661377,Inactive for 21 consecutive days (pushed churn risk UP by +0.56),support_ticket_count,0.2542525827884674,Filed 1 support tickets in 60d (pushed churn risk UP by +0.25)
3954,1,0.111,0,avg_session_gap_days,0.40533164143562317,High average session gap of 2.1 days (pushed churn risk UP by +0.41),core_feature_usage_count,0.3794289529323578,"Low adoption of core features (21 events, pushed churn risk UP by +0.38)",support_ticket_count,-0.3738027513027191,Low support friction with 0 tickets (pulled churn risk DOWN by -0.37)
1434,0,0.0004,0,sessions_recent_14d,-4.38170862197876,High recent activity with 12 sessions in last 14d (pulled churn risk DOWN by -4.38),core_feature_usage_count,-0.41632595658302307,"Strong adoption of core features (59 events, pulled churn risk DOWN by -0.42)",support_ticket_count,-0.3181995153427124,Low support friction with 0 tickets (pulled churn risk DOWN by -0.32)
1851,0,0.0003,0,sessions_recent_14d,-4.080256462097168,High recent activity with 14 sessions in last 14d (pulled churn risk DOWN by -4.08),total_events_60d,-0.603591799736023,"High overall engagement depth (232 total events, pulled churn risk DOWN by -0.60)",days_since_last_session,-0.4970599412918091,Recent session logged 0 days ago (pulled churn risk DOWN by -0.50)
